0 verbose cli C:\Program Files\nodejs\node.exe C:\Users\mehak_an9t1b4\AppData\Roaming\npm\node_modules\npm\bin\npm-cli.js
1 info using npm@10.9.0
2 info using node@v22.17.0
3 silly config load:file:C:\Users\mehak_an9t1b4\AppData\Roaming\npm\node_modules\npm\npmrc
4 silly config load:file:C:\Users\mehak_an9t1b4\OneDrive\Desktop\NT\frontend\.npmrc
5 silly config load:file:C:\Users\mehak_an9t1b4\.npmrc
6 silly config load:file:C:\Users\mehak_an9t1b4\AppData\Roaming\npm\etc\npmrc
7 verbose title npm install
8 verbose argv "install" "--cache" ".\\.npm-cache" "--prefer-online"
9 verbose logfile logs-max:10 dir:C:\Users\mehak_an9t1b4\OneDrive\Desktop\NT\frontend\.npm-cache\_logs\2026-04-23T07_16_49_578Z-
10 verbose logfile C:\Users\mehak_an9t1b4\OneDrive\Desktop\NT\frontend\.npm-cache\_logs\2026-04-23T07_16_49_578Z-debug-0.log
11 silly logfile done cleaning log files
12 silly packumentCache heap:2197815296 maxSize:549453824 maxEntrySize:274726912
13 silly idealTree buildDeps
14 silly fetch manifest @angular/animations@^18.2.13
15 silly packumentCache full:https://registry.npmjs.org/@angular%2fanimations cache-miss
16 http fetch GET 200 https://registry.npmjs.org/npm 2382ms
17 http fetch GET 200 https://registry.npmjs.org/@angular%2fanimations 1109ms (cache miss)
18 silly packumentCache full:https://registry.npmjs.org/@angular%2fanimations set size:undefined disposed:false
19 silly fetch manifest @angular/core@^18.2.13
20 silly packumentCache full:https://registry.npmjs.org/@angular%2fcore cache-miss
21 http fetch GET 200 https://registry.npmjs.org/@angular%2fcore 757ms (cache miss)
22 silly packumentCache full:https://registry.npmjs.org/@angular%2fcore set size:undefined disposed:false
23 silly fetch manifest rxjs@~7.8.1
24 silly packumentCache full:https://registry.npmjs.org/rxjs cache-miss
25 http fetch GET 200 https://registry.npmjs.org/rxjs 280ms (cache miss)
26 silly packumentCache full:https://registry.npmjs.org/rxjs set size:undefined disposed:false
27 silly fetch manifest zone.js@~0.14.10
28 silly packumentCache full:https://registry.npmjs.org/zone.js cache-miss
29 http fetch GET 200 https://registry.npmjs.org/zone.js 107ms (cache miss)
30 silly packumentCache full:https://registry.npmjs.org/zone.js set size:undefined disposed:false
31 silly fetch manifest @angular/common@^18.2.13
32 silly packumentCache full:https://registry.npmjs.org/@angular%2fcommon cache-miss
33 http fetch GET 200 https://registry.npmjs.org/@angular%2fcommon 254ms (cache miss)
34 silly packumentCache full:https://registry.npmjs.org/@angular%2fcommon set size:undefined disposed:false
35 silly fetch manifest @angular/compiler@^18.2.13
36 silly packumentCache full:https://registry.npmjs.org/@angular%2fcompiler cache-miss
37 http fetch GET 200 https://registry.npmjs.org/@angular%2fcompiler 407ms (cache miss)
38 silly packumentCache full:https://registry.npmjs.org/@angular%2fcompiler set size:undefined disposed:false
39 silly fetch manifest @angular/forms@^18.2.13
40 silly packumentCache full:https://registry.npmjs.org/@angular%2fforms cache-miss
41 http fetch GET 200 https://registry.npmjs.org/@angular%2fforms 1498ms (cache miss)
42 silly packumentCache full:https://registry.npmjs.org/@angular%2fforms set size:undefined disposed:false
43 silly fetch manifest @angular/platform-browser@^18.2.13
44 silly packumentCache full:https://registry.npmjs.org/@angular%2fplatform-browser cache-miss
45 http fetch GET 200 https://registry.npmjs.org/@angular%2fplatform-browser 1027ms (cache miss)
46 silly packumentCache full:https://registry.npmjs.org/@angular%2fplatform-browser set size:undefined disposed:false
47 silly fetch manifest @angular/platform-browser-dynamic@^18.2.13
48 silly packumentCache full:https://registry.npmjs.org/@angular%2fplatform-browser-dynamic cache-miss
49 http fetch GET 200 https://registry.npmjs.org/@angular%2fplatform-browser-dynamic 817ms (cache miss)
50 silly packumentCache full:https://registry.npmjs.org/@angular%2fplatform-browser-dynamic set size:undefined disposed:false
51 silly fetch manifest @angular/router@^18.2.13
52 silly packumentCache full:https://registry.npmjs.org/@angular%2frouter cache-miss
53 http fetch GET 200 https://registry.npmjs.org/@angular%2frouter 349ms (cache miss)
54 silly packumentCache full:https://registry.npmjs.org/@angular%2frouter set size:undefined disposed:false
55 silly fetch manifest @stomp/stompjs@^7.0.0
56 silly packumentCache full:https://registry.npmjs.org/@stomp%2fstompjs cache-miss
57 http fetch GET 200 https://registry.npmjs.org/@stomp%2fstompjs 619ms (cache miss)
58 silly packumentCache full:https://registry.npmjs.org/@stomp%2fstompjs set size:undefined disposed:false
59 silly fetch manifest sockjs-client@^1.6.1
60 silly packumentCache full:https://registry.npmjs.org/sockjs-client cache-miss
61 http fetch GET 200 https://registry.npmjs.org/sockjs-client 237ms (cache miss)
62 silly packumentCache full:https://registry.npmjs.org/sockjs-client set size:undefined disposed:false
63 silly fetch manifest tslib@^2.6.3
64 silly packumentCache full:https://registry.npmjs.org/tslib cache-miss
65 http fetch GET 200 https://registry.npmjs.org/tslib 165ms (cache miss)
66 silly packumentCache full:https://registry.npmjs.org/tslib set size:undefined disposed:false
67 silly fetch manifest @angular-devkit/build-angular@^18.2.13
68 silly packumentCache full:https://registry.npmjs.org/@angular-devkit%2fbuild-angular cache-miss
69 http fetch GET 200 https://registry.npmjs.org/@angular-devkit%2fbuild-angular 277ms (cache miss)
70 silly packumentCache full:https://registry.npmjs.org/@angular-devkit%2fbuild-angular set size:undefined disposed:false
71 silly fetch manifest @angular/compiler-cli@^18.2.13
72 silly packumentCache full:https://registry.npmjs.org/@angular%2fcompiler-cli cache-miss
73 http fetch GET 200 https://registry.npmjs.org/@angular%2fcompiler-cli 213ms (cache miss)
74 silly packumentCache full:https://registry.npmjs.org/@angular%2fcompiler-cli set size:undefined disposed:false
75 silly fetch manifest typescript@~5.5.4
76 silly packumentCache full:https://registry.npmjs.org/typescript cache-miss
77 http fetch GET 200 https://registry.npmjs.org/typescript 1574ms (cache miss)
78 silly packumentCache full:https://registry.npmjs.org/typescript set size:undefined disposed:false
79 silly fetch manifest @angular/localize@^18.0.0
80 silly packumentCache full:https://registry.npmjs.org/@angular%2flocalize cache-miss
81 http fetch GET 200 https://registry.npmjs.org/@angular%2flocalize 211ms (cache miss)
82 silly packumentCache full:https://registry.npmjs.org/@angular%2flocalize set size:undefined disposed:false
83 silly fetch manifest @angular/platform-server@^18.0.0
84 silly packumentCache full:https://registry.npmjs.org/@angular%2fplatform-server cache-miss
85 http fetch GET 200 https://registry.npmjs.org/@angular%2fplatform-server 277ms (cache miss)
86 silly packumentCache full:https://registry.npmjs.org/@angular%2fplatform-server set size:undefined disposed:false
87 silly fetch manifest @angular/service-worker@^18.0.0
88 silly packumentCache full:https://registry.npmjs.org/@angular%2fservice-worker cache-miss
89 http fetch GET 200 https://registry.npmjs.org/@angular%2fservice-worker 246ms (cache miss)
90 silly packumentCache full:https://registry.npmjs.org/@angular%2fservice-worker set size:undefined disposed:false
91 silly fetch manifest @web/test-runner@^0.18.0
92 silly packumentCache full:https://registry.npmjs.org/@web%2ftest-runner cache-miss
93 http fetch GET 200 https://registry.npmjs.org/@web%2ftest-runner 447ms (cache miss)
94 silly packumentCache full:https://registry.npmjs.org/@web%2ftest-runner set size:undefined disposed:false
95 silly fetch manifest browser-sync@^3.0.2
96 silly packumentCache full:https://registry.npmjs.org/browser-sync cache-miss
97 http fetch GET 200 https://registry.npmjs.org/browser-sync 105ms (cache miss)
98 silly packumentCache full:https://registry.npmjs.org/browser-sync set size:undefined disposed:false
99 silly fetch manifest jest@^29.5.0
100 silly packumentCache full:https://registry.npmjs.org/jest cache-miss
101 http fetch GET 200 https://registry.npmjs.org/jest 117ms (cache miss)
102 silly packumentCache full:https://registry.npmjs.org/jest set size:undefined disposed:false
103 silly fetch manifest node-notifier@^8.0.1 || ^9.0.0 || ^10.0.0
104 silly packumentCache full:https://registry.npmjs.org/node-notifier cache-miss
105 http fetch GET 200 https://registry.npmjs.org/node-notifier 72ms (cache miss)
106 silly packumentCache full:https://registry.npmjs.org/node-notifier set size:undefined disposed:false
107 silly fetch manifest jest-environment-jsdom@^29.5.0
108 silly packumentCache full:https://registry.npmjs.org/jest-environment-jsdom cache-miss
109 http fetch GET 200 https://registry.npmjs.org/jest-environment-jsdom 111ms (cache miss)
110 silly packumentCache full:https://registry.npmjs.org/jest-environment-jsdom set size:undefined disposed:false
111 silly fetch manifest canvas@^2.5.0
112 silly packumentCache full:https://registry.npmjs.org/canvas cache-miss
113 http fetch GET 200 https://registry.npmjs.org/canvas 149ms (cache miss)
114 silly packumentCache full:https://registry.npmjs.org/canvas set size:undefined disposed:false
115 silly fetch manifest karma@^6.3.0
116 silly packumentCache full:https://registry.npmjs.org/karma cache-miss
117 http fetch GET 200 https://registry.npmjs.org/karma 374ms (cache miss)
118 silly packumentCache full:https://registry.npmjs.org/karma set size:undefined disposed:false
119 silly fetch manifest ng-packagr@^18.0.0
120 silly packumentCache full:https://registry.npmjs.org/ng-packagr cache-miss
121 http fetch GET 200 https://registry.npmjs.org/ng-packagr 112ms (cache miss)
122 silly packumentCache full:https://registry.npmjs.org/ng-packagr set size:undefined disposed:false
123 silly fetch manifest tailwindcss@^2.0.0 || ^3.0.0
124 silly packumentCache full:https://registry.npmjs.org/tailwindcss cache-miss
125 http fetch GET 200 https://registry.npmjs.org/tailwindcss 1475ms (cache miss)
126 silly packumentCache full:https://registry.npmjs.org/tailwindcss set size:undefined disposed:false
127 silly fetch manifest protractor@^7.0.0
128 silly packumentCache full:https://registry.npmjs.org/protractor cache-miss
129 http fetch GET 200 https://registry.npmjs.org/protractor 154ms (cache miss)
130 silly packumentCache full:https://registry.npmjs.org/protractor set size:undefined disposed:false
131 silly fetch manifest @angular/cli@^18.2.13
132 silly packumentCache full:https://registry.npmjs.org/@angular%2fcli cache-miss
133 http fetch GET 200 https://registry.npmjs.org/@angular%2fcli 401ms (cache miss)
134 silly packumentCache full:https://registry.npmjs.org/@angular%2fcli set size:undefined disposed:false
135 silly fetch manifest @types/node@^22.10.1
136 silly packumentCache full:https://registry.npmjs.org/@types%2fnode cache-miss
137 http fetch GET 200 https://registry.npmjs.org/@types%2fnode 896ms (cache miss)
138 silly packumentCache full:https://registry.npmjs.org/@types%2fnode set size:undefined disposed:false
139 silly fetch manifest @types/sockjs-client@^1.5.4
140 silly packumentCache full:https://registry.npmjs.org/@types%2fsockjs-client cache-miss
141 http fetch GET 200 https://registry.npmjs.org/@types%2fsockjs-client 563ms (cache miss)
142 silly packumentCache full:https://registry.npmjs.org/@types%2fsockjs-client set size:undefined disposed:false
143 silly placeDep ROOT @angular-devkit/build-angular@18.2.21 OK for: nextalk-frontend@0.1.0 want: ^18.2.13
144 silly placeDep ROOT typescript@5.5.4 OK for: @angular-devkit/build-angular@18.2.21 want: >=5.4 <5.6
145 silly placeDep ROOT @angular/compiler-cli@18.2.14 OK for: @angular-devkit/build-angular@18.2.21 want: ^18.0.0
146 silly placeDep ROOT @angular/compiler@18.2.14 OK for: @angular/compiler-cli@18.2.14 want: 18.2.14
147 silly placeDep ROOT @angular/animations@18.2.14 OK for: nextalk-frontend@0.1.0 want: ^18.2.13
148 silly placeDep ROOT @angular/core@18.2.14 OK for: @angular/animations@18.2.14 want: 18.2.14
149 silly placeDep ROOT rxjs@7.8.2 OK for: @angular/core@18.2.14 want: ^6.5.3 || ^7.4.0
150 silly placeDep ROOT zone.js@0.14.10 OK for: @angular/core@18.2.14 want: ~0.14.10
151 silly placeDep ROOT @angular/cli@18.2.21 OK for: nextalk-frontend@0.1.0 want: ^18.2.13
152 silly placeDep ROOT @angular/common@18.2.14 OK for: nextalk-frontend@0.1.0 want: ^18.2.13
153 silly placeDep ROOT @angular/forms@18.2.14 OK for: nextalk-frontend@0.1.0 want: ^18.2.13
154 silly placeDep ROOT @angular/platform-browser@18.2.14 OK for: @angular/forms@18.2.14 want: 18.2.14
155 silly placeDep ROOT @angular/platform-browser-dynamic@18.2.14 OK for: nextalk-frontend@0.1.0 want: ^18.2.13
156 silly placeDep ROOT @angular/router@18.2.14 OK for: nextalk-frontend@0.1.0 want: ^18.2.13
157 silly placeDep ROOT @stomp/stompjs@7.3.0 OK for: nextalk-frontend@0.1.0 want: ^7.0.0
158 silly placeDep ROOT @types/node@22.19.17 OK for: nextalk-frontend@0.1.0 want: ^22.10.1
159 silly placeDep ROOT @types/sockjs-client@1.5.4 OK for: nextalk-frontend@0.1.0 want: ^1.5.4
160 silly placeDep ROOT sockjs-client@1.6.1 OK for: nextalk-frontend@0.1.0 want: ^1.6.1
161 silly placeDep ROOT tslib@2.8.1 OK for: nextalk-frontend@0.1.0 want: ^2.6.3
162 silly fetch manifest ora@5.4.1
163 silly packumentCache full:https://registry.npmjs.org/ora cache-miss
164 silly fetch manifest less@4.2.0
165 silly packumentCache full:https://registry.npmjs.org/less cache-miss
166 silly fetch manifest open@10.1.0
167 silly packumentCache full:https://registry.npmjs.org/open cache-miss
168 http fetch GET 200 https://registry.npmjs.org/ora 152ms (cache miss)
169 silly packumentCache full:https://registry.npmjs.org/ora set size:undefined disposed:false
170 silly fetch manifest rxjs@7.8.1
171 silly packumentCache full:https://registry.npmjs.org/rxjs cache-miss
172 http fetch GET 200 https://registry.npmjs.org/less 324ms (cache miss)
173 silly packumentCache full:https://registry.npmjs.org/less set size:undefined disposed:false
174 silly fetch manifest sass@1.77.6
175 silly packumentCache full:https://registry.npmjs.org/sass cache-miss
176 http fetch GET 200 https://registry.npmjs.org/open 438ms (cache miss)
177 silly packumentCache full:https://registry.npmjs.org/open set size:undefined disposed:false
178 silly fetch manifest tslib@2.6.3
179 silly packumentCache full:https://registry.npmjs.org/tslib cache-miss
180 http fetch GET 200 https://registry.npmjs.org/rxjs 402ms (cache revalidated)
181 silly packumentCache full:https://registry.npmjs.org/rxjs set size:980097 disposed:false
182 silly fetch manifest mrmime@2.0.0
183 silly packumentCache full:https://registry.npmjs.org/mrmime cache-miss
184 http fetch GET 200 https://registry.npmjs.org/tslib 370ms (cache revalidated)
185 silly packumentCache full:https://registry.npmjs.org/tslib set size:108760 disposed:false
186 silly fetch manifest semver@7.6.3
187 silly packumentCache full:https://registry.npmjs.org/semver cache-miss
188 http fetch GET 200 https://registry.npmjs.org/mrmime 200ms (cache miss)
189 silly packumentCache full:https://registry.npmjs.org/mrmime set size:undefined disposed:false
190 silly fetch manifest terser@5.31.6
191 silly packumentCache full:https://registry.npmjs.org/terser cache-miss
192 http fetch GET 200 https://registry.npmjs.org/sass 506ms (cache miss)
193 silly packumentCache full:https://registry.npmjs.org/sass set size:undefined disposed:false
194 silly fetch manifest piscina@4.6.1
195 silly packumentCache full:https://registry.npmjs.org/piscina cache-miss
196 http fetch GET 200 https://registry.npmjs.org/semver 157ms (cache miss)
197 silly packumentCache full:https://registry.npmjs.org/semver set size:undefined disposed:false
198 silly fetch manifest postcss@8.4.41
199 silly packumentCache full:https://registry.npmjs.org/postcss cache-miss
200 http fetch GET 200 https://registry.npmjs.org/piscina 222ms (cache miss)
201 silly packumentCache full:https://registry.npmjs.org/piscina set size:undefined disposed:false
202 silly fetch manifest webpack@5.94.0
203 silly packumentCache full:https://registry.npmjs.org/webpack cache-miss
204 http fetch GET 200 https://registry.npmjs.org/terser 324ms (cache miss)
205 silly packumentCache full:https://registry.npmjs.org/terser set size:undefined disposed:false
206 silly fetch manifest critters@0.0.24
207 silly packumentCache full:https://registry.npmjs.org/critters cache-miss
208 http fetch GET 200 https://registry.npmjs.org/postcss 322ms (cache miss)
209 silly packumentCache full:https://registry.npmjs.org/postcss set size:undefined disposed:false
210 silly fetch manifest fast-glob@3.3.2
211 silly packumentCache full:https://registry.npmjs.org/fast-glob cache-miss
212 http fetch GET 200 https://registry.npmjs.org/critters 169ms (cache miss)
213 silly packumentCache full:https://registry.npmjs.org/critters set size:undefined disposed:false
214 silly fetch manifest picomatch@4.0.2
215 silly packumentCache full:https://registry.npmjs.org/picomatch cache-miss
216 http fetch GET 200 https://registry.npmjs.org/fast-glob 175ms (cache miss)
217 silly packumentCache full:https://registry.npmjs.org/fast-glob set size:undefined disposed:false
218 silly fetch manifest tree-kill@1.2.2
219 silly packumentCache full:https://registry.npmjs.org/tree-kill cache-miss
220 http fetch GET 200 https://registry.npmjs.org/picomatch 190ms (cache miss)
221 silly packumentCache full:https://registry.npmjs.org/picomatch set size:undefined disposed:false
222 silly fetch manifest watchpack@2.4.1
223 silly packumentCache full:https://registry.npmjs.org/watchpack cache-miss
224 http fetch GET 200 https://registry.npmjs.org/tree-kill 103ms (cache miss)
225 silly packumentCache full:https://registry.npmjs.org/tree-kill set size:undefined disposed:false
226 silly fetch manifest css-loader@7.1.2
227 silly packumentCache full:https://registry.npmjs.org/css-loader cache-miss
228 http fetch GET 200 https://registry.npmjs.org/watchpack 112ms (cache miss)
229 silly packumentCache full:https://registry.npmjs.org/watchpack set size:undefined disposed:false
230 silly fetch manifest @babel/core@7.26.10
231 silly packumentCache full:https://registry.npmjs.org/@babel%2fcore cache-miss
232 http fetch GET 200 https://registry.npmjs.org/css-loader 169ms (cache miss)
233 silly packumentCache full:https://registry.npmjs.org/css-loader set size:undefined disposed:false
234 silly fetch manifest ansi-colors@4.1.3
235 silly packumentCache full:https://registry.npmjs.org/ansi-colors cache-miss
236 http fetch GET 200 https://registry.npmjs.org/@babel%2fcore 210ms (cache miss)
237 silly packumentCache full:https://registry.npmjs.org/@babel%2fcore set size:undefined disposed:false
238 silly fetch manifest less-loader@12.2.0
239 silly packumentCache full:https://registry.npmjs.org/less-loader cache-miss
240 http fetch GET 200 https://registry.npmjs.org/ansi-colors 133ms (cache miss)
241 silly packumentCache full:https://registry.npmjs.org/ansi-colors set size:undefined disposed:false
242 silly fetch manifest sass-loader@16.0.0
243 silly packumentCache full:https://registry.npmjs.org/sass-loader cache-miss
244 http fetch GET 200 https://registry.npmjs.org/webpack 982ms (cache miss)
245 silly packumentCache full:https://registry.npmjs.org/webpack set size:undefined disposed:false
246 silly fetch manifest autoprefixer@10.4.20
247 silly packumentCache full:https://registry.npmjs.org/autoprefixer cache-miss
248 http fetch GET 200 https://registry.npmjs.org/less-loader 391ms (cache miss)
249 silly packumentCache full:https://registry.npmjs.org/less-loader set size:undefined disposed:false
250 silly fetch manifest babel-loader@9.1.3
251 silly packumentCache full:https://registry.npmjs.org/babel-loader cache-miss
252 http fetch GET 200 https://registry.npmjs.org/sass-loader 390ms (cache miss)
253 silly packumentCache full:https://registry.npmjs.org/sass-loader set size:undefined disposed:false
254 silly fetch manifest browserslist@^4.21.5
255 silly packumentCache full:https://registry.npmjs.org/browserslist cache-miss
256 http fetch GET 200 https://registry.npmjs.org/babel-loader 113ms (cache miss)
257 silly packumentCache full:https://registry.npmjs.org/babel-loader set size:undefined disposed:false
258 silly fetch manifest esbuild-wasm@0.23.0
259 silly packumentCache full:https://registry.npmjs.org/esbuild-wasm cache-miss
260 http fetch GET 200 https://registry.npmjs.org/autoprefixer 282ms (cache miss)
261 silly packumentCache full:https://registry.npmjs.org/autoprefixer set size:undefined disposed:false
262 silly fetch manifest jsonc-parser@3.3.1
263 silly packumentCache full:https://registry.npmjs.org/jsonc-parser cache-miss
264 http fetch GET 200 https://registry.npmjs.org/browserslist 323ms (cache miss)
265 silly packumentCache full:https://registry.npmjs.org/browserslist set size:undefined disposed:false
266 silly fetch manifest loader-utils@3.3.1
267 silly packumentCache full:https://registry.npmjs.org/loader-utils cache-miss
268 http fetch GET 200 https://registry.npmjs.org/jsonc-parser 143ms (cache miss)
269 silly packumentCache full:https://registry.npmjs.org/jsonc-parser set size:undefined disposed:false
270 silly fetch manifest magic-string@0.30.11
271 silly packumentCache full:https://registry.npmjs.org/magic-string cache-miss
272 http fetch GET 200 https://registry.npmjs.org/loader-utils 139ms (cache miss)
273 silly packumentCache full:https://registry.npmjs.org/loader-utils set size:undefined disposed:false
274 silly fetch manifest webpack-merge@6.0.1
275 silly packumentCache full:https://registry.npmjs.org/webpack-merge cache-miss
276 http fetch GET 200 https://registry.npmjs.org/esbuild-wasm 435ms (cache miss)
277 silly packumentCache full:https://registry.npmjs.org/esbuild-wasm set size:undefined disposed:false
278 silly fetch manifest @angular/build@18.2.21
279 silly packumentCache full:https://registry.npmjs.org/@angular%2fbuild cache-miss
280 http fetch GET 200 https://registry.npmjs.org/magic-string 148ms (cache miss)
281 silly packumentCache full:https://registry.npmjs.org/magic-string set size:undefined disposed:false
282 silly fetch manifest @babel/runtime@7.26.10
283 silly packumentCache full:https://registry.npmjs.org/@babel%2fruntime cache-miss
284 http fetch GET 200 https://registry.npmjs.org/webpack-merge 122ms (cache miss)
285 silly packumentCache full:https://registry.npmjs.org/webpack-merge set size:undefined disposed:false
286 silly fetch manifest postcss-loader@8.1.1
287 silly packumentCache full:https://registry.npmjs.org/postcss-loader cache-miss
288 http fetch GET 200 https://registry.npmjs.org/@angular%2fbuild 194ms (cache miss)
289 silly packumentCache full:https://registry.npmjs.org/@angular%2fbuild set size:undefined disposed:false
290 silly fetch manifest @babel/generator@7.26.10
291 silly packumentCache full:https://registry.npmjs.org/@babel%2fgenerator cache-miss
292 http fetch GET 200 https://registry.npmjs.org/postcss-loader 304ms (cache miss)
293 silly packumentCache full:https://registry.npmjs.org/postcss-loader set size:undefined disposed:false
294 silly fetch manifest @ngtools/webpack@18.2.21
295 silly packumentCache full:https://registry.npmjs.org/@ngtools%2fwebpack cache-miss
296 http fetch GET 200 https://registry.npmjs.org/@babel%2fgenerator 403ms (cache miss)
297 silly packumentCache full:https://registry.npmjs.org/@babel%2fgenerator set size:undefined disposed:false
298 silly fetch manifest @babel/preset-env@7.26.9
299 silly packumentCache full:https://registry.npmjs.org/@babel%2fpreset-env cache-miss
300 http fetch GET 200 https://registry.npmjs.org/@babel%2fpreset-env 320ms (cache miss)
301 silly packumentCache full:https://registry.npmjs.org/@babel%2fpreset-env set size:undefined disposed:false
302 silly fetch manifest https-proxy-agent@7.0.5
303 silly packumentCache full:https://registry.npmjs.org/https-proxy-agent cache-miss
304 http fetch GET 200 https://registry.npmjs.org/@babel%2fruntime 1022ms (cache miss)
305 silly packumentCache full:https://registry.npmjs.org/@babel%2fruntime set size:undefined disposed:false
306 silly fetch manifest source-map-loader@5.0.0
307 silly packumentCache full:https://registry.npmjs.org/source-map-loader cache-miss
308 http fetch GET 200 https://registry.npmjs.org/@ngtools%2fwebpack 743ms (cache miss)
309 silly packumentCache full:https://registry.npmjs.org/@ngtools%2fwebpack set size:undefined disposed:false
310 silly fetch manifest resolve-url-loader@5.0.0
311 silly packumentCache full:https://registry.npmjs.org/resolve-url-loader cache-miss
312 http fetch GET 200 https://registry.npmjs.org/https-proxy-agent 275ms (cache miss)
313 silly packumentCache full:https://registry.npmjs.org/https-proxy-agent set size:undefined disposed:false
314 silly fetch manifest source-map-support@0.5.21
315 silly packumentCache full:https://registry.npmjs.org/source-map-support cache-miss
316 http fetch GET 200 https://registry.npmjs.org/source-map-loader 217ms (cache miss)
317 silly packumentCache full:https://registry.npmjs.org/source-map-loader set size:undefined disposed:false
318 silly fetch manifest webpack-dev-server@5.2.2
319 silly packumentCache full:https://registry.npmjs.org/webpack-dev-server cache-miss
320 http fetch GET 200 https://registry.npmjs.org/resolve-url-loader 174ms (cache miss)
321 silly packumentCache full:https://registry.npmjs.org/resolve-url-loader set size:undefined disposed:false
322 silly fetch manifest copy-webpack-plugin@12.0.2
323 silly packumentCache full:https://registry.npmjs.org/copy-webpack-plugin cache-miss
324 http fetch GET 200 https://registry.npmjs.org/source-map-support 151ms (cache miss)
325 silly packumentCache full:https://registry.npmjs.org/source-map-support set size:undefined disposed:false
326 silly fetch manifest @angular-devkit/core@18.2.21
327 silly packumentCache full:https://registry.npmjs.org/@angular-devkit%2fcore cache-miss
328 http fetch GET 200 https://registry.npmjs.org/copy-webpack-plugin 110ms (cache miss)
329 silly packumentCache full:https://registry.npmjs.org/copy-webpack-plugin set size:undefined disposed:false
330 silly fetch manifest @ampproject/remapping@2.3.0
331 silly packumentCache full:https://registry.npmjs.org/@ampproject%2fremapping cache-miss
332 http fetch GET 200 https://registry.npmjs.org/webpack-dev-server 252ms (cache miss)
333 silly packumentCache full:https://registry.npmjs.org/webpack-dev-server set size:undefined disposed:false
334 silly fetch manifest @discoveryjs/json-ext@0.6.1
335 silly packumentCache full:https://registry.npmjs.org/@discoveryjs%2fjson-ext cache-miss
336 http fetch GET 200 https://registry.npmjs.org/@ampproject%2fremapping 116ms (cache miss)
337 silly packumentCache full:https://registry.npmjs.org/@ampproject%2fremapping set size:undefined disposed:false
338 silly fetch manifest http-proxy-middleware@3.0.5
339 silly packumentCache full:https://registry.npmjs.org/http-proxy-middleware cache-miss
340 http fetch GET 200 https://registry.npmjs.org/@discoveryjs%2fjson-ext 96ms (cache miss)
341 silly packumentCache full:https://registry.npmjs.org/@discoveryjs%2fjson-ext set size:undefined disposed:false
342 silly fetch manifest license-webpack-plugin@4.0.2
343 silly packumentCache full:https://registry.npmjs.org/license-webpack-plugin cache-miss
344 http fetch GET 200 https://registry.npmjs.org/http-proxy-middleware 132ms (cache miss)
345 silly packumentCache full:https://registry.npmjs.org/http-proxy-middleware set size:undefined disposed:false
346 silly fetch manifest webpack-dev-middleware@7.4.2
347 silly packumentCache full:https://registry.npmjs.org/webpack-dev-middleware cache-miss
348 http fetch GET 200 https://registry.npmjs.org/license-webpack-plugin 146ms (cache miss)
349 silly packumentCache full:https://registry.npmjs.org/license-webpack-plugin set size:undefined disposed:false
350 silly fetch manifest istanbul-lib-instrument@6.0.3
351 silly packumentCache full:https://registry.npmjs.org/istanbul-lib-instrument cache-miss
352 http fetch GET 200 https://registry.npmjs.org/@angular-devkit%2fcore 486ms (cache miss)
353 silly packumentCache full:https://registry.npmjs.org/@angular-devkit%2fcore set size:undefined disposed:false
354 silly fetch manifest mini-css-extract-plugin@2.9.0
355 silly packumentCache full:https://registry.npmjs.org/mini-css-extract-plugin cache-miss
356 http fetch GET 200 https://registry.npmjs.org/webpack-dev-middleware 209ms (cache miss)
357 silly packumentCache full:https://registry.npmjs.org/webpack-dev-middleware set size:undefined disposed:false
358 silly fetch manifest karma-source-map-support@1.4.0
359 silly packumentCache full:https://registry.npmjs.org/karma-source-map-support cache-miss
360 http fetch GET 200 https://registry.npmjs.org/istanbul-lib-instrument 210ms (cache miss)
361 silly packumentCache full:https://registry.npmjs.org/istanbul-lib-instrument set size:undefined disposed:false
362 silly fetch manifest @angular-devkit/architect@0.1802.21
363 silly packumentCache full:https://registry.npmjs.org/@angular-devkit%2farchitect cache-miss
364 http fetch GET 200 https://registry.npmjs.org/karma-source-map-support 94ms (cache miss)
365 silly packumentCache full:https://registry.npmjs.org/karma-source-map-support set size:undefined disposed:false
366 silly fetch manifest parse5-html-rewriting-stream@7.0.0
367 silly packumentCache full:https://registry.npmjs.org/parse5-html-rewriting-stream cache-miss
368 http fetch GET 200 https://registry.npmjs.org/mini-css-extract-plugin 186ms (cache miss)
369 silly packumentCache full:https://registry.npmjs.org/mini-css-extract-plugin set size:undefined disposed:false
370 silly fetch manifest @angular-devkit/build-webpack@0.1802.21
371 silly packumentCache full:https://registry.npmjs.org/@angular-devkit%2fbuild-webpack cache-miss
372 http fetch GET 200 https://registry.npmjs.org/parse5-html-rewriting-stream 130ms (cache miss)
373 silly packumentCache full:https://registry.npmjs.org/parse5-html-rewriting-stream set size:undefined disposed:false
374 silly fetch manifest webpack-subresource-integrity@5.1.0
375 silly packumentCache full:https://registry.npmjs.org/webpack-subresource-integrity cache-miss
376 http fetch GET 200 https://registry.npmjs.org/webpack-subresource-integrity 87ms (cache miss)
377 silly packumentCache full:https://registry.npmjs.org/webpack-subresource-integrity set size:undefined disposed:false
378 silly fetch manifest @babel/helper-annotate-as-pure@7.25.9
379 silly packumentCache full:https://registry.npmjs.org/@babel%2fhelper-annotate-as-pure cache-miss
380 http fetch GET 200 https://registry.npmjs.org/@angular-devkit%2farchitect 326ms (cache miss)
381 silly packumentCache full:https://registry.npmjs.org/@angular-devkit%2farchitect set size:undefined disposed:false
382 silly fetch manifest @babel/plugin-transform-runtime@7.26.10
383 silly packumentCache full:https://registry.npmjs.org/@babel%2fplugin-transform-runtime cache-miss
384 http fetch GET 200 https://registry.npmjs.org/@babel%2fhelper-annotate-as-pure 199ms (cache miss)
385 silly packumentCache full:https://registry.npmjs.org/@babel%2fhelper-annotate-as-pure set size:undefined disposed:false
386 silly fetch manifest @babel/helper-split-export-declaration@7.24.7
387 silly packumentCache full:https://registry.npmjs.org/@babel%2fhelper-split-export-declaration cache-miss
388 http fetch GET 200 https://registry.npmjs.org/@babel%2fplugin-transform-runtime 154ms (cache miss)
389 silly packumentCache full:https://registry.npmjs.org/@babel%2fplugin-transform-runtime set size:undefined disposed:false
390 silly fetch manifest @babel/plugin-transform-async-to-generator@7.25.9
391 silly packumentCache full:https://registry.npmjs.org/@babel%2fplugin-transform-async-to-generator cache-miss
392 http fetch GET 200 https://registry.npmjs.org/@babel%2fhelper-split-export-declaration 113ms (cache miss)
393 silly packumentCache full:https://registry.npmjs.org/@babel%2fhelper-split-export-declaration set size:undefined disposed:false
394 silly fetch manifest @babel/plugin-transform-async-generator-functions@7.26.8
395 silly packumentCache full:https://registry.npmjs.org/@babel%2fplugin-transform-async-generator-functions cache-miss
396 http fetch GET 200 https://registry.npmjs.org/@babel%2fplugin-transform-async-to-generator 117ms (cache miss)
397 silly packumentCache full:https://registry.npmjs.org/@babel%2fplugin-transform-async-to-generator set size:undefined disposed:false
398 silly fetch manifest esbuild@0.23.0
399 silly packumentCache full:https://registry.npmjs.org/esbuild cache-miss
400 http fetch GET 200 https://registry.npmjs.org/@babel%2fplugin-transform-async-generator-functions 117ms (cache miss)
401 silly packumentCache full:https://registry.npmjs.org/@babel%2fplugin-transform-async-generator-functions set size:undefined disposed:false
402 silly fetch manifest tslib@^2.3.0
403 silly packumentCache full:https://registry.npmjs.org/tslib cache-hit
404 silly fetch manifest yargs@^17.2.1
405 silly packumentCache full:https://registry.npmjs.org/yargs cache-miss
406 http fetch GET 200 https://registry.npmjs.org/@angular-devkit%2fbuild-webpack 648ms (cache miss)
407 silly packumentCache full:https://registry.npmjs.org/@angular-devkit%2fbuild-webpack set size:undefined disposed:false
408 silly fetch manifest semver@^7.0.0
409 silly packumentCache full:https://registry.npmjs.org/semver cache-miss
410 http fetch GET 200 https://registry.npmjs.org/semver 106ms (cache revalidated)
411 silly packumentCache full:https://registry.npmjs.org/semver set size:229571 disposed:false
412 silly fetch manifest chokidar@^4.0.0
413 silly packumentCache full:https://registry.npmjs.org/chokidar cache-miss
414 http fetch GET 200 https://registry.npmjs.org/yargs 190ms (cache miss)
415 silly packumentCache full:https://registry.npmjs.org/yargs set size:undefined disposed:false
416 silly fetch manifest @babel/core@7.25.2
417 silly packumentCache full:https://registry.npmjs.org/@babel%2fcore cache-miss
418 http fetch GET 200 https://registry.npmjs.org/esbuild 322ms (cache miss)
419 silly packumentCache full:https://registry.npmjs.org/esbuild set size:undefined disposed:false
420 silly fetch manifest reflect-metadata@^0.2.0
421 silly packumentCache full:https://registry.npmjs.org/reflect-metadata cache-miss
422 http fetch GET 200 https://registry.npmjs.org/@babel%2fcore 167ms (cache revalidated)
423 silly packumentCache full:https://registry.npmjs.org/@babel%2fcore set size:760113 disposed:false
424 silly fetch manifest convert-source-map@^1.5.1
425 silly packumentCache full:https://registry.npmjs.org/convert-source-map cache-miss
426 http fetch GET 200 https://registry.npmjs.org/chokidar 240ms (cache miss)
427 silly packumentCache full:https://registry.npmjs.org/chokidar set size:undefined disposed:false
428 silly fetch manifest @jridgewell/sourcemap-codec@^1.4.14
429 silly packumentCache full:https://registry.npmjs.org/@jridgewell%2fsourcemap-codec cache-miss
430 http fetch GET 200 https://registry.npmjs.org/reflect-metadata 173ms (cache miss)
431 silly packumentCache full:https://registry.npmjs.org/reflect-metadata set size:undefined disposed:false
432 silly fetch manifest tslib@^2.1.0
433 silly packumentCache full:https://registry.npmjs.org/tslib cache-hit
434 silly fetch manifest ini@4.1.3
435 silly packumentCache full:https://registry.npmjs.org/ini cache-miss
436 http fetch GET 200 https://registry.npmjs.org/convert-source-map 104ms (cache miss)
437 silly packumentCache full:https://registry.npmjs.org/convert-source-map set size:undefined disposed:false
438 silly fetch manifest yargs@17.7.2
439 silly packumentCache full:https://registry.npmjs.org/yargs cache-miss
440 http fetch GET 200 https://registry.npmjs.org/@jridgewell%2fsourcemap-codec 112ms (cache miss)
441 silly packumentCache full:https://registry.npmjs.org/@jridgewell%2fsourcemap-codec set size:undefined disposed:false
442 silly fetch manifest listr2@8.2.4
443 silly packumentCache full:https://registry.npmjs.org/listr2 cache-miss
444 http fetch GET 200 https://registry.npmjs.org/ini 107ms (cache miss)
445 silly packumentCache full:https://registry.npmjs.org/ini set size:undefined disposed:false
446 silly fetch manifest pacote@18.0.6
447 silly packumentCache full:https://registry.npmjs.org/pacote cache-miss
448 http fetch GET 200 https://registry.npmjs.org/yargs 164ms (cache revalidated)
449 silly packumentCache full:https://registry.npmjs.org/yargs set size:743056 disposed:false
450 silly fetch manifest resolve@1.22.8
451 silly packumentCache full:https://registry.npmjs.org/resolve cache-miss
452 http fetch GET 200 https://registry.npmjs.org/pacote 186ms (cache miss)
453 silly packumentCache full:https://registry.npmjs.org/pacote set size:undefined disposed:false
454 silly fetch manifest npm-package-arg@11.0.3
455 silly packumentCache full:https://registry.npmjs.org/npm-package-arg cache-miss
456 http fetch GET 200 https://registry.npmjs.org/listr2 271ms (cache miss)
457 silly packumentCache full:https://registry.npmjs.org/listr2 set size:undefined disposed:false
458 silly fetch manifest @inquirer/prompts@5.3.8
459 silly packumentCache full:https://registry.npmjs.org/@inquirer%2fprompts cache-miss
460 http fetch GET 200 https://registry.npmjs.org/npm-package-arg 132ms (cache miss)
461 silly packumentCache full:https://registry.npmjs.org/npm-package-arg set size:undefined disposed:false
462 silly fetch manifest @yarnpkg/lockfile@1.1.0
463 silly packumentCache full:https://registry.npmjs.org/@yarnpkg%2flockfile cache-miss
464 http fetch GET 200 https://registry.npmjs.org/@inquirer%2fprompts 188ms (cache miss)
465 silly packumentCache full:https://registry.npmjs.org/@inquirer%2fprompts set size:undefined disposed:false
466 silly fetch manifest npm-pick-manifest@9.1.0
467 silly packumentCache full:https://registry.npmjs.org/npm-pick-manifest cache-miss
468 http fetch GET 200 https://registry.npmjs.org/@yarnpkg%2flockfile 145ms (cache miss)
469 silly packumentCache full:https://registry.npmjs.org/@yarnpkg%2flockfile set size:undefined disposed:false
470 silly fetch manifest symbol-observable@4.0.0
471 silly packumentCache full:https://registry.npmjs.org/symbol-observable cache-miss
472 http fetch GET 200 https://registry.npmjs.org/resolve 418ms (cache miss)
473 silly packumentCache full:https://registry.npmjs.org/resolve set size:undefined disposed:false
474 silly fetch manifest @schematics/angular@18.2.21
475 silly packumentCache full:https://registry.npmjs.org/@schematics%2fangular cache-miss
476 http fetch GET 200 https://registry.npmjs.org/npm-pick-manifest 102ms (cache miss)
477 silly packumentCache full:https://registry.npmjs.org/npm-pick-manifest set size:undefined disposed:false
478 silly fetch manifest @angular-devkit/schematics@18.2.21
479 silly packumentCache full:https://registry.npmjs.org/@angular-devkit%2fschematics cache-miss
480 http fetch GET 200 https://registry.npmjs.org/symbol-observable 132ms (cache miss)
481 silly packumentCache full:https://registry.npmjs.org/symbol-observable set size:undefined disposed:false
482 silly fetch manifest @listr2/prompt-adapter-inquirer@2.0.15
483 silly packumentCache full:https://registry.npmjs.org/@listr2%2fprompt-adapter-inquirer cache-miss
484 http fetch GET 200 https://registry.npmjs.org/@listr2%2fprompt-adapter-inquirer 175ms (cache miss)
485 silly packumentCache full:https://registry.npmjs.org/@listr2%2fprompt-adapter-inquirer set size:undefined disposed:false
486 silly fetch manifest undici-types@~6.21.0
487 silly packumentCache full:https://registry.npmjs.org/undici-types cache-miss
488 http fetch GET 200 https://registry.npmjs.org/undici-types 132ms (cache miss)
489 silly packumentCache full:https://registry.npmjs.org/undici-types set size:undefined disposed:false
490 silly fetch manifest debug@^3.2.7
491 silly packumentCache full:https://registry.npmjs.org/debug cache-miss
492 http fetch GET 200 https://registry.npmjs.org/@schematics%2fangular 610ms (cache miss)
493 silly packumentCache full:https://registry.npmjs.org/@schematics%2fangular set size:undefined disposed:false
494 silly fetch manifest eventsource@^2.0.2
495 silly packumentCache full:https://registry.npmjs.org/eventsource cache-miss
496 http fetch GET 200 https://registry.npmjs.org/debug 405ms (cache miss)
497 silly packumentCache full:https://registry.npmjs.org/debug set size:undefined disposed:false
498 silly fetch manifest faye-websocket@^0.11.4
499 silly packumentCache full:https://registry.npmjs.org/faye-websocket cache-miss
500 http fetch GET 200 https://registry.npmjs.org/@angular-devkit%2fschematics 833ms (cache miss)
501 silly packumentCache full:https://registry.npmjs.org/@angular-devkit%2fschematics set size:undefined disposed:false
502 silly fetch manifest inherits@^2.0.4
503 silly packumentCache full:https://registry.npmjs.org/inherits cache-miss
504 http fetch GET 200 https://registry.npmjs.org/eventsource 172ms (cache miss)
505 silly packumentCache full:https://registry.npmjs.org/eventsource set size:undefined disposed:false
506 silly fetch manifest url-parse@^1.5.10
507 silly packumentCache full:https://registry.npmjs.org/url-parse cache-miss
508 http fetch GET 200 https://registry.npmjs.org/inherits 89ms (cache miss)
509 silly packumentCache full:https://registry.npmjs.org/inherits set size:undefined disposed:false
510 http fetch GET 200 https://registry.npmjs.org/url-parse 83ms (cache miss)
511 silly packumentCache full:https://registry.npmjs.org/url-parse set size:undefined disposed:false
512 http fetch GET 200 https://registry.npmjs.org/faye-websocket 809ms (cache miss)
513 silly packumentCache full:https://registry.npmjs.org/faye-websocket set size:undefined disposed:false
514 silly fetch manifest @rspack/core@0.x || 1.x
515 silly packumentCache full:https://registry.npmjs.org/@rspack%2fcore cache-miss
516 http fetch GET 200 https://registry.npmjs.org/@rspack%2fcore 256ms (cache miss)
517 silly packumentCache full:https://registry.npmjs.org/@rspack%2fcore set size:undefined disposed:false
518 silly fetch manifest @swc/helpers@>=0.5.1
519 silly packumentCache full:https://registry.npmjs.org/@swc%2fhelpers cache-miss
520 http fetch GET 200 https://registry.npmjs.org/@swc%2fhelpers 125ms (cache miss)
521 silly packumentCache full:https://registry.npmjs.org/@swc%2fhelpers set size:undefined disposed:false
522 silly fetch manifest node-sass@^4.0.0 || ^5.0.0 || ^6.0.0 || ^7.0.0 || ^8.0.0 || ^9.0.0
523 silly packumentCache full:https://registry.npmjs.org/node-sass cache-miss
524 http fetch GET 200 https://registry.npmjs.org/node-sass 93ms (cache miss)
525 silly packumentCache full:https://registry.npmjs.org/node-sass set size:undefined disposed:false
526 silly fetch manifest sass-embedded@*
527 silly packumentCache full:https://registry.npmjs.org/sass-embedded cache-miss
528 http fetch GET 200 https://registry.npmjs.org/sass-embedded 71ms (cache miss)
529 silly packumentCache full:https://registry.npmjs.org/sass-embedded set size:undefined disposed:false
530 silly fetch manifest @angular/compiler-cli@^18.0.0
531 silly packumentCache full:https://registry.npmjs.org/@angular%2fcompiler-cli cache-miss
532 http fetch GET 200 https://registry.npmjs.org/@angular%2fcompiler-cli 149ms (cache revalidated)
533 silly packumentCache full:https://registry.npmjs.org/@angular%2fcompiler-cli set size:3242348 disposed:false
534 silly fetch manifest @angular/compiler@18.2.14
535 silly packumentCache full:https://registry.npmjs.org/@angular%2fcompiler cache-miss
536 http fetch GET 200 https://registry.npmjs.org/@angular%2fcompiler 134ms (cache revalidated)
537 silly packumentCache full:https://registry.npmjs.org/@angular%2fcompiler set size:2680804 disposed:false
538 silly fetch manifest @angular/core@18.2.14
539 silly packumentCache full:https://registry.npmjs.org/@angular%2fcore cache-miss
540 http fetch GET 200 https://registry.npmjs.org/@angular%2fcore 130ms (cache revalidated)
541 silly packumentCache full:https://registry.npmjs.org/@angular%2fcore set size:2956462 disposed:false
542 silly fetch manifest typescript@>=5.4 <5.6
543 silly packumentCache full:https://registry.npmjs.org/typescript cache-miss
544 http fetch GET 200 https://registry.npmjs.org/typescript 373ms (cache revalidated)
545 silly packumentCache full:https://registry.npmjs.org/typescript set size:15409943 disposed:false
546 silly fetch manifest @angular/animations@18.2.14
547 silly packumentCache full:https://registry.npmjs.org/@angular%2fanimations cache-miss
548 http fetch GET 200 https://registry.npmjs.org/@angular%2fanimations 147ms (cache revalidated)
549 silly packumentCache full:https://registry.npmjs.org/@angular%2fanimations set size:2784034 disposed:false
550 silly fetch manifest @angular/common@18.2.14
551 silly packumentCache full:https://registry.npmjs.org/@angular%2fcommon cache-miss
552 http fetch GET 200 https://registry.npmjs.org/@angular%2fcommon 129ms (cache revalidated)
553 silly packumentCache full:https://registry.npmjs.org/@angular%2fcommon set size:3076202 disposed:false
554 silly fetch manifest @angular/platform-browser@18.2.14
555 silly packumentCache full:https://registry.npmjs.org/@angular%2fplatform-browser cache-miss
556 http fetch GET 200 https://registry.npmjs.org/@angular%2fplatform-browser 123ms (cache revalidated)
557 silly packumentCache full:https://registry.npmjs.org/@angular%2fplatform-browser set size:3070679 disposed:false
558 silly fetch manifest chokidar@^3.5.2
559 silly packumentCache full:https://registry.npmjs.org/chokidar cache-miss
560 http fetch GET 200 https://registry.npmjs.org/chokidar 78ms (cache revalidated)
561 silly packumentCache full:https://registry.npmjs.org/chokidar set size:255902 disposed:false
562 silly fetch manifest html-webpack-plugin@>= 5.0.0-beta.1 < 6
563 silly packumentCache full:https://registry.npmjs.org/html-webpack-plugin cache-miss
564 http fetch GET 200 https://registry.npmjs.org/html-webpack-plugin 113ms (cache miss)
565 silly packumentCache full:https://registry.npmjs.org/html-webpack-plugin set size:undefined disposed:false
566 silly placeDep ROOT @ampproject/remapping@2.3.0 OK for: @angular-devkit/build-angular@18.2.21 want: 2.3.0
567 silly placeDep ROOT @angular-devkit/architect@0.1802.21 OK for: @angular-devkit/build-angular@18.2.21 want: 0.1802.21
568 silly placeDep ROOT @angular-devkit/build-webpack@0.1802.21 OK for: @angular-devkit/build-angular@18.2.21 want: 0.1802.21
569 silly placeDep ROOT webpack@5.94.0 OK for: @angular-devkit/build-webpack@0.1802.21 want: ^5.30.0
570 silly placeDep ROOT webpack-dev-server@5.2.2 OK for: @angular-devkit/build-webpack@0.1802.21 want: ^5.0.2
571 silly placeDep ROOT @angular-devkit/core@18.2.21 OK for: @angular-devkit/build-angular@18.2.21 want: 18.2.21
572 silly placeDep ROOT @angular/build@18.2.21 OK for: @angular-devkit/build-angular@18.2.21 want: 18.2.21
573 silly placeDep ROOT @babel/core@7.26.10 OK for: @angular-devkit/build-angular@18.2.21 want: 7.26.10
574 silly placeDep ROOT @babel/generator@7.26.10 OK for: @angular-devkit/build-angular@18.2.21 want: 7.26.10
575 silly placeDep ROOT @babel/helper-annotate-as-pure@7.25.9 OK for: @angular-devkit/build-angular@18.2.21 want: 7.25.9
576 silly placeDep ROOT @babel/helper-split-export-declaration@7.24.7 OK for: @angular-devkit/build-angular@18.2.21 want: 7.24.7
577 silly placeDep ROOT @babel/plugin-transform-async-generator-functions@7.26.8 OK for: @angular-devkit/build-angular@18.2.21 want: 7.26.8
578 silly placeDep ROOT @babel/plugin-transform-async-to-generator@7.25.9 OK for: @angular-devkit/build-angular@18.2.21 want: 7.25.9
579 silly placeDep ROOT @babel/plugin-transform-runtime@7.26.10 OK for: @angular-devkit/build-angular@18.2.21 want: 7.26.10
580 silly placeDep ROOT @babel/preset-env@7.26.9 OK for: @angular-devkit/build-angular@18.2.21 want: 7.26.9
581 silly placeDep ROOT @babel/runtime@7.26.10 OK for: @angular-devkit/build-angular@18.2.21 want: 7.26.10
582 silly placeDep ROOT @discoveryjs/json-ext@0.6.1 OK for: @angular-devkit/build-angular@18.2.21 want: 0.6.1
583 silly placeDep ROOT @ngtools/webpack@18.2.21 OK for: @angular-devkit/build-angular@18.2.21 want: 18.2.21
584 silly placeDep ROOT ansi-colors@4.1.3 OK for: @angular-devkit/build-angular@18.2.21 want: 4.1.3
585 silly placeDep ROOT autoprefixer@10.4.20 OK for: @angular-devkit/build-angular@18.2.21 want: 10.4.20
586 silly placeDep ROOT postcss@8.4.41 OK for: autoprefixer@10.4.20 want: ^8.1.0
587 silly placeDep ROOT babel-loader@9.1.3 OK for: @angular-devkit/build-angular@18.2.21 want: 9.1.3
588 silly placeDep ROOT browserslist@4.28.2 OK for: @angular-devkit/build-angular@18.2.21 want: ^4.21.5
589 silly placeDep ROOT copy-webpack-plugin@12.0.2 OK for: @angular-devkit/build-angular@18.2.21 want: 12.0.2
590 silly placeDep ROOT critters@0.0.24 OK for: @angular-devkit/build-angular@18.2.21 want: 0.0.24
591 silly placeDep ROOT css-loader@7.1.2 OK for: @angular-devkit/build-angular@18.2.21 want: 7.1.2
592 silly placeDep ROOT esbuild@0.23.0 OK for: @angular-devkit/build-angular@18.2.21 want: 0.23.0
593 silly placeDep ROOT esbuild-wasm@0.23.0 OK for: @angular-devkit/build-angular@18.2.21 want: 0.23.0
594 silly placeDep ROOT fast-glob@3.3.2 OK for: @angular-devkit/build-angular@18.2.21 want: 3.3.2
595 silly placeDep ROOT http-proxy-middleware@3.0.5 OK for: @angular-devkit/build-angular@18.2.21 want: 3.0.5
596 silly placeDep ROOT https-proxy-agent@7.0.5 OK for: @angular-devkit/build-angular@18.2.21 want: 7.0.5
597 silly placeDep ROOT istanbul-lib-instrument@6.0.3 OK for: @angular-devkit/build-angular@18.2.21 want: 6.0.3
598 silly placeDep ROOT jsonc-parser@3.3.1 OK for: @angular-devkit/build-angular@18.2.21 want: 3.3.1
599 silly placeDep ROOT karma-source-map-support@1.4.0 OK for: @angular-devkit/build-angular@18.2.21 want: 1.4.0
600 silly placeDep ROOT less@4.2.0 OK for: @angular-devkit/build-angular@18.2.21 want: 4.2.0
601 silly placeDep ROOT less-loader@12.2.0 OK for: @angular-devkit/build-angular@18.2.21 want: 12.2.0
602 silly placeDep ROOT license-webpack-plugin@4.0.2 OK for: @angular-devkit/build-angular@18.2.21 want: 4.0.2
603 silly placeDep ROOT loader-utils@3.3.1 OK for: @angular-devkit/build-angular@18.2.21 want: 3.3.1
604 silly placeDep ROOT magic-string@0.30.11 OK for: @angular-devkit/build-angular@18.2.21 want: 0.30.11
605 silly placeDep ROOT mini-css-extract-plugin@2.9.0 OK for: @angular-devkit/build-angular@18.2.21 want: 2.9.0
606 silly placeDep ROOT mrmime@2.0.0 OK for: @angular-devkit/build-angular@18.2.21 want: 2.0.0
607 silly placeDep ROOT open@10.1.0 OK for: @angular-devkit/build-angular@18.2.21 want: 10.1.0
608 silly placeDep ROOT ora@5.4.1 OK for: @angular-devkit/build-angular@18.2.21 want: 5.4.1
609 silly placeDep ROOT parse5-html-rewriting-stream@7.0.0 OK for: @angular-devkit/build-angular@18.2.21 want: 7.0.0
610 silly placeDep ROOT picomatch@4.0.2 OK for: @angular-devkit/build-angular@18.2.21 want: 4.0.2
611 silly placeDep ROOT piscina@4.6.1 OK for: @angular-devkit/build-angular@18.2.21 want: 4.6.1
612 silly placeDep ROOT postcss-loader@8.1.1 OK for: @angular-devkit/build-angular@18.2.21 want: 8.1.1
613 silly placeDep ROOT resolve-url-loader@5.0.0 OK for: @angular-devkit/build-angular@18.2.21 want: 5.0.0
614 silly placeDep node_modules/@angular-devkit/build-angular rxjs@7.8.1 OK for: @angular-devkit/build-angular@18.2.21 want: 7.8.1
615 silly placeDep ROOT sass@1.77.6 OK for: @angular-devkit/build-angular@18.2.21 want: 1.77.6
616 silly placeDep ROOT sass-loader@16.0.0 OK for: @angular-devkit/build-angular@18.2.21 want: 16.0.0
617 silly placeDep ROOT semver@7.6.3 OK for: @angular-devkit/build-angular@18.2.21 want: 7.6.3
618 silly placeDep ROOT source-map-loader@5.0.0 OK for: @angular-devkit/build-angular@18.2.21 want: 5.0.0
619 silly placeDep ROOT source-map-support@0.5.21 OK for: @angular-devkit/build-angular@18.2.21 want: 0.5.21
620 silly placeDep ROOT terser@5.31.6 OK for: @angular-devkit/build-angular@18.2.21 want: 5.31.6
621 silly placeDep ROOT tree-kill@1.2.2 OK for: @angular-devkit/build-angular@18.2.21 want: 1.2.2
622 silly placeDep node_modules/@angular-devkit/build-angular tslib@2.6.3 OK for: @angular-devkit/build-angular@18.2.21 want: 2.6.3
623 silly placeDep ROOT watchpack@2.4.1 OK for: @angular-devkit/build-angular@18.2.21 want: 2.4.1
624 silly placeDep ROOT webpack-dev-middleware@7.4.2 OK for: @angular-devkit/build-angular@18.2.21 want: 7.4.2
625 silly placeDep ROOT webpack-merge@6.0.1 OK for: @angular-devkit/build-angular@18.2.21 want: 6.0.1
626 silly placeDep ROOT webpack-subresource-integrity@5.1.0 OK for: @angular-devkit/build-angular@18.2.21 want: 5.1.0
627 silly fetch manifest @jridgewell/gen-mapping@^0.3.5
628 silly packumentCache full:https://registry.npmjs.org/@jridgewell%2fgen-mapping cache-miss
629 silly fetch manifest @jridgewell/trace-mapping@^0.3.24
630 silly packumentCache full:https://registry.npmjs.org/@jridgewell%2ftrace-mapping cache-miss
631 silly fetch manifest ws@^8.18.0
632 silly packumentCache full:https://registry.npmjs.org/ws cache-miss
633 http fetch GET 200 https://registry.npmjs.org/@jridgewell%2fgen-mapping 91ms (cache miss)
634 silly packumentCache full:https://registry.npmjs.org/@jridgewell%2fgen-mapping set size:undefined disposed:false
635 silly fetch manifest open@^10.0.3
636 silly packumentCache full:https://registry.npmjs.org/open cache-miss
637 http fetch GET 200 https://registry.npmjs.org/@jridgewell%2ftrace-mapping 112ms (cache miss)
638 silly packumentCache full:https://registry.npmjs.org/@jridgewell%2ftrace-mapping set size:undefined disposed:false
639 silly fetch manifest spdy@^4.0.2
640 silly packumentCache full:https://registry.npmjs.org/spdy cache-miss
641 http fetch GET 200 https://registry.npmjs.org/ws 133ms (cache miss)
642 silly packumentCache full:https://registry.npmjs.org/ws set size:undefined disposed:false
643 silly fetch manifest sockjs@^0.3.24
644 silly packumentCache full:https://registry.npmjs.org/sockjs cache-miss
645 http fetch GET 200 https://registry.npmjs.org/open 104ms (cache revalidated)
646 silly packumentCache full:https://registry.npmjs.org/open set size:136392 disposed:false
647 silly fetch manifest express@^4.21.2
648 silly packumentCache full:https://registry.npmjs.org/express cache-miss
649 http fetch GET 200 https://registry.npmjs.org/spdy 91ms (cache miss)
650 silly packumentCache full:https://registry.npmjs.org/spdy set size:undefined disposed:false
651 silly fetch manifest p-retry@^6.2.0
652 silly packumentCache full:https://registry.npmjs.org/p-retry cache-miss
653 http fetch GET 200 https://registry.npmjs.org/sockjs 100ms (cache miss)
654 silly packumentCache full:https://registry.npmjs.org/sockjs set size:undefined disposed:false
655 silly fetch manifest chokidar@^3.6.0
656 silly packumentCache full:https://registry.npmjs.org/chokidar cache-hit
657 silly fetch manifest @types/ws@^8.5.10
658 silly packumentCache full:https://registry.npmjs.org/@types%2fws cache-miss
659 http fetch GET 200 https://registry.npmjs.org/p-retry 70ms (cache miss)
660 silly packumentCache full:https://registry.npmjs.org/p-retry set size:undefined disposed:false
661 silly fetch manifest colorette@^2.0.10
662 silly packumentCache full:https://registry.npmjs.org/colorette cache-miss
663 http fetch GET 200 https://registry.npmjs.org/express 146ms (cache miss)
664 silly packumentCache full:https://registry.npmjs.org/express set size:undefined disposed:false
665 silly fetch manifest ipaddr.js@^2.1.0
666 silly packumentCache full:https://registry.npmjs.org/ipaddr.js cache-miss
667 http fetch GET 200 https://registry.npmjs.org/colorette 97ms (cache miss)
668 silly packumentCache full:https://registry.npmjs.org/colorette set size:undefined disposed:false
669 silly fetch manifest selfsigned@^2.4.1
670 silly packumentCache full:https://registry.npmjs.org/selfsigned cache-miss
671 http fetch GET 200 https://registry.npmjs.org/ipaddr.js 62ms (cache miss)
672 silly packumentCache full:https://registry.npmjs.org/ipaddr.js set size:undefined disposed:false
673 silly fetch manifest compression@^1.7.4
674 silly packumentCache full:https://registry.npmjs.org/compression cache-miss
675 http fetch GET 200 https://registry.npmjs.org/selfsigned 61ms (cache miss)
676 silly packumentCache full:https://registry.npmjs.org/selfsigned set size:undefined disposed:false
677 silly fetch manifest graceful-fs@^4.2.6
678 silly packumentCache full:https://registry.npmjs.org/graceful-fs cache-miss
679 http fetch GET 200 https://registry.npmjs.org/compression 91ms (cache miss)
680 silly packumentCache full:https://registry.npmjs.org/compression set size:undefined disposed:false
681 silly fetch manifest serve-index@^1.9.1
682 silly packumentCache full:https://registry.npmjs.org/serve-index cache-miss
683 http fetch GET 200 https://registry.npmjs.org/graceful-fs 137ms (cache miss)
684 silly packumentCache full:https://registry.npmjs.org/graceful-fs set size:undefined disposed:false
685 silly fetch manifest schema-utils@^4.2.0
686 silly packumentCache full:https://registry.npmjs.org/schema-utils cache-miss
687 http fetch GET 200 https://registry.npmjs.org/@types%2fws 407ms (cache miss)
688 silly packumentCache full:https://registry.npmjs.org/@types%2fws set size:undefined disposed:false
689 silly fetch manifest @types/sockjs@^0.3.36
690 silly packumentCache full:https://registry.npmjs.org/@types%2fsockjs cache-miss
691 http fetch GET 200 https://registry.npmjs.org/serve-index 148ms (cache miss)
692 silly packumentCache full:https://registry.npmjs.org/serve-index set size:undefined disposed:false
693 silly fetch manifest launch-editor@^2.6.1
694 silly packumentCache full:https://registry.npmjs.org/launch-editor cache-miss
695 http fetch GET 200 https://registry.npmjs.org/schema-utils 142ms (cache miss)
696 silly packumentCache full:https://registry.npmjs.org/schema-utils set size:undefined disposed:false
697 silly fetch manifest @types/bonjour@^3.5.13
698 silly packumentCache full:https://registry.npmjs.org/@types%2fbonjour cache-miss
699 http fetch GET 200 https://registry.npmjs.org/@types%2fsockjs 131ms (cache miss)
700 silly packumentCache full:https://registry.npmjs.org/@types%2fsockjs set size:undefined disposed:false
701 silly fetch manifest @types/express@^4.17.21
702 silly packumentCache full:https://registry.npmjs.org/@types%2fexpress cache-miss
703 http fetch GET 200 https://registry.npmjs.org/launch-editor 106ms (cache miss)
704 silly packumentCache full:https://registry.npmjs.org/launch-editor set size:undefined disposed:false
705 silly fetch manifest bonjour-service@^1.2.1
706 silly packumentCache full:https://registry.npmjs.org/bonjour-service cache-miss
707 http fetch GET 200 https://registry.npmjs.org/@types%2fbonjour 66ms (cache miss)
708 silly packumentCache full:https://registry.npmjs.org/@types%2fbonjour set size:undefined disposed:false
709 silly fetch manifest @types/serve-index@^1.9.4
710 silly packumentCache full:https://registry.npmjs.org/@types%2fserve-index cache-miss
711 http fetch GET 200 https://registry.npmjs.org/bonjour-service 78ms (cache miss)
712 silly packumentCache full:https://registry.npmjs.org/bonjour-service set size:undefined disposed:false
713 silly fetch manifest @types/serve-static@^1.15.5
714 silly packumentCache full:https://registry.npmjs.org/@types%2fserve-static cache-miss
715 http fetch GET 200 https://registry.npmjs.org/@types%2fexpress 130ms (cache miss)
716 silly packumentCache full:https://registry.npmjs.org/@types%2fexpress set size:undefined disposed:false
717 silly fetch manifest ansi-html-community@^0.0.8
718 silly packumentCache full:https://registry.npmjs.org/ansi-html-community cache-miss
719 http fetch GET 200 https://registry.npmjs.org/@types%2fserve-index 106ms (cache miss)
720 silly packumentCache full:https://registry.npmjs.org/@types%2fserve-index set size:undefined disposed:false
721 silly fetch manifest http-proxy-middleware@^2.0.9
722 silly packumentCache full:https://registry.npmjs.org/http-proxy-middleware cache-miss
723 http fetch GET 200 https://registry.npmjs.org/@types%2fserve-static 101ms (cache miss)
724 silly packumentCache full:https://registry.npmjs.org/@types%2fserve-static set size:undefined disposed:false
725 silly fetch manifest webpack-dev-middleware@^7.4.2
726 silly packumentCache full:https://registry.npmjs.org/webpack-dev-middleware cache-miss
727 http fetch GET 200 https://registry.npmjs.org/ansi-html-community 89ms (cache miss)
728 silly packumentCache full:https://registry.npmjs.org/ansi-html-community set size:undefined disposed:false
729 silly fetch manifest connect-history-api-fallback@^2.0.0
730 silly packumentCache full:https://registry.npmjs.org/connect-history-api-fallback cache-miss
731 http fetch GET 200 https://registry.npmjs.org/http-proxy-middleware 118ms (cache revalidated)
732 silly packumentCache full:https://registry.npmjs.org/http-proxy-middleware set size:302765 disposed:false
733 silly fetch manifest @types/express-serve-static-core@^4.17.21
734 silly packumentCache full:https://registry.npmjs.org/@types%2fexpress-serve-static-core cache-miss
735 http fetch GET 200 https://registry.npmjs.org/connect-history-api-fallback 93ms (cache miss)
736 silly packumentCache full:https://registry.npmjs.org/connect-history-api-fallback set size:undefined disposed:false
737 silly fetch manifest @types/connect-history-api-fallback@^1.5.4
738 silly packumentCache full:https://registry.npmjs.org/@types%2fconnect-history-api-fallback cache-miss
739 http fetch GET 200 https://registry.npmjs.org/@types%2fexpress-serve-static-core 83ms (cache miss)
740 silly packumentCache full:https://registry.npmjs.org/@types%2fexpress-serve-static-core set size:undefined disposed:false
741 silly fetch manifest acorn@^8.7.1
742 silly packumentCache full:https://registry.npmjs.org/acorn cache-miss
743 http fetch GET 200 https://registry.npmjs.org/@types%2fconnect-history-api-fallback 83ms (cache miss)
744 silly packumentCache full:https://registry.npmjs.org/@types%2fconnect-history-api-fallback set size:undefined disposed:false
745 silly fetch manifest events@^3.2.0
746 silly packumentCache full:https://registry.npmjs.org/events cache-miss
747 http fetch GET 200 https://registry.npmjs.org/events 60ms (cache miss)
748 silly packumentCache full:https://registry.npmjs.org/events set size:undefined disposed:false
749 silly fetch manifest tapable@^2.1.1
750 silly packumentCache full:https://registry.npmjs.org/tapable cache-miss
751 http fetch GET 200 https://registry.npmjs.org/acorn 96ms (cache miss)
752 silly packumentCache full:https://registry.npmjs.org/acorn set size:undefined disposed:false
753 silly fetch manifest neo-async@^2.6.2
754 silly packumentCache full:https://registry.npmjs.org/neo-async cache-miss
755 http fetch GET 200 https://registry.npmjs.org/tapable 70ms (cache miss)
756 silly packumentCache full:https://registry.npmjs.org/tapable set size:undefined disposed:false
757 silly fetch manifest watchpack@^2.4.1
758 silly packumentCache full:https://registry.npmjs.org/watchpack cache-miss
759 http fetch GET 200 https://registry.npmjs.org/neo-async 86ms (cache miss)
760 silly packumentCache full:https://registry.npmjs.org/neo-async set size:undefined disposed:false
761 silly fetch manifest mime-types@^2.1.27
762 silly packumentCache full:https://registry.npmjs.org/mime-types cache-miss
763 http fetch GET 200 https://registry.npmjs.org/watchpack 68ms (cache revalidated)
764 silly packumentCache full:https://registry.npmjs.org/watchpack set size:144588 disposed:false
765 silly fetch manifest graceful-fs@^4.2.11
766 silly packumentCache full:https://registry.npmjs.org/graceful-fs cache-miss
767 http fetch GET 200 https://registry.npmjs.org/mime-types 80ms (cache miss)
768 silly packumentCache full:https://registry.npmjs.org/mime-types set size:undefined disposed:false
769 silly fetch manifest browserslist@^4.21.10
770 silly packumentCache full:https://registry.npmjs.org/browserslist cache-miss
771 http fetch GET 200 https://registry.npmjs.org/graceful-fs 84ms (cache revalidated)
772 silly packumentCache full:https://registry.npmjs.org/graceful-fs set size:124285 disposed:false
773 silly fetch manifest eslint-scope@5.1.1
774 silly packumentCache full:https://registry.npmjs.org/eslint-scope cache-miss
775 http fetch GET 200 https://registry.npmjs.org/eslint-scope 90ms (cache miss)
776 silly packumentCache full:https://registry.npmjs.org/eslint-scope set size:undefined disposed:false
777 silly fetch manifest schema-utils@^3.2.0
778 silly packumentCache full:https://registry.npmjs.org/schema-utils cache-miss
779 http fetch GET 200 https://registry.npmjs.org/browserslist 124ms (cache revalidated)
780 silly packumentCache full:https://registry.npmjs.org/browserslist set size:504681 disposed:false
781 silly fetch manifest @types/estree@^1.0.5
782 silly packumentCache full:https://registry.npmjs.org/@types%2festree cache-miss
783 http fetch GET 200 https://registry.npmjs.org/schema-utils 88ms (cache revalidated)
784 silly packumentCache full:https://registry.npmjs.org/schema-utils set size:166563 disposed:false
785 silly fetch manifest loader-runner@^4.2.0
786 silly packumentCache full:https://registry.npmjs.org/loader-runner cache-miss
787 http fetch GET 200 https://registry.npmjs.org/@types%2festree 80ms (cache miss)
788 silly packumentCache full:https://registry.npmjs.org/@types%2festree set size:undefined disposed:false
789 silly fetch manifest glob-to-regexp@^0.4.1
790 silly packumentCache full:https://registry.npmjs.org/glob-to-regexp cache-miss
791 http fetch GET 200 https://registry.npmjs.org/loader-runner 98ms (cache miss)
792 silly packumentCache full:https://registry.npmjs.org/loader-runner set size:undefined disposed:false
793 silly fetch manifest es-module-lexer@^1.2.1
794 silly packumentCache full:https://registry.npmjs.org/es-module-lexer cache-miss
795 http fetch GET 200 https://registry.npmjs.org/glob-to-regexp 99ms (cache miss)
796 silly packumentCache full:https://registry.npmjs.org/glob-to-regexp set size:undefined disposed:false
797 silly fetch manifest webpack-sources@^3.2.3
798 silly packumentCache full:https://registry.npmjs.org/webpack-sources cache-miss
799 http fetch GET 200 https://registry.npmjs.org/webpack-dev-middleware 869ms (cache revalidated)
800 silly packumentCache full:https://registry.npmjs.org/webpack-dev-middleware set size:378853 disposed:false
801 silly fetch manifest enhanced-resolve@^5.17.1
802 silly packumentCache full:https://registry.npmjs.org/enhanced-resolve cache-miss
803 http fetch GET 200 https://registry.npmjs.org/es-module-lexer 155ms (cache miss)
804 silly packumentCache full:https://registry.npmjs.org/es-module-lexer set size:undefined disposed:false
805 silly fetch manifest @webassemblyjs/ast@^1.12.1
806 silly packumentCache full:https://registry.npmjs.org/@webassemblyjs%2fast cache-miss
807 http fetch GET 200 https://registry.npmjs.org/webpack-sources 171ms (cache miss)
808 silly packumentCache full:https://registry.npmjs.org/webpack-sources set size:undefined disposed:false
809 silly fetch manifest chrome-trace-event@^1.0.2
810 silly packumentCache full:https://registry.npmjs.org/chrome-trace-event cache-miss
811 http fetch GET 200 https://registry.npmjs.org/enhanced-resolve 185ms (cache miss)
812 silly packumentCache full:https://registry.npmjs.org/enhanced-resolve set size:undefined disposed:false
813 silly fetch manifest terser-webpack-plugin@^5.3.10
814 silly packumentCache full:https://registry.npmjs.org/terser-webpack-plugin cache-miss
815 http fetch GET 200 https://registry.npmjs.org/chrome-trace-event 94ms (cache miss)
816 silly packumentCache full:https://registry.npmjs.org/chrome-trace-event set size:undefined disposed:false
817 silly fetch manifest acorn-import-attributes@^1.9.5
818 silly packumentCache full:https://registry.npmjs.org/acorn-import-attributes cache-miss
819 http fetch GET 200 https://registry.npmjs.org/@webassemblyjs%2fast 131ms (cache miss)
820 silly packumentCache full:https://registry.npmjs.org/@webassemblyjs%2fast set size:undefined disposed:false
821 silly fetch manifest @webassemblyjs/wasm-edit@^1.12.1
822 silly packumentCache full:https://registry.npmjs.org/@webassemblyjs%2fwasm-edit cache-miss
823 http fetch GET 200 https://registry.npmjs.org/acorn-import-attributes 68ms (cache miss)
824 silly packumentCache full:https://registry.npmjs.org/acorn-import-attributes set size:undefined disposed:false
825 silly fetch manifest @webassemblyjs/wasm-parser@^1.12.1
826 silly packumentCache full:https://registry.npmjs.org/@webassemblyjs%2fwasm-parser cache-miss
827 http fetch GET 200 https://registry.npmjs.org/terser-webpack-plugin 117ms (cache miss)
828 silly packumentCache full:https://registry.npmjs.org/terser-webpack-plugin set size:undefined disposed:false
829 silly fetch manifest json-parse-even-better-errors@^2.3.1
830 silly packumentCache full:https://registry.npmjs.org/json-parse-even-better-errors cache-miss
831 http fetch GET 200 https://registry.npmjs.org/@webassemblyjs%2fwasm-edit 137ms (cache miss)
832 silly packumentCache full:https://registry.npmjs.org/@webassemblyjs%2fwasm-edit set size:undefined disposed:false
833 silly fetch manifest ajv@8.17.1
834 silly packumentCache full:https://registry.npmjs.org/ajv cache-miss
835 http fetch GET 200 https://registry.npmjs.org/json-parse-even-better-errors 95ms (cache miss)
836 silly packumentCache full:https://registry.npmjs.org/json-parse-even-better-errors set size:undefined disposed:false
837 silly fetch manifest source-map@0.7.4
838 silly packumentCache full:https://registry.npmjs.org/source-map cache-miss
839 http fetch GET 200 https://registry.npmjs.org/@webassemblyjs%2fwasm-parser 159ms (cache miss)
840 silly packumentCache full:https://registry.npmjs.org/@webassemblyjs%2fwasm-parser set size:undefined disposed:false
841 silly fetch manifest ajv-formats@3.0.1
842 silly packumentCache full:https://registry.npmjs.org/ajv-formats cache-miss
843 http fetch GET 200 https://registry.npmjs.org/source-map 102ms (cache miss)
844 silly packumentCache full:https://registry.npmjs.org/source-map set size:undefined disposed:false
845 silly fetch manifest lmdb@3.0.13
846 silly packumentCache full:https://registry.npmjs.org/lmdb cache-miss
847 http fetch GET 200 https://registry.npmjs.org/ajv-formats 104ms (cache miss)
848 silly packumentCache full:https://registry.npmjs.org/ajv-formats set size:undefined disposed:false
849 silly fetch manifest vite@~5.4.17
850 silly packumentCache full:https://registry.npmjs.org/vite cache-miss
851 http fetch GET 200 https://registry.npmjs.org/ajv 196ms (cache miss)
852 silly packumentCache full:https://registry.npmjs.org/ajv set size:undefined disposed:false
853 silly fetch manifest rollup@4.22.4
854 silly packumentCache full:https://registry.npmjs.org/rollup cache-miss
855 http fetch GET 200 https://registry.npmjs.org/lmdb 132ms (cache miss)
856 silly packumentCache full:https://registry.npmjs.org/lmdb set size:undefined disposed:false
857 silly fetch manifest browserslist@^4.23.0
858 silly packumentCache full:https://registry.npmjs.org/browserslist cache-hit
859 silly fetch manifest @inquirer/confirm@3.1.22
860 silly packumentCache full:https://registry.npmjs.org/@inquirer%2fconfirm cache-miss
861 http fetch GET 200 https://registry.npmjs.org/@inquirer%2fconfirm 126ms (cache miss)
862 silly packumentCache full:https://registry.npmjs.org/@inquirer%2fconfirm set size:undefined disposed:false
863 silly fetch manifest @vitejs/plugin-basic-ssl@1.1.0
864 silly packumentCache full:https://registry.npmjs.org/@vitejs%2fplugin-basic-ssl cache-miss
865 http fetch GET 200 https://registry.npmjs.org/@vitejs%2fplugin-basic-ssl 109ms (cache miss)
866 silly packumentCache full:https://registry.npmjs.org/@vitejs%2fplugin-basic-ssl set size:undefined disposed:false
867 silly fetch manifest @babel/helper-annotate-as-pure@7.24.7
868 silly packumentCache full:https://registry.npmjs.org/@babel%2fhelper-annotate-as-pure cache-miss
869 http fetch GET 200 https://registry.npmjs.org/@babel%2fhelper-annotate-as-pure 94ms (cache revalidated)
870 silly packumentCache full:https://registry.npmjs.org/@babel%2fhelper-annotate-as-pure set size:171595 disposed:false
871 silly fetch manifest @babel/plugin-syntax-import-attributes@7.24.7
872 silly packumentCache full:https://registry.npmjs.org/@babel%2fplugin-syntax-import-attributes cache-miss
873 http fetch GET 200 https://registry.npmjs.org/@babel%2fplugin-syntax-import-attributes 92ms (cache miss)
874 silly packumentCache full:https://registry.npmjs.org/@babel%2fplugin-syntax-import-attributes set size:undefined disposed:false
875 silly fetch manifest debug@^4.1.0
876 silly packumentCache full:https://registry.npmjs.org/debug cache-miss
877 http fetch GET 200 https://registry.npmjs.org/rollup 570ms (cache miss)
878 silly packumentCache full:https://registry.npmjs.org/rollup set size:undefined disposed:false
879 silly fetch manifest json5@^2.2.3
880 silly packumentCache full:https://registry.npmjs.org/json5 cache-miss
881 http fetch GET 200 https://registry.npmjs.org/json5 97ms (cache miss)
882 silly packumentCache full:https://registry.npmjs.org/json5 set size:undefined disposed:false
883 silly fetch manifest semver@^6.3.1
884 silly packumentCache full:https://registry.npmjs.org/semver cache-hit
885 silly fetch manifest gensync@^1.0.0-beta.2
886 silly packumentCache full:https://registry.npmjs.org/gensync cache-miss
887 http fetch GET 200 https://registry.npmjs.org/debug 336ms (cache revalidated)
888 silly packumentCache full:https://registry.npmjs.org/debug set size:195840 disposed:false
889 silly fetch manifest @babel/types@^7.26.10
890 silly packumentCache full:https://registry.npmjs.org/@babel%2ftypes cache-miss
891 http fetch GET 200 https://registry.npmjs.org/gensync 89ms (cache miss)
892 silly packumentCache full:https://registry.npmjs.org/gensync set size:undefined disposed:false
893 silly fetch manifest @babel/parser@^7.26.10
894 silly packumentCache full:https://registry.npmjs.org/@babel%2fparser cache-miss
895 http fetch GET 200 https://registry.npmjs.org/@babel%2ftypes 169ms (cache miss)
896 silly packumentCache full:https://registry.npmjs.org/@babel%2ftypes set size:undefined disposed:false
897 silly fetch manifest @babel/helpers@^7.26.10
898 silly packumentCache full:https://registry.npmjs.org/@babel%2fhelpers cache-miss
899 http fetch GET 200 https://registry.npmjs.org/@babel%2fparser 185ms (cache miss)
900 silly packumentCache full:https://registry.npmjs.org/@babel%2fparser set size:undefined disposed:false
901 silly fetch manifest @babel/template@^7.26.9
902 silly packumentCache full:https://registry.npmjs.org/@babel%2ftemplate cache-miss
903 http fetch GET 200 https://registry.npmjs.org/@babel%2fhelpers 174ms (cache miss)
904 silly packumentCache full:https://registry.npmjs.org/@babel%2fhelpers set size:undefined disposed:false
905 silly fetch manifest @babel/traverse@^7.26.10
906 silly packumentCache full:https://registry.npmjs.org/@babel%2ftraverse cache-miss
907 http fetch GET 200 https://registry.npmjs.org/@babel%2ftemplate 140ms (cache miss)
908 silly packumentCache full:https://registry.npmjs.org/@babel%2ftemplate set size:undefined disposed:false
909 silly fetch manifest @babel/generator@^7.26.10
910 silly packumentCache full:https://registry.npmjs.org/@babel%2fgenerator cache-miss
911 http fetch GET 200 https://registry.npmjs.org/@babel%2ftraverse 212ms (cache miss)
912 silly packumentCache full:https://registry.npmjs.org/@babel%2ftraverse set size:undefined disposed:false
913 silly fetch manifest @babel/code-frame@^7.26.2
914 silly packumentCache full:https://registry.npmjs.org/@babel%2fcode-frame cache-miss
915 http fetch GET 200 https://registry.npmjs.org/@babel%2fgenerator 201ms (cache revalidated)
916 silly packumentCache full:https://registry.npmjs.org/@babel%2fgenerator set size:507107 disposed:false
917 silly fetch manifest convert-source-map@^2.0.0
918 silly packumentCache full:https://registry.npmjs.org/convert-source-map cache-miss
919 http fetch GET 200 https://registry.npmjs.org/@babel%2fcode-frame 102ms (cache miss)
920 silly packumentCache full:https://registry.npmjs.org/@babel%2fcode-frame set size:undefined disposed:false
921 silly fetch manifest @babel/helper-module-transforms@^7.26.0
922 silly packumentCache full:https://registry.npmjs.org/@babel%2fhelper-module-transforms cache-miss
923 http fetch GET 200 https://registry.npmjs.org/convert-source-map 79ms (cache revalidated)
924 silly packumentCache full:https://registry.npmjs.org/convert-source-map set size:66997 disposed:false
925 silly fetch manifest @babel/helper-compilation-targets@^7.26.5
926 silly packumentCache full:https://registry.npmjs.org/@babel%2fhelper-compilation-targets cache-miss
927 http fetch GET 200 https://registry.npmjs.org/@babel%2fhelper-module-transforms 99ms (cache miss)
928 silly packumentCache full:https://registry.npmjs.org/@babel%2fhelper-module-transforms set size:undefined disposed:false
929 silly fetch manifest jsesc@^3.0.2
930 silly packumentCache full:https://registry.npmjs.org/jsesc cache-miss
931 http fetch GET 200 https://registry.npmjs.org/@babel%2fhelper-compilation-targets 123ms (cache miss)
932 silly packumentCache full:https://registry.npmjs.org/@babel%2fhelper-compilation-targets set size:undefined disposed:false
933 silly fetch manifest @jridgewell/trace-mapping@^0.3.25
934 silly packumentCache full:https://registry.npmjs.org/@jridgewell%2ftrace-mapping cache-miss
935 http fetch GET 200 https://registry.npmjs.org/jsesc 154ms (cache miss)
936 silly packumentCache full:https://registry.npmjs.org/jsesc set size:undefined disposed:false
937 silly fetch manifest @babel/types@^7.25.9
938 silly packumentCache full:https://registry.npmjs.org/@babel%2ftypes cache-miss
939 http fetch GET 200 https://registry.npmjs.org/@jridgewell%2ftrace-mapping 238ms (cache revalidated)
940 silly packumentCache full:https://registry.npmjs.org/@jridgewell%2ftrace-mapping set size:170909 disposed:false
941 silly fetch manifest @babel/types@^7.24.7
942 silly packumentCache full:https://registry.npmjs.org/@babel%2ftypes cache-miss
943 http fetch GET 200 https://registry.npmjs.org/@babel%2ftypes 267ms (cache revalidated)
944 silly packumentCache full:https://registry.npmjs.org/@babel%2ftypes set size:487885 disposed:false
945 silly fetch manifest @babel/traverse@^7.26.8
946 silly packumentCache full:https://registry.npmjs.org/@babel%2ftraverse cache-miss
947 http fetch GET 200 https://registry.npmjs.org/@babel%2ftypes 195ms (cache revalidated)
948 silly packumentCache full:https://registry.npmjs.org/@babel%2ftypes set size:487885 disposed:false
949 silly packumentCache full:https://registry.npmjs.org/@babel%2ftypes dispose
950 silly fetch manifest @babel/helper-plugin-utils@^7.26.5
951 silly packumentCache full:https://registry.npmjs.org/@babel%2fhelper-plugin-utils cache-miss
952 http fetch GET 200 https://registry.npmjs.org/@babel%2fhelper-plugin-utils 162ms (cache miss)
953 silly packumentCache full:https://registry.npmjs.org/@babel%2fhelper-plugin-utils set size:undefined disposed:false
954 silly fetch manifest @babel/helper-remap-async-to-generator@^7.25.9
955 silly packumentCache full:https://registry.npmjs.org/@babel%2fhelper-remap-async-to-generator cache-miss
956 http fetch GET 200 https://registry.npmjs.org/@babel%2ftraverse 255ms (cache revalidated)
957 silly packumentCache full:https://registry.npmjs.org/@babel%2ftraverse set size:548722 disposed:false
958 silly fetch manifest @babel/helper-plugin-utils@^7.25.9
959 silly packumentCache full:https://registry.npmjs.org/@babel%2fhelper-plugin-utils cache-miss
960 http fetch GET 200 https://registry.npmjs.org/@babel%2fhelper-remap-async-to-generator 231ms (cache miss)
961 silly packumentCache full:https://registry.npmjs.org/@babel%2fhelper-remap-async-to-generator set size:undefined disposed:false
962 silly fetch manifest @babel/helper-module-imports@^7.25.9
963 silly packumentCache full:https://registry.npmjs.org/@babel%2fhelper-module-imports cache-miss
964 http fetch GET 200 https://registry.npmjs.org/@babel%2fhelper-plugin-utils 227ms (cache revalidated)
965 silly packumentCache full:https://registry.npmjs.org/@babel%2fhelper-plugin-utils set size:163951 disposed:false
966 silly fetch manifest @babel/helper-module-imports@^7.25.9
967 silly packumentCache full:https://registry.npmjs.org/@babel%2fhelper-module-imports cache-miss
968 http fetch GET 200 https://registry.npmjs.org/@babel%2fhelper-module-imports 143ms (cache miss)
969 silly packumentCache full:https://registry.npmjs.org/@babel%2fhelper-module-imports set size:undefined disposed:false
970 silly fetch manifest babel-plugin-polyfill-corejs2@^0.4.10
971 silly packumentCache full:https://registry.npmjs.org/babel-plugin-polyfill-corejs2 cache-miss
972 http fetch GET 200 https://registry.npmjs.org/@babel%2fhelper-module-imports 145ms (cache miss)
973 silly packumentCache full:https://registry.npmjs.org/@babel%2fhelper-module-imports set size:undefined disposed:false
974 silly fetch manifest babel-plugin-polyfill-corejs3@^0.11.0
975 silly packumentCache full:https://registry.npmjs.org/babel-plugin-polyfill-corejs3 cache-miss
976 http fetch GET 200 https://registry.npmjs.org/babel-plugin-polyfill-corejs2 92ms (cache miss)
977 silly packumentCache full:https://registry.npmjs.org/babel-plugin-polyfill-corejs2 set size:undefined disposed:false
978 silly fetch manifest babel-plugin-polyfill-regenerator@^0.6.1
979 silly packumentCache full:https://registry.npmjs.org/babel-plugin-polyfill-regenerator cache-miss
980 http fetch GET 200 https://registry.npmjs.org/babel-plugin-polyfill-corejs3 116ms (cache miss)
981 silly packumentCache full:https://registry.npmjs.org/babel-plugin-polyfill-corejs3 set size:undefined disposed:false
982 silly fetch manifest core-js-compat@^3.40.0
983 silly packumentCache full:https://registry.npmjs.org/core-js-compat cache-miss
984 http fetch GET 200 https://registry.npmjs.org/babel-plugin-polyfill-regenerator 115ms (cache miss)
985 silly packumentCache full:https://registry.npmjs.org/babel-plugin-polyfill-regenerator set size:undefined disposed:false
986 silly fetch manifest @babel/compat-data@^7.26.8
987 silly packumentCache full:https://registry.npmjs.org/@babel%2fcompat-data cache-miss
988 http fetch GET 200 https://registry.npmjs.org/core-js-compat 115ms (cache miss)
989 silly packumentCache full:https://registry.npmjs.org/core-js-compat set size:undefined disposed:false
990 silly fetch manifest @babel/preset-modules@0.1.6-no-external-plugins
991 silly packumentCache full:https://registry.npmjs.org/@babel%2fpreset-modules cache-miss
992 http fetch GET 200 https://registry.npmjs.org/@babel%2fcompat-data 131ms (cache miss)
993 silly packumentCache full:https://registry.npmjs.org/@babel%2fcompat-data set size:undefined disposed:false
994 silly fetch manifest @babel/helper-validator-option@^7.25.9
995 silly packumentCache full:https://registry.npmjs.org/@babel%2fhelper-validator-option cache-miss
996 http fetch GET 200 https://registry.npmjs.org/@babel%2fhelper-validator-option 88ms (cache miss)
997 silly packumentCache full:https://registry.npmjs.org/@babel%2fhelper-validator-option set size:undefined disposed:false
998 silly fetch manifest @babel/plugin-transform-for-of@^7.26.9
999 silly packumentCache full:https://registry.npmjs.org/@babel%2fplugin-transform-for-of cache-miss
1000 http fetch GET 200 https://registry.npmjs.org/@babel%2fplugin-transform-for-of 141ms (cache miss)
1001 silly packumentCache full:https://registry.npmjs.org/@babel%2fplugin-transform-for-of set size:undefined disposed:false
1002 silly fetch manifest @babel/plugin-transform-spread@^7.25.9
1003 silly packumentCache full:https://registry.npmjs.org/@babel%2fplugin-transform-spread cache-miss
1004 http fetch GET 200 https://registry.npmjs.org/@babel%2fpreset-modules 435ms (cache miss)
1005 silly packumentCache full:https://registry.npmjs.org/@babel%2fpreset-modules set size:undefined disposed:false
1006 silly fetch manifest @babel/plugin-transform-classes@^7.25.9
1007 silly packumentCache full:https://registry.npmjs.org/@babel%2fplugin-transform-classes cache-miss
1008 http fetch GET 200 https://registry.npmjs.org/@babel%2fplugin-transform-spread 188ms (cache miss)
1009 silly packumentCache full:https://registry.npmjs.org/@babel%2fplugin-transform-spread set size:undefined disposed:false
1010 silly fetch manifest @babel/plugin-transform-literals@^7.25.9
1011 silly packumentCache full:https://registry.npmjs.org/@babel%2fplugin-transform-literals cache-miss
1012 http fetch GET 200 https://registry.npmjs.org/@babel%2fplugin-transform-classes 167ms (cache miss)
1013 silly packumentCache full:https://registry.npmjs.org/@babel%2fplugin-transform-classes set size:undefined disposed:false
1014 silly fetch manifest @babel/plugin-transform-new-target@^7.25.9
1015 silly packumentCache full:https://registry.npmjs.org/@babel%2fplugin-transform-new-target cache-miss
1016 http fetch GET 200 https://registry.npmjs.org/@babel%2fplugin-transform-literals 121ms (cache miss)
1017 silly packumentCache full:https://registry.npmjs.org/@babel%2fplugin-transform-literals set size:undefined disposed:false
1018 silly fetch manifest @babel/plugin-transform-parameters@^7.25.9
1019 silly packumentCache full:https://registry.npmjs.org/@babel%2fplugin-transform-parameters cache-miss
1020 http fetch GET 200 https://registry.npmjs.org/@babel%2fplugin-transform-new-target 110ms (cache miss)
1021 silly packumentCache full:https://registry.npmjs.org/@babel%2fplugin-transform-new-target set size:undefined disposed:false
1022 silly fetch manifest @babel/plugin-transform-modules-amd@^7.25.9
1023 silly packumentCache full:https://registry.npmjs.org/@babel%2fplugin-transform-modules-amd cache-miss
1024 http fetch GET 200 https://registry.npmjs.org/@babel%2fplugin-transform-parameters 164ms (cache miss)
1025 silly packumentCache full:https://registry.npmjs.org/@babel%2fplugin-transform-parameters set size:undefined disposed:false
1026 silly fetch manifest @babel/plugin-transform-modules-umd@^7.25.9
1027 silly packumentCache full:https://registry.npmjs.org/@babel%2fplugin-transform-modules-umd cache-miss
1028 http fetch GET 200 https://registry.npmjs.org/@babel%2fplugin-transform-modules-amd 199ms (cache miss)
1029 silly packumentCache full:https://registry.npmjs.org/@babel%2fplugin-transform-modules-amd set size:undefined disposed:false
1030 silly fetch manifest @babel/plugin-transform-regenerator@^7.25.9
1031 silly packumentCache full:https://registry.npmjs.org/@babel%2fplugin-transform-regenerator cache-miss
1032 http fetch GET 200 https://registry.npmjs.org/@babel%2fplugin-transform-modules-umd 190ms (cache miss)
1033 silly packumentCache full:https://registry.npmjs.org/@babel%2fplugin-transform-modules-umd set size:undefined disposed:false
1034 silly fetch manifest @babel/plugin-transform-dotall-regex@^7.25.9
1035 silly packumentCache full:https://registry.npmjs.org/@babel%2fplugin-transform-dotall-regex cache-miss
1036 http fetch GET 200 https://registry.npmjs.org/@babel%2fplugin-transform-regenerator 250ms (cache miss)
1037 silly packumentCache full:https://registry.npmjs.org/@babel%2fplugin-transform-regenerator set size:undefined disposed:false
1038 silly fetch manifest @babel/plugin-transform-json-strings@^7.25.9
1039 silly packumentCache full:https://registry.npmjs.org/@babel%2fplugin-transform-json-strings cache-miss
1040 http fetch GET 200 https://registry.npmjs.org/@babel%2fplugin-transform-dotall-regex 291ms (cache miss)
1041 silly packumentCache full:https://registry.npmjs.org/@babel%2fplugin-transform-dotall-regex set size:undefined disposed:false
1042 silly fetch manifest @babel/plugin-transform-object-super@^7.25.9
1043 silly packumentCache full:https://registry.npmjs.org/@babel%2fplugin-transform-object-super cache-miss
1044 http fetch GET 200 https://registry.npmjs.org/@babel%2fplugin-transform-json-strings 287ms (cache miss)
1045 silly packumentCache full:https://registry.npmjs.org/@babel%2fplugin-transform-json-strings set size:undefined disposed:false
1046 silly fetch manifest @babel/plugin-transform-sticky-regex@^7.25.9
1047 silly packumentCache full:https://registry.npmjs.org/@babel%2fplugin-transform-sticky-regex cache-miss
1048 http fetch GET 200 https://registry.npmjs.org/@babel%2fplugin-transform-object-super 354ms (cache miss)
1049 silly packumentCache full:https://registry.npmjs.org/@babel%2fplugin-transform-object-super set size:undefined disposed:false
1050 silly fetch manifest @babel/plugin-transform-block-scoping@^7.25.9
1051 silly packumentCache full:https://registry.npmjs.org/@babel%2fplugin-transform-block-scoping cache-miss
1052 http fetch GET 200 https://registry.npmjs.org/@babel%2fplugin-transform-sticky-regex 445ms (cache miss)
1053 silly packumentCache full:https://registry.npmjs.org/@babel%2fplugin-transform-sticky-regex set size:undefined disposed:false
1054 silly fetch manifest @babel/plugin-transform-destructuring@^7.25.9
1055 silly packumentCache full:https://registry.npmjs.org/@babel%2fplugin-transform-destructuring cache-miss
1056 http fetch GET 200 https://registry.npmjs.org/@babel%2fplugin-transform-block-scoping 541ms (cache miss)
1057 silly packumentCache full:https://registry.npmjs.org/@babel%2fplugin-transform-block-scoping set size:undefined disposed:false
1058 silly fetch manifest @babel/plugin-transform-function-name@^7.25.9
1059 silly packumentCache full:https://registry.npmjs.org/@babel%2fplugin-transform-function-name cache-miss
1060 http fetch GET 200 https://registry.npmjs.org/@babel%2fplugin-transform-destructuring 520ms (cache miss)
1061 silly packumentCache full:https://registry.npmjs.org/@babel%2fplugin-transform-destructuring set size:undefined disposed:false
1062 silly fetch manifest @babel/plugin-transform-typeof-symbol@^7.26.7
1063 silly packumentCache full:https://registry.npmjs.org/@babel%2fplugin-transform-typeof-symbol cache-miss
1064 http fetch GET 200 https://registry.npmjs.org/@babel%2fplugin-transform-function-name 651ms (cache miss)
1065 silly packumentCache full:https://registry.npmjs.org/@babel%2fplugin-transform-function-name set size:undefined disposed:false
1066 silly fetch manifest @babel/plugin-transform-unicode-regex@^7.25.9
1067 silly packumentCache full:https://registry.npmjs.org/@babel%2fplugin-transform-unicode-regex cache-miss
1068 http fetch GET 200 https://registry.npmjs.org/@babel%2fplugin-transform-typeof-symbol 449ms (cache miss)
1069 silly packumentCache full:https://registry.npmjs.org/@babel%2fplugin-transform-typeof-symbol set size:undefined disposed:false
1070 silly fetch manifest @babel/plugin-syntax-import-assertions@^7.26.0
1071 silly packumentCache full:https://registry.npmjs.org/@babel%2fplugin-syntax-import-assertions cache-miss
1072 http fetch GET 200 https://registry.npmjs.org/@babel%2fplugin-syntax-import-assertions 130ms (cache miss)
1073 silly packumentCache full:https://registry.npmjs.org/@babel%2fplugin-syntax-import-assertions set size:undefined disposed:false
1074 silly fetch manifest @babel/plugin-syntax-import-attributes@^7.26.0
1075 silly packumentCache full:https://registry.npmjs.org/@babel%2fplugin-syntax-import-attributes cache-miss
1076 http fetch GET 200 https://registry.npmjs.org/@babel%2fplugin-transform-unicode-regex 202ms (cache miss)
1077 silly packumentCache full:https://registry.npmjs.org/@babel%2fplugin-transform-unicode-regex set size:undefined disposed:false
1078 silly fetch manifest @babel/plugin-transform-duplicate-keys@^7.25.9
1079 silly packumentCache full:https://registry.npmjs.org/@babel%2fplugin-transform-duplicate-keys cache-miss
1080 http fetch GET 200 https://registry.npmjs.org/vite 6473ms (cache miss)
1081 silly packumentCache full:https://registry.npmjs.org/vite set size:undefined disposed:false
1082 silly fetch manifest @babel/plugin-transform-dynamic-import@^7.25.9
1083 silly packumentCache full:https://registry.npmjs.org/@babel%2fplugin-transform-dynamic-import cache-miss
1084 http fetch GET 200 https://registry.npmjs.org/@babel%2fplugin-transform-duplicate-keys 1661ms (cache miss)
1085 silly packumentCache full:https://registry.npmjs.org/@babel%2fplugin-transform-duplicate-keys set size:undefined disposed:false
1086 silly fetch manifest @babel/plugin-transform-reserved-words@^7.25.9
1087 silly packumentCache full:https://registry.npmjs.org/@babel%2fplugin-transform-reserved-words cache-miss
1088 http fetch GET 200 https://registry.npmjs.org/@babel%2fplugin-syntax-import-attributes 1773ms (cache revalidated)
1089 silly packumentCache full:https://registry.npmjs.org/@babel%2fplugin-syntax-import-attributes set size:71194 disposed:false
1090 silly fetch manifest @babel/plugin-syntax-unicode-sets-regex@^7.18.6
1091 silly packumentCache full:https://registry.npmjs.org/@babel%2fplugin-syntax-unicode-sets-regex cache-miss
1092 http fetch GET 200 https://registry.npmjs.org/@babel%2fplugin-transform-dynamic-import 134ms (cache miss)
1093 silly packumentCache full:https://registry.npmjs.org/@babel%2fplugin-transform-dynamic-import set size:undefined disposed:false
1094 silly fetch manifest @babel/plugin-transform-arrow-functions@^7.25.9
1095 silly packumentCache full:https://registry.npmjs.org/@babel%2fplugin-transform-arrow-functions cache-miss
1096 http fetch GET 200 https://registry.npmjs.org/@babel%2fplugin-transform-reserved-words 128ms (cache miss)
1097 silly packumentCache full:https://registry.npmjs.org/@babel%2fplugin-transform-reserved-words set size:undefined disposed:false
1098 silly fetch manifest @babel/plugin-transform-private-methods@^7.25.9
1099 silly packumentCache full:https://registry.npmjs.org/@babel%2fplugin-transform-private-methods cache-miss
1100 http fetch GET 200 https://registry.npmjs.org/@babel%2fplugin-syntax-unicode-sets-regex 115ms (cache miss)
1101 silly packumentCache full:https://registry.npmjs.org/@babel%2fplugin-syntax-unicode-sets-regex set size:undefined disposed:false
1102 silly fetch manifest @babel/plugin-transform-unicode-escapes@^7.25.9
1103 silly packumentCache full:https://registry.npmjs.org/@babel%2fplugin-transform-unicode-escapes cache-miss
1104 http fetch GET 200 https://registry.npmjs.org/@babel%2fplugin-transform-arrow-functions 136ms (cache miss)
1105 silly packumentCache full:https://registry.npmjs.org/@babel%2fplugin-transform-arrow-functions set size:undefined disposed:false
1106 silly fetch manifest @babel/plugin-transform-class-properties@^7.25.9
1107 silly packumentCache full:https://registry.npmjs.org/@babel%2fplugin-transform-class-properties cache-miss
1108 http fetch GET 200 https://registry.npmjs.org/@babel%2fplugin-transform-private-methods 93ms (cache miss)
1109 silly packumentCache full:https://registry.npmjs.org/@babel%2fplugin-transform-private-methods set size:undefined disposed:false
1110 silly fetch manifest @babel/plugin-transform-modules-commonjs@^7.26.3
1111 silly packumentCache full:https://registry.npmjs.org/@babel%2fplugin-transform-modules-commonjs cache-miss
1112 http fetch GET 200 https://registry.npmjs.org/@babel%2fplugin-transform-unicode-escapes 101ms (cache miss)
1113 silly packumentCache full:https://registry.npmjs.org/@babel%2fplugin-transform-unicode-escapes set size:undefined disposed:false
1114 silly fetch manifest @babel/plugin-transform-modules-systemjs@^7.25.9
1115 silly packumentCache full:https://registry.npmjs.org/@babel%2fplugin-transform-modules-systemjs cache-miss
1116 http fetch GET 200 https://registry.npmjs.org/@babel%2fplugin-transform-class-properties 185ms (cache miss)
1117 silly packumentCache full:https://registry.npmjs.org/@babel%2fplugin-transform-class-properties set size:undefined disposed:false
1118 silly fetch manifest @babel/plugin-transform-regexp-modifiers@^7.26.0
1119 silly packumentCache full:https://registry.npmjs.org/@babel%2fplugin-transform-regexp-modifiers cache-miss
1120 http fetch GET 200 https://registry.npmjs.org/@babel%2fplugin-transform-modules-commonjs 232ms (cache miss)
1121 silly packumentCache full:https://registry.npmjs.org/@babel%2fplugin-transform-modules-commonjs set size:undefined disposed:false
1122 silly fetch manifest @babel/plugin-transform-numeric-separator@^7.25.9
1123 silly packumentCache full:https://registry.npmjs.org/@babel%2fplugin-transform-numeric-separator cache-miss
1124 http fetch GET 200 https://registry.npmjs.org/@babel%2fplugin-transform-modules-systemjs 220ms (cache miss)
1125 silly packumentCache full:https://registry.npmjs.org/@babel%2fplugin-transform-modules-systemjs set size:undefined disposed:false
1126 silly fetch manifest @babel/plugin-transform-optional-chaining@^7.25.9
1127 silly packumentCache full:https://registry.npmjs.org/@babel%2fplugin-transform-optional-chaining cache-miss
1128 http fetch GET 200 https://registry.npmjs.org/@babel%2fplugin-transform-regexp-modifiers 144ms (cache miss)
1129 silly packumentCache full:https://registry.npmjs.org/@babel%2fplugin-transform-regexp-modifiers set size:undefined disposed:false
1130 silly fetch manifest @babel/plugin-transform-property-literals@^7.25.9
1131 silly packumentCache full:https://registry.npmjs.org/@babel%2fplugin-transform-property-literals cache-miss
1132 http fetch GET 200 https://registry.npmjs.org/@babel%2fplugin-transform-numeric-separator 88ms (cache miss)
1133 silly packumentCache full:https://registry.npmjs.org/@babel%2fplugin-transform-numeric-separator set size:undefined disposed:false
1134 silly fetch manifest @babel/plugin-transform-template-literals@^7.26.8
1135 silly packumentCache full:https://registry.npmjs.org/@babel%2fplugin-transform-template-literals cache-miss
1136 http fetch GET 200 https://registry.npmjs.org/@babel%2fplugin-transform-optional-chaining 97ms (cache miss)
1137 silly packumentCache full:https://registry.npmjs.org/@babel%2fplugin-transform-optional-chaining set size:undefined disposed:false
1138 silly fetch manifest @babel/plugin-transform-class-static-block@^7.26.0
1139 silly packumentCache full:https://registry.npmjs.org/@babel%2fplugin-transform-class-static-block cache-miss
1140 http fetch GET 200 https://registry.npmjs.org/@babel%2fplugin-transform-property-literals 117ms (cache miss)
1141 silly packumentCache full:https://registry.npmjs.org/@babel%2fplugin-transform-property-literals set size:undefined disposed:false
1142 silly fetch manifest @babel/plugin-transform-object-rest-spread@^7.25.9
1143 silly packumentCache full:https://registry.npmjs.org/@babel%2fplugin-transform-object-rest-spread cache-miss
1144 http fetch GET 200 https://registry.npmjs.org/@babel%2fplugin-transform-template-literals 134ms (cache miss)
1145 silly packumentCache full:https://registry.npmjs.org/@babel%2fplugin-transform-template-literals set size:undefined disposed:false
1146 silly fetch manifest @babel/plugin-transform-unicode-sets-regex@^7.25.9
1147 silly packumentCache full:https://registry.npmjs.org/@babel%2fplugin-transform-unicode-sets-regex cache-miss
1148 http fetch GET 200 https://registry.npmjs.org/@babel%2fplugin-transform-class-static-block 171ms (cache miss)
1149 silly packumentCache full:https://registry.npmjs.org/@babel%2fplugin-transform-class-static-block set size:undefined disposed:false
1150 silly fetch manifest @babel/plugin-transform-computed-properties@^7.25.9
1151 silly packumentCache full:https://registry.npmjs.org/@babel%2fplugin-transform-computed-properties cache-miss
1152 http fetch GET 200 https://registry.npmjs.org/@babel%2fplugin-transform-object-rest-spread 164ms (cache miss)
1153 silly packumentCache full:https://registry.npmjs.org/@babel%2fplugin-transform-object-rest-spread set size:undefined disposed:false
1154 silly fetch manifest @babel/plugin-transform-shorthand-properties@^7.25.9
1155 silly packumentCache full:https://registry.npmjs.org/@babel%2fplugin-transform-shorthand-properties cache-miss
1156 http fetch GET 200 https://registry.npmjs.org/@babel%2fplugin-transform-unicode-sets-regex 132ms (cache miss)
1157 silly packumentCache full:https://registry.npmjs.org/@babel%2fplugin-transform-unicode-sets-regex set size:undefined disposed:false
1158 silly fetch manifest @babel/plugin-transform-export-namespace-from@^7.25.9
1159 silly packumentCache full:https://registry.npmjs.org/@babel%2fplugin-transform-export-namespace-from cache-miss
1160 http fetch GET 200 https://registry.npmjs.org/@babel%2fplugin-transform-computed-properties 88ms (cache miss)
1161 silly packumentCache full:https://registry.npmjs.org/@babel%2fplugin-transform-computed-properties set size:undefined disposed:false
1162 silly fetch manifest @babel/plugin-transform-block-scoped-functions@^7.26.5
1163 silly packumentCache full:https://registry.npmjs.org/@babel%2fplugin-transform-block-scoped-functions cache-miss
1164 http fetch GET 200 https://registry.npmjs.org/@babel%2fplugin-transform-export-namespace-from 92ms (cache miss)
1165 silly packumentCache full:https://registry.npmjs.org/@babel%2fplugin-transform-export-namespace-from set size:undefined disposed:false
1166 silly fetch manifest @babel/plugin-transform-optional-catch-binding@^7.25.9
1167 silly packumentCache full:https://registry.npmjs.org/@babel%2fplugin-transform-optional-catch-binding cache-miss
1168 http fetch GET 200 https://registry.npmjs.org/@babel%2fplugin-transform-shorthand-properties 124ms (cache miss)
1169 silly packumentCache full:https://registry.npmjs.org/@babel%2fplugin-transform-shorthand-properties set size:undefined disposed:false
1170 silly fetch manifest @babel/plugin-transform-unicode-property-regex@^7.25.9
1171 silly packumentCache full:https://registry.npmjs.org/@babel%2fplugin-transform-unicode-property-regex cache-miss
1172 http fetch GET 200 https://registry.npmjs.org/@babel%2fplugin-transform-block-scoped-functions 127ms (cache miss)
1173 silly packumentCache full:https://registry.npmjs.org/@babel%2fplugin-transform-block-scoped-functions set size:undefined disposed:false
1174 silly fetch manifest @babel/plugin-transform-exponentiation-operator@^7.26.3
1175 silly packumentCache full:https://registry.npmjs.org/@babel%2fplugin-transform-exponentiation-operator cache-miss
1176 http fetch GET 200 https://registry.npmjs.org/@babel%2fplugin-transform-optional-catch-binding 124ms (cache miss)
1177 silly packumentCache full:https://registry.npmjs.org/@babel%2fplugin-transform-optional-catch-binding set size:undefined disposed:false
1178 silly fetch manifest @babel/plugin-proposal-private-property-in-object@7.21.0-placeholder-for-preset-env.2
1179 silly packumentCache full:https://registry.npmjs.org/@babel%2fplugin-proposal-private-property-in-object cache-miss
1180 http fetch GET 200 https://registry.npmjs.org/@babel%2fplugin-transform-unicode-property-regex 128ms (cache miss)
1181 silly packumentCache full:https://registry.npmjs.org/@babel%2fplugin-transform-unicode-property-regex set size:undefined disposed:false
1182 silly fetch manifest @babel/plugin-transform-member-expression-literals@^7.25.9
1183 silly packumentCache full:https://registry.npmjs.org/@babel%2fplugin-transform-member-expression-literals cache-miss
1184 http fetch GET 200 https://registry.npmjs.org/@babel%2fplugin-transform-exponentiation-operator 142ms (cache miss)
1185 silly packumentCache full:https://registry.npmjs.org/@babel%2fplugin-transform-exponentiation-operator set size:undefined disposed:false
1186 silly fetch manifest @babel/plugin-transform-private-property-in-object@^7.25.9
1187 silly packumentCache full:https://registry.npmjs.org/@babel%2fplugin-transform-private-property-in-object cache-miss
1188 http fetch GET 200 https://registry.npmjs.org/@babel%2fplugin-proposal-private-property-in-object 118ms (cache miss)
1189 silly packumentCache full:https://registry.npmjs.org/@babel%2fplugin-proposal-private-property-in-object set size:undefined disposed:false
1190 silly fetch manifest @babel/plugin-transform-nullish-coalescing-operator@^7.26.6
1191 silly packumentCache full:https://registry.npmjs.org/@babel%2fplugin-transform-nullish-coalescing-operator cache-miss
1192 http fetch GET 200 https://registry.npmjs.org/@babel%2fplugin-transform-member-expression-literals 130ms (cache miss)
1193 silly packumentCache full:https://registry.npmjs.org/@babel%2fplugin-transform-member-expression-literals set size:undefined disposed:false
1194 silly fetch manifest @babel/plugin-transform-logical-assignment-operators@^7.25.9
1195 silly packumentCache full:https://registry.npmjs.org/@babel%2fplugin-transform-logical-assignment-operators cache-miss
1196 http fetch GET 200 https://registry.npmjs.org/@babel%2fplugin-transform-private-property-in-object 100ms (cache miss)
1197 silly packumentCache full:https://registry.npmjs.org/@babel%2fplugin-transform-private-property-in-object set size:undefined disposed:false
1198 silly fetch manifest @babel/plugin-transform-named-capturing-groups-regex@^7.25.9
1199 silly packumentCache full:https://registry.npmjs.org/@babel%2fplugin-transform-named-capturing-groups-regex cache-miss
1200 http fetch GET 200 https://registry.npmjs.org/@babel%2fplugin-transform-nullish-coalescing-operator 89ms (cache miss)
1201 silly packumentCache full:https://registry.npmjs.org/@babel%2fplugin-transform-nullish-coalescing-operator set size:undefined disposed:false
1202 silly fetch manifest @babel/plugin-bugfix-firefox-class-in-computed-class-key@^7.25.9
1203 silly packumentCache full:https://registry.npmjs.org/@babel%2fplugin-bugfix-firefox-class-in-computed-class-key cache-miss
1204 http fetch GET 200 https://registry.npmjs.org/@babel%2fplugin-bugfix-firefox-class-in-computed-class-key 90ms (cache miss)
1205 silly packumentCache full:https://registry.npmjs.org/@babel%2fplugin-bugfix-firefox-class-in-computed-class-key set size:undefined disposed:false
1206 silly fetch manifest @babel/plugin-bugfix-safari-class-field-initializer-scope@^7.25.9
1207 silly packumentCache full:https://registry.npmjs.org/@babel%2fplugin-bugfix-safari-class-field-initializer-scope cache-miss
1208 http fetch GET 200 https://registry.npmjs.org/@babel%2fplugin-transform-named-capturing-groups-regex 168ms (cache miss)
1209 silly packumentCache full:https://registry.npmjs.org/@babel%2fplugin-transform-named-capturing-groups-regex set size:undefined disposed:false
1210 silly fetch manifest @babel/plugin-bugfix-v8-static-class-fields-redefine-readonly@^7.25.9
1211 silly packumentCache full:https://registry.npmjs.org/@babel%2fplugin-bugfix-v8-static-class-fields-redefine-readonly cache-miss
1212 http fetch GET 200 https://registry.npmjs.org/@babel%2fplugin-bugfix-safari-class-field-initializer-scope 104ms (cache miss)
1213 silly packumentCache full:https://registry.npmjs.org/@babel%2fplugin-bugfix-safari-class-field-initializer-scope set size:undefined disposed:false
1214 silly fetch manifest @babel/plugin-bugfix-v8-spread-parameters-in-optional-chaining@^7.25.9
1215 silly packumentCache full:https://registry.npmjs.org/@babel%2fplugin-bugfix-v8-spread-parameters-in-optional-chaining cache-miss
1216 http fetch GET 200 https://registry.npmjs.org/@babel%2fplugin-transform-logical-assignment-operators 371ms (cache miss)
1217 silly packumentCache full:https://registry.npmjs.org/@babel%2fplugin-transform-logical-assignment-operators set size:undefined disposed:false
1218 silly fetch manifest @babel/plugin-transform-duplicate-named-capturing-groups-regex@^7.25.9
1219 silly packumentCache full:https://registry.npmjs.org/@babel%2fplugin-transform-duplicate-named-capturing-groups-regex cache-miss
1220 http fetch GET 200 https://registry.npmjs.org/@babel%2fplugin-bugfix-v8-static-class-fields-redefine-readonly 157ms (cache miss)
1221 silly packumentCache full:https://registry.npmjs.org/@babel%2fplugin-bugfix-v8-static-class-fields-redefine-readonly set size:undefined disposed:false
1222 silly fetch manifest @babel/plugin-bugfix-safari-id-destructuring-collision-in-function-expression@^7.25.9
1223 silly packumentCache full:https://registry.npmjs.org/@babel%2fplugin-bugfix-safari-id-destructuring-collision-in-function-expression cache-miss
1224 http fetch GET 200 https://registry.npmjs.org/@babel%2fplugin-bugfix-v8-spread-parameters-in-optional-chaining 141ms (cache miss)
1225 silly packumentCache full:https://registry.npmjs.org/@babel%2fplugin-bugfix-v8-spread-parameters-in-optional-chaining set size:undefined disposed:false
1226 silly fetch manifest regenerator-runtime@^0.14.0
1227 silly packumentCache full:https://registry.npmjs.org/regenerator-runtime cache-miss
1228 http fetch GET 200 https://registry.npmjs.org/@babel%2fplugin-transform-duplicate-named-capturing-groups-regex 104ms (cache miss)
1229 silly packumentCache full:https://registry.npmjs.org/@babel%2fplugin-transform-duplicate-named-capturing-groups-regex set size:undefined disposed:false
1230 silly fetch manifest picocolors@^1.0.1
1231 silly packumentCache full:https://registry.npmjs.org/picocolors cache-miss
1232 http fetch GET 200 https://registry.npmjs.org/regenerator-runtime 87ms (cache miss)
1233 silly packumentCache full:https://registry.npmjs.org/regenerator-runtime set size:undefined disposed:false
1234 silly fetch manifest fraction.js@^4.3.7
1235 silly packumentCache full:https://registry.npmjs.org/fraction.js cache-miss
1236 http fetch GET 200 https://registry.npmjs.org/picocolors 77ms (cache miss)
1237 silly packumentCache full:https://registry.npmjs.org/picocolors set size:undefined disposed:false
1238 silly fetch manifest browserslist@^4.23.3
1239 silly packumentCache full:https://registry.npmjs.org/browserslist cache-hit
1240 silly fetch manifest caniuse-lite@^1.0.30001646
1241 silly packumentCache full:https://registry.npmjs.org/caniuse-lite cache-miss
1242 http fetch GET 200 https://registry.npmjs.org/fraction.js 95ms (cache miss)
1243 silly packumentCache full:https://registry.npmjs.org/fraction.js set size:undefined disposed:false
1244 silly fetch manifest normalize-range@^0.1.2
1245 silly packumentCache full:https://registry.npmjs.org/normalize-range cache-miss
1246 http fetch GET 200 https://registry.npmjs.org/normalize-range 101ms (cache miss)
1247 silly packumentCache full:https://registry.npmjs.org/normalize-range set size:undefined disposed:false
1248 silly fetch manifest postcss-value-parser@^4.2.0
1249 silly packumentCache full:https://registry.npmjs.org/postcss-value-parser cache-miss
1250 http fetch GET 200 https://registry.npmjs.org/postcss-value-parser 86ms (cache miss)
1251 silly packumentCache full:https://registry.npmjs.org/postcss-value-parser set size:undefined disposed:false
1252 silly fetch manifest nanoid@^3.3.7
1253 silly packumentCache full:https://registry.npmjs.org/nanoid cache-miss
1254 http fetch GET 200 https://registry.npmjs.org/caniuse-lite 244ms (cache miss)
1255 silly packumentCache full:https://registry.npmjs.org/caniuse-lite set size:undefined disposed:false
1256 silly fetch manifest source-map-js@^1.2.0
1257 silly packumentCache full:https://registry.npmjs.org/source-map-js cache-miss
1258 http fetch GET 200 https://registry.npmjs.org/source-map-js 146ms (cache miss)
1259 silly packumentCache full:https://registry.npmjs.org/source-map-js set size:undefined disposed:false
1260 silly fetch manifest schema-utils@^4.0.0
1261 silly packumentCache full:https://registry.npmjs.org/schema-utils cache-hit
1262 silly fetch manifest find-cache-dir@^4.0.0
1263 silly packumentCache full:https://registry.npmjs.org/find-cache-dir cache-miss
1264 http fetch GET 200 https://registry.npmjs.org/nanoid 250ms (cache miss)
1265 silly packumentCache full:https://registry.npmjs.org/nanoid set size:undefined disposed:false
1266 silly fetch manifest baseline-browser-mapping@^2.10.12
1267 silly packumentCache full:https://registry.npmjs.org/baseline-browser-mapping cache-miss
1268 http fetch GET 200 https://registry.npmjs.org/find-cache-dir 119ms (cache miss)
1269 silly packumentCache full:https://registry.npmjs.org/find-cache-dir set size:undefined disposed:false
1270 silly fetch manifest caniuse-lite@^1.0.30001782
1271 silly packumentCache full:https://registry.npmjs.org/caniuse-lite cache-miss
1272 http fetch GET 200 https://registry.npmjs.org/baseline-browser-mapping 155ms (cache miss)
1273 silly packumentCache full:https://registry.npmjs.org/baseline-browser-mapping set size:undefined disposed:false
1274 silly fetch manifest electron-to-chromium@^1.5.328
1275 silly packumentCache full:https://registry.npmjs.org/electron-to-chromium cache-miss
1276 http fetch GET 200 https://registry.npmjs.org/@babel%2fplugin-bugfix-safari-id-destructuring-collision-in-function-expression 891ms (cache miss)
1277 silly packumentCache full:https://registry.npmjs.org/@babel%2fplugin-bugfix-safari-id-destructuring-collision-in-function-expression set size:undefined disposed:false
1278 silly fetch manifest node-releases@^2.0.36
1279 silly packumentCache full:https://registry.npmjs.org/node-releases cache-miss
1280 http fetch GET 200 https://registry.npmjs.org/node-releases 130ms (cache miss)
1281 silly packumentCache full:https://registry.npmjs.org/node-releases set size:undefined disposed:false
1282 silly fetch manifest update-browserslist-db@^1.2.3
1283 silly packumentCache full:https://registry.npmjs.org/update-browserslist-db cache-miss
1284 http fetch GET 200 https://registry.npmjs.org/caniuse-lite 349ms (cache revalidated)
1285 silly packumentCache full:https://registry.npmjs.org/caniuse-lite set size:2287105 disposed:false
1286 silly fetch manifest globby@^14.0.0
1287 silly packumentCache full:https://registry.npmjs.org/globby cache-miss
1288 http fetch GET 200 https://registry.npmjs.org/update-browserslist-db 173ms (cache miss)
1289 silly packumentCache full:https://registry.npmjs.org/update-browserslist-db set size:undefined disposed:false
1290 silly fetch manifest fast-glob@^3.3.2
1291 silly packumentCache full:https://registry.npmjs.org/fast-glob cache-miss
1292 http fetch GET 200 https://registry.npmjs.org/globby 92ms (cache miss)
1293 silly packumentCache full:https://registry.npmjs.org/globby set size:undefined disposed:false
1294 silly fetch manifest glob-parent@^6.0.1
1295 silly packumentCache full:https://registry.npmjs.org/glob-parent cache-miss
1296 http fetch GET 200 https://registry.npmjs.org/fast-glob 122ms (cache revalidated)
1297 silly packumentCache full:https://registry.npmjs.org/fast-glob set size:220556 disposed:false
1298 silly fetch manifest normalize-path@^3.0.0
1299 silly packumentCache full:https://registry.npmjs.org/normalize-path cache-miss
1300 http fetch GET 200 https://registry.npmjs.org/glob-parent 123ms (cache miss)
1301 silly packumentCache full:https://registry.npmjs.org/glob-parent set size:undefined disposed:false
1302 silly fetch manifest serialize-javascript@^6.0.2
1303 silly packumentCache full:https://registry.npmjs.org/serialize-javascript cache-miss
1304 http fetch GET 200 https://registry.npmjs.org/normalize-path 80ms (cache miss)
1305 silly packumentCache full:https://registry.npmjs.org/normalize-path set size:undefined disposed:false
1306 silly fetch manifest chalk@^4.1.0
1307 silly packumentCache full:https://registry.npmjs.org/chalk cache-miss
1308 http fetch GET 200 https://registry.npmjs.org/serialize-javascript 99ms (cache miss)
1309 silly packumentCache full:https://registry.npmjs.org/serialize-javascript set size:undefined disposed:false
1310 silly fetch manifest css-select@^5.1.0
1311 silly packumentCache full:https://registry.npmjs.org/css-select cache-miss
1312 http fetch GET 200 https://registry.npmjs.org/chalk 109ms (cache miss)
1313 silly packumentCache full:https://registry.npmjs.org/chalk set size:undefined disposed:false
1314 silly fetch manifest domhandler@^5.0.2
1315 silly packumentCache full:https://registry.npmjs.org/domhandler cache-miss
1316 http fetch GET 200 https://registry.npmjs.org/css-select 110ms (cache miss)
1317 silly packumentCache full:https://registry.npmjs.org/css-select set size:undefined disposed:false
1318 silly fetch manifest htmlparser2@^8.0.2
1319 silly packumentCache full:https://registry.npmjs.org/htmlparser2 cache-miss
1320 http fetch GET 200 https://registry.npmjs.org/electron-to-chromium 773ms (cache miss)
1321 silly packumentCache full:https://registry.npmjs.org/electron-to-chromium set size:undefined disposed:false
1322 silly fetch manifest dom-serializer@^2.0.0
1323 silly packumentCache full:https://registry.npmjs.org/dom-serializer cache-miss
1324 http fetch GET 200 https://registry.npmjs.org/domhandler 272ms (cache miss)
1325 silly packumentCache full:https://registry.npmjs.org/domhandler set size:undefined disposed:false
1326 silly fetch manifest postcss-media-query-parser@^0.2.3
1327 silly packumentCache full:https://registry.npmjs.org/postcss-media-query-parser cache-miss
1328 http fetch GET 200 https://registry.npmjs.org/dom-serializer 106ms (cache miss)
1329 silly packumentCache full:https://registry.npmjs.org/dom-serializer set size:undefined disposed:false
1330 silly fetch manifest semver@^7.5.4
1331 silly packumentCache full:https://registry.npmjs.org/semver cache-hit
1332 silly fetch manifest icss-utils@^5.1.0
1333 silly packumentCache full:https://registry.npmjs.org/icss-utils cache-miss
1334 http fetch GET 200 https://registry.npmjs.org/htmlparser2 299ms (cache miss)
1335 silly packumentCache full:https://registry.npmjs.org/htmlparser2 set size:undefined disposed:false
1336 silly fetch manifest postcss-modules-scope@^3.2.0
1337 silly packumentCache full:https://registry.npmjs.org/postcss-modules-scope cache-miss
1338 http fetch GET 200 https://registry.npmjs.org/postcss-media-query-parser 112ms (cache miss)
1339 silly packumentCache full:https://registry.npmjs.org/postcss-media-query-parser set size:undefined disposed:false
1340 silly fetch manifest postcss-modules-values@^4.0.0
1341 silly packumentCache full:https://registry.npmjs.org/postcss-modules-values cache-miss
1342 http fetch GET 200 https://registry.npmjs.org/icss-utils 80ms (cache miss)
1343 silly packumentCache full:https://registry.npmjs.org/icss-utils set size:undefined disposed:false
1344 silly fetch manifest postcss-modules-extract-imports@^3.1.0
1345 silly packumentCache full:https://registry.npmjs.org/postcss-modules-extract-imports cache-miss
1346 http fetch GET 200 https://registry.npmjs.org/postcss-modules-scope 118ms (cache miss)
1347 silly packumentCache full:https://registry.npmjs.org/postcss-modules-scope set size:undefined disposed:false
1348 silly fetch manifest postcss-modules-local-by-default@^4.0.5
1349 silly packumentCache full:https://registry.npmjs.org/postcss-modules-local-by-default cache-miss
1350 http fetch GET 200 https://registry.npmjs.org/postcss-modules-values 130ms (cache miss)
1351 silly packumentCache full:https://registry.npmjs.org/postcss-modules-values set size:undefined disposed:false
1352 silly fetch manifest @esbuild/aix-ppc64@0.23.0
1353 silly packumentCache full:https://registry.npmjs.org/@esbuild%2faix-ppc64 cache-miss
1354 http fetch GET 200 https://registry.npmjs.org/postcss-modules-extract-imports 147ms (cache miss)
1355 silly packumentCache full:https://registry.npmjs.org/postcss-modules-extract-imports set size:undefined disposed:false
1356 silly fetch manifest @esbuild/linux-arm@0.23.0
1357 silly packumentCache full:https://registry.npmjs.org/@esbuild%2flinux-arm cache-miss
1358 http fetch GET 200 https://registry.npmjs.org/postcss-modules-local-by-default 107ms (cache miss)
1359 silly packumentCache full:https://registry.npmjs.org/postcss-modules-local-by-default set size:undefined disposed:false
1360 silly fetch manifest @esbuild/linux-x64@0.23.0
1361 silly packumentCache full:https://registry.npmjs.org/@esbuild%2flinux-x64 cache-miss
1362 http fetch GET 200 https://registry.npmjs.org/@esbuild%2faix-ppc64 130ms (cache miss)
1363 silly packumentCache full:https://registry.npmjs.org/@esbuild%2faix-ppc64 set size:undefined disposed:false
1364 silly fetch manifest @esbuild/sunos-x64@0.23.0
1365 silly packumentCache full:https://registry.npmjs.org/@esbuild%2fsunos-x64 cache-miss
1366 http fetch GET 200 https://registry.npmjs.org/@esbuild%2flinux-arm 133ms (cache miss)
1367 silly packumentCache full:https://registry.npmjs.org/@esbuild%2flinux-arm set size:undefined disposed:false
1368 silly fetch manifest @esbuild/win32-x64@0.23.0
1369 silly packumentCache full:https://registry.npmjs.org/@esbuild%2fwin32-x64 cache-miss
1370 http fetch GET 200 https://registry.npmjs.org/@esbuild%2flinux-x64 141ms (cache miss)
1371 silly packumentCache full:https://registry.npmjs.org/@esbuild%2flinux-x64 set size:undefined disposed:false
1372 silly fetch manifest @esbuild/darwin-x64@0.23.0
1373 silly packumentCache full:https://registry.npmjs.org/@esbuild%2fdarwin-x64 cache-miss
1374 http fetch GET 200 https://registry.npmjs.org/@esbuild%2fsunos-x64 191ms (cache miss)
1375 silly packumentCache full:https://registry.npmjs.org/@esbuild%2fsunos-x64 set size:undefined disposed:false
1376 silly fetch manifest @esbuild/linux-ia32@0.23.0
1377 silly packumentCache full:https://registry.npmjs.org/@esbuild%2flinux-ia32 cache-miss
1378 http fetch GET 200 https://registry.npmjs.org/@esbuild%2fwin32-x64 172ms (cache miss)
1379 silly packumentCache full:https://registry.npmjs.org/@esbuild%2fwin32-x64 set size:undefined disposed:false
1380 silly fetch manifest @esbuild/netbsd-x64@0.23.0
1381 silly packumentCache full:https://registry.npmjs.org/@esbuild%2fnetbsd-x64 cache-miss
1382 http fetch GET 200 https://registry.npmjs.org/@esbuild%2fdarwin-x64 181ms (cache miss)
1383 silly packumentCache full:https://registry.npmjs.org/@esbuild%2fdarwin-x64 set size:undefined disposed:false
1384 silly fetch manifest @esbuild/win32-ia32@0.23.0
1385 silly packumentCache full:https://registry.npmjs.org/@esbuild%2fwin32-ia32 cache-miss
1386 http fetch GET 200 https://registry.npmjs.org/@esbuild%2flinux-ia32 144ms (cache miss)
1387 silly packumentCache full:https://registry.npmjs.org/@esbuild%2flinux-ia32 set size:undefined disposed:false
1388 silly fetch manifest @esbuild/android-arm@0.23.0
1389 silly packumentCache full:https://registry.npmjs.org/@esbuild%2fandroid-arm cache-miss
1390 http fetch GET 200 https://registry.npmjs.org/@esbuild%2fnetbsd-x64 136ms (cache miss)
1391 silly packumentCache full:https://registry.npmjs.org/@esbuild%2fnetbsd-x64 set size:undefined disposed:false
1392 silly fetch manifest @esbuild/android-x64@0.23.0
1393 silly packumentCache full:https://registry.npmjs.org/@esbuild%2fandroid-x64 cache-miss
1394 http fetch GET 200 https://registry.npmjs.org/@esbuild%2fandroid-arm 256ms (cache miss)
1395 silly packumentCache full:https://registry.npmjs.org/@esbuild%2fandroid-arm set size:undefined disposed:false
1396 silly fetch manifest @esbuild/freebsd-x64@0.23.0
1397 silly packumentCache full:https://registry.npmjs.org/@esbuild%2ffreebsd-x64 cache-miss
1398 http fetch GET 200 https://registry.npmjs.org/@esbuild%2fandroid-x64 251ms (cache miss)
1399 silly packumentCache full:https://registry.npmjs.org/@esbuild%2fandroid-x64 set size:undefined disposed:false
1400 silly fetch manifest @esbuild/linux-arm64@0.23.0
1401 silly packumentCache full:https://registry.npmjs.org/@esbuild%2flinux-arm64 cache-miss
1402 http fetch GET 200 https://registry.npmjs.org/@esbuild%2fwin32-ia32 448ms (cache miss)
1403 silly packumentCache full:https://registry.npmjs.org/@esbuild%2fwin32-ia32 set size:undefined disposed:false
1404 silly fetch manifest @esbuild/linux-ppc64@0.23.0
1405 silly packumentCache full:https://registry.npmjs.org/@esbuild%2flinux-ppc64 cache-miss
1406 http fetch GET 200 https://registry.npmjs.org/@esbuild%2ffreebsd-x64 153ms (cache miss)
1407 silly packumentCache full:https://registry.npmjs.org/@esbuild%2ffreebsd-x64 set size:undefined disposed:false
1408 silly fetch manifest @esbuild/linux-s390x@0.23.0
1409 silly packumentCache full:https://registry.npmjs.org/@esbuild%2flinux-s390x cache-miss
1410 http fetch GET 200 https://registry.npmjs.org/@esbuild%2flinux-arm64 134ms (cache miss)
1411 silly packumentCache full:https://registry.npmjs.org/@esbuild%2flinux-arm64 set size:undefined disposed:false
1412 silly fetch manifest @esbuild/openbsd-x64@0.23.0
1413 silly packumentCache full:https://registry.npmjs.org/@esbuild%2fopenbsd-x64 cache-miss
1414 http fetch GET 200 https://registry.npmjs.org/@esbuild%2flinux-ppc64 110ms (cache miss)
1415 silly packumentCache full:https://registry.npmjs.org/@esbuild%2flinux-ppc64 set size:undefined disposed:false
1416 silly fetch manifest @esbuild/win32-arm64@0.23.0
1417 silly packumentCache full:https://registry.npmjs.org/@esbuild%2fwin32-arm64 cache-miss
1418 http fetch GET 200 https://registry.npmjs.org/@esbuild%2fopenbsd-x64 91ms (cache miss)
1419 silly packumentCache full:https://registry.npmjs.org/@esbuild%2fopenbsd-x64 set size:undefined disposed:false
1420 silly fetch manifest @esbuild/darwin-arm64@0.23.0
1421 silly packumentCache full:https://registry.npmjs.org/@esbuild%2fdarwin-arm64 cache-miss
1422 http fetch GET 200 https://registry.npmjs.org/@esbuild%2fwin32-arm64 89ms (cache miss)
1423 silly packumentCache full:https://registry.npmjs.org/@esbuild%2fwin32-arm64 set size:undefined disposed:false
1424 silly fetch manifest @esbuild/android-arm64@0.23.0
1425 silly packumentCache full:https://registry.npmjs.org/@esbuild%2fandroid-arm64 cache-miss
1426 http fetch GET 200 https://registry.npmjs.org/@esbuild%2fdarwin-arm64 95ms (cache miss)
1427 silly packumentCache full:https://registry.npmjs.org/@esbuild%2fdarwin-arm64 set size:undefined disposed:false
1428 silly fetch manifest @esbuild/freebsd-arm64@0.23.0
1429 silly packumentCache full:https://registry.npmjs.org/@esbuild%2ffreebsd-arm64 cache-miss
1430 http fetch GET 200 https://registry.npmjs.org/@esbuild%2fandroid-arm64 237ms (cache miss)
1431 silly packumentCache full:https://registry.npmjs.org/@esbuild%2fandroid-arm64 set size:undefined disposed:false
1432 silly fetch manifest @esbuild/linux-loong64@0.23.0
1433 silly packumentCache full:https://registry.npmjs.org/@esbuild%2flinux-loong64 cache-miss
1434 http fetch GET 200 https://registry.npmjs.org/@esbuild%2ffreebsd-arm64 269ms (cache miss)
1435 silly packumentCache full:https://registry.npmjs.org/@esbuild%2ffreebsd-arm64 set size:undefined disposed:false
1436 silly fetch manifest @esbuild/linux-riscv64@0.23.0
1437 silly packumentCache full:https://registry.npmjs.org/@esbuild%2flinux-riscv64 cache-miss
1438 http fetch GET 200 https://registry.npmjs.org/@esbuild%2flinux-loong64 203ms (cache miss)
1439 silly packumentCache full:https://registry.npmjs.org/@esbuild%2flinux-loong64 set size:undefined disposed:false
1440 silly fetch manifest @esbuild/openbsd-arm64@0.23.0
1441 silly packumentCache full:https://registry.npmjs.org/@esbuild%2fopenbsd-arm64 cache-miss
1442 http fetch GET 200 https://registry.npmjs.org/@esbuild%2flinux-riscv64 635ms (cache miss)
1443 silly packumentCache full:https://registry.npmjs.org/@esbuild%2flinux-riscv64 set size:undefined disposed:false
1444 silly fetch manifest @esbuild/linux-mips64el@0.23.0
1445 silly packumentCache full:https://registry.npmjs.org/@esbuild%2flinux-mips64el cache-miss
1446 http fetch GET 200 https://registry.npmjs.org/@esbuild%2flinux-s390x 1210ms (cache miss)
1447 silly packumentCache full:https://registry.npmjs.org/@esbuild%2flinux-s390x set size:undefined disposed:false
1448 silly fetch manifest merge2@^1.3.0
1449 silly packumentCache full:https://registry.npmjs.org/merge2 cache-miss
1450 http fetch GET 200 https://registry.npmjs.org/@esbuild%2flinux-mips64el 221ms (cache miss)
1451 silly packumentCache full:https://registry.npmjs.org/@esbuild%2flinux-mips64el set size:undefined disposed:false
1452 silly fetch manifest micromatch@^4.0.4
1453 silly packumentCache full:https://registry.npmjs.org/micromatch cache-miss
1454 http fetch GET 200 https://registry.npmjs.org/merge2 207ms (cache miss)
1455 silly packumentCache full:https://registry.npmjs.org/merge2 set size:undefined disposed:false
1456 silly fetch manifest glob-parent@^5.1.2
1457 silly packumentCache full:https://registry.npmjs.org/glob-parent cache-miss
1458 http fetch GET 200 https://registry.npmjs.org/micromatch 152ms (cache miss)
1459 silly packumentCache full:https://registry.npmjs.org/micromatch set size:undefined disposed:false
1460 silly fetch manifest @nodelib/fs.stat@^2.0.2
1461 silly packumentCache full:https://registry.npmjs.org/@nodelib%2ffs.stat cache-miss
1462 http fetch GET 200 https://registry.npmjs.org/glob-parent 207ms (cache revalidated)
1463 silly packumentCache full:https://registry.npmjs.org/glob-parent set size:42445 disposed:false
1464 silly fetch manifest @nodelib/fs.walk@^1.2.3
1465 silly packumentCache full:https://registry.npmjs.org/@nodelib%2ffs.walk cache-miss
1466 http fetch GET 200 https://registry.npmjs.org/@nodelib%2ffs.stat 116ms (cache miss)
1467 silly packumentCache full:https://registry.npmjs.org/@nodelib%2ffs.stat set size:undefined disposed:false
1468 silly fetch manifest debug@^4.3.6
1469 silly packumentCache full:https://registry.npmjs.org/debug cache-hit
1470 silly fetch manifest is-glob@^4.0.3
1471 silly packumentCache full:https://registry.npmjs.org/is-glob cache-miss
1472 http fetch GET 200 https://registry.npmjs.org/@nodelib%2ffs.walk 105ms (cache miss)
1473 silly packumentCache full:https://registry.npmjs.org/@nodelib%2ffs.walk set size:undefined disposed:false
1474 silly fetch manifest http-proxy@^1.18.1
1475 silly packumentCache full:https://registry.npmjs.org/http-proxy cache-miss
1476 http fetch GET 200 https://registry.npmjs.org/is-glob 96ms (cache miss)
1477 silly packumentCache full:https://registry.npmjs.org/is-glob set size:undefined disposed:false
1478 silly fetch manifest micromatch@^4.0.8
1479 silly packumentCache full:https://registry.npmjs.org/micromatch cache-miss
1480 http fetch GET 200 https://registry.npmjs.org/http-proxy 104ms (cache miss)
1481 silly packumentCache full:https://registry.npmjs.org/http-proxy set size:undefined disposed:false
1482 silly fetch manifest is-plain-object@^5.0.0
1483 silly packumentCache full:https://registry.npmjs.org/is-plain-object cache-miss
1484 http fetch GET 200 https://registry.npmjs.org/@esbuild%2fopenbsd-arm64 1228ms (cache miss)
1485 silly packumentCache full:https://registry.npmjs.org/@esbuild%2fopenbsd-arm64 set size:undefined disposed:false
1486 silly fetch manifest @types/http-proxy@^1.17.15
1487 silly packumentCache full:https://registry.npmjs.org/@types%2fhttp-proxy cache-miss
1488 http fetch GET 200 https://registry.npmjs.org/micromatch 108ms (cache revalidated)
1489 silly packumentCache full:https://registry.npmjs.org/micromatch set size:240630 disposed:false
1490 silly fetch manifest debug@4
1491 silly packumentCache full:https://registry.npmjs.org/debug cache-hit
1492 silly fetch manifest agent-base@^7.0.2
1493 silly packumentCache full:https://registry.npmjs.org/agent-base cache-miss
1494 http fetch GET 200 https://registry.npmjs.org/@types%2fhttp-proxy 122ms (cache miss)
1495 silly packumentCache full:https://registry.npmjs.org/@types%2fhttp-proxy set size:undefined disposed:false
1496 silly fetch manifest @babel/parser@^7.23.9
1497 silly packumentCache full:https://registry.npmjs.org/@babel%2fparser cache-miss
1498 http fetch GET 200 https://registry.npmjs.org/is-plain-object 149ms (cache miss)
1499 silly packumentCache full:https://registry.npmjs.org/is-plain-object set size:undefined disposed:false
1500 silly fetch manifest @istanbuljs/schema@^0.1.3
1501 silly packumentCache full:https://registry.npmjs.org/@istanbuljs%2fschema cache-miss
1502 http fetch GET 200 https://registry.npmjs.org/agent-base 128ms (cache miss)
1503 silly packumentCache full:https://registry.npmjs.org/agent-base set size:undefined disposed:false
1504 silly fetch manifest istanbul-lib-coverage@^3.2.0
1505 silly packumentCache full:https://registry.npmjs.org/istanbul-lib-coverage cache-miss
1506 http fetch GET 200 https://registry.npmjs.org/@istanbuljs%2fschema 102ms (cache miss)
1507 silly packumentCache full:https://registry.npmjs.org/@istanbuljs%2fschema set size:undefined disposed:false
1508 silly fetch manifest source-map-support@^0.5.5
1509 silly packumentCache full:https://registry.npmjs.org/source-map-support cache-miss
1510 http fetch GET 200 https://registry.npmjs.org/@babel%2fparser 189ms (cache revalidated)
1511 silly packumentCache full:https://registry.npmjs.org/@babel%2fparser set size:718758 disposed:false
1512 silly fetch manifest copy-anything@^2.0.1
1513 silly packumentCache full:https://registry.npmjs.org/copy-anything cache-miss
1514 http fetch GET 200 https://registry.npmjs.org/istanbul-lib-coverage 175ms (cache miss)
1515 silly packumentCache full:https://registry.npmjs.org/istanbul-lib-coverage set size:undefined disposed:false
1516 silly fetch manifest parse-node-version@^1.0.1
1517 silly packumentCache full:https://registry.npmjs.org/parse-node-version cache-miss
1518 http fetch GET 200 https://registry.npmjs.org/source-map-support 169ms (cache revalidated)
1519 silly packumentCache full:https://registry.npmjs.org/source-map-support set size:125488 disposed:false
1520 silly fetch manifest mime@^1.4.1
1521 silly packumentCache full:https://registry.npmjs.org/mime cache-miss
1522 http fetch GET 200 https://registry.npmjs.org/copy-anything 111ms (cache miss)
1523 silly packumentCache full:https://registry.npmjs.org/copy-anything set size:undefined disposed:false
1524 silly fetch manifest errno@^0.1.1
1525 silly packumentCache full:https://registry.npmjs.org/errno cache-miss
1526 http fetch GET 200 https://registry.npmjs.org/parse-node-version 126ms (cache miss)
1527 silly packumentCache full:https://registry.npmjs.org/parse-node-version set size:undefined disposed:false
1528 silly fetch manifest needle@^3.1.0
1529 silly packumentCache full:https://registry.npmjs.org/needle cache-miss
1530 http fetch GET 200 https://registry.npmjs.org/mime 185ms (cache miss)
1531 silly packumentCache full:https://registry.npmjs.org/mime set size:undefined disposed:false
1532 silly fetch manifest make-dir@^2.1.0
1533 silly packumentCache full:https://registry.npmjs.org/make-dir cache-miss
1534 http fetch GET 200 https://registry.npmjs.org/errno 178ms (cache miss)
1535 silly packumentCache full:https://registry.npmjs.org/errno set size:undefined disposed:false
1536 silly fetch manifest image-size@~0.5.0
1537 silly packumentCache full:https://registry.npmjs.org/image-size cache-miss
1538 http fetch GET 200 https://registry.npmjs.org/needle 223ms (cache miss)
1539 silly packumentCache full:https://registry.npmjs.org/needle set size:undefined disposed:false
1540 silly fetch manifest source-map@~0.6.0
1541 silly packumentCache full:https://registry.npmjs.org/source-map cache-miss
1542 http fetch GET 200 https://registry.npmjs.org/make-dir 179ms (cache miss)
1543 silly packumentCache full:https://registry.npmjs.org/make-dir set size:undefined disposed:false
1544 silly fetch manifest graceful-fs@^4.1.2
1545 silly packumentCache full:https://registry.npmjs.org/graceful-fs cache-hit
1546 silly fetch manifest webpack-sources@^3.0.0
1547 silly packumentCache full:https://registry.npmjs.org/webpack-sources cache-miss
1548 http fetch GET 200 https://registry.npmjs.org/image-size 208ms (cache miss)
1549 silly packumentCache full:https://registry.npmjs.org/image-size set size:undefined disposed:false
1550 silly fetch manifest @jridgewell/sourcemap-codec@^1.5.0
1551 silly packumentCache full:https://registry.npmjs.org/@jridgewell%2fsourcemap-codec cache-miss
1552 http fetch GET 200 https://registry.npmjs.org/source-map 244ms (cache revalidated)
1553 silly packumentCache full:https://registry.npmjs.org/source-map set size:226141 disposed:false
1554 silly fetch manifest tapable@^2.2.1
1555 silly packumentCache full:https://registry.npmjs.org/tapable cache-miss
1556 http fetch GET 200 https://registry.npmjs.org/webpack-sources 244ms (cache revalidated)
1557 silly packumentCache full:https://registry.npmjs.org/webpack-sources set size:169105 disposed:false
1558 silly fetch manifest is-wsl@^3.1.0
1559 silly packumentCache full:https://registry.npmjs.org/is-wsl cache-miss
1560 http fetch GET 200 https://registry.npmjs.org/@jridgewell%2fsourcemap-codec 232ms (cache revalidated)
1561 silly packumentCache full:https://registry.npmjs.org/@jridgewell%2fsourcemap-codec set size:59275 disposed:false
1562 silly fetch manifest default-browser@^5.2.1
1563 silly packumentCache full:https://registry.npmjs.org/default-browser cache-miss
1564 http fetch GET 200 https://registry.npmjs.org/tapable 158ms (cache revalidated)
1565 silly packumentCache full:https://registry.npmjs.org/tapable set size:141233 disposed:false
1566 silly fetch manifest define-lazy-prop@^3.0.0
1567 silly packumentCache full:https://registry.npmjs.org/define-lazy-prop cache-miss
1568 http fetch GET 200 https://registry.npmjs.org/is-wsl 112ms (cache miss)
1569 silly packumentCache full:https://registry.npmjs.org/is-wsl set size:undefined disposed:false
1570 silly fetch manifest is-inside-container@^1.0.0
1571 silly packumentCache full:https://registry.npmjs.org/is-inside-container cache-miss
1572 http fetch GET 200 https://registry.npmjs.org/default-browser 92ms (cache miss)
1573 silly packumentCache full:https://registry.npmjs.org/default-browser set size:undefined disposed:false
1574 silly fetch manifest bl@^4.1.0
1575 silly packumentCache full:https://registry.npmjs.org/bl cache-miss
1576 http fetch GET 200 https://registry.npmjs.org/define-lazy-prop 111ms (cache miss)
1577 silly packumentCache full:https://registry.npmjs.org/define-lazy-prop set size:undefined disposed:false
1578 silly fetch manifest wcwidth@^1.0.1
1579 silly packumentCache full:https://registry.npmjs.org/wcwidth cache-miss
1580 http fetch GET 200 https://registry.npmjs.org/is-inside-container 112ms (cache miss)
1581 silly packumentCache full:https://registry.npmjs.org/is-inside-container set size:undefined disposed:false
1582 silly fetch manifest cli-cursor@^3.1.0
1583 silly packumentCache full:https://registry.npmjs.org/cli-cursor cache-miss
1584 http fetch GET 200 https://registry.npmjs.org/bl 112ms (cache miss)
1585 silly packumentCache full:https://registry.npmjs.org/bl set size:undefined disposed:false
1586 silly fetch manifest strip-ansi@^6.0.0
1587 silly packumentCache full:https://registry.npmjs.org/strip-ansi cache-miss
1588 http fetch GET 200 https://registry.npmjs.org/wcwidth 76ms (cache miss)
1589 silly packumentCache full:https://registry.npmjs.org/wcwidth set size:undefined disposed:false
1590 silly fetch manifest log-symbols@^4.1.0
1591 silly packumentCache full:https://registry.npmjs.org/log-symbols cache-miss
1592 http fetch GET 200 https://registry.npmjs.org/cli-cursor 73ms (cache miss)
1593 silly packumentCache full:https://registry.npmjs.org/cli-cursor set size:undefined disposed:false
1594 silly fetch manifest cli-spinners@^2.5.0
1595 silly packumentCache full:https://registry.npmjs.org/cli-spinners cache-miss
1596 http fetch GET 200 https://registry.npmjs.org/log-symbols 185ms (cache miss)
1597 silly packumentCache full:https://registry.npmjs.org/log-symbols set size:undefined disposed:false
1598 silly fetch manifest is-interactive@^1.0.0
1599 silly packumentCache full:https://registry.npmjs.org/is-interactive cache-miss
1600 http fetch GET 200 https://registry.npmjs.org/strip-ansi 239ms (cache miss)
1601 silly packumentCache full:https://registry.npmjs.org/strip-ansi set size:undefined disposed:false
1602 silly fetch manifest is-unicode-supported@^0.1.0
1603 silly packumentCache full:https://registry.npmjs.org/is-unicode-supported cache-miss
1604 http fetch GET 200 https://registry.npmjs.org/cli-spinners 222ms (cache miss)
1605 silly packumentCache full:https://registry.npmjs.org/cli-spinners set size:undefined disposed:false
1606 silly fetch manifest parse5@^7.0.0
1607 silly packumentCache full:https://registry.npmjs.org/parse5 cache-miss
1608 http fetch GET 200 https://registry.npmjs.org/is-interactive 144ms (cache miss)
1609 silly packumentCache full:https://registry.npmjs.org/is-interactive set size:undefined disposed:false
1610 silly fetch manifest entities@^4.3.0
1611 silly packumentCache full:https://registry.npmjs.org/entities cache-miss
1612 http fetch GET 200 https://registry.npmjs.org/is-unicode-supported 188ms (cache miss)
1613 silly packumentCache full:https://registry.npmjs.org/is-unicode-supported set size:undefined disposed:false
1614 silly fetch manifest parse5-sax-parser@^7.0.0
1615 silly packumentCache full:https://registry.npmjs.org/parse5-sax-parser cache-miss
1616 http fetch GET 200 https://registry.npmjs.org/parse5 202ms (cache miss)
1617 silly packumentCache full:https://registry.npmjs.org/parse5 set size:undefined disposed:false
1618 silly fetch manifest nice-napi@^1.0.2
1619 silly packumentCache full:https://registry.npmjs.org/nice-napi cache-miss
1620 http fetch GET 200 https://registry.npmjs.org/entities 203ms (cache miss)
1621 silly packumentCache full:https://registry.npmjs.org/entities set size:undefined disposed:false
1622 silly fetch manifest jiti@^1.20.0
1623 silly packumentCache full:https://registry.npmjs.org/jiti cache-miss
1624 http fetch GET 200 https://registry.npmjs.org/parse5-sax-parser 158ms (cache miss)
1625 silly packumentCache full:https://registry.npmjs.org/parse5-sax-parser set size:undefined disposed:false
1626 silly fetch manifest cosmiconfig@^9.0.0
1627 silly packumentCache full:https://registry.npmjs.org/cosmiconfig cache-miss
1628 http fetch GET 200 https://registry.npmjs.org/nice-napi 133ms (cache miss)
1629 silly packumentCache full:https://registry.npmjs.org/nice-napi set size:undefined disposed:false
1630 silly fetch manifest adjust-sourcemap-loader@^4.0.0
1631 silly packumentCache full:https://registry.npmjs.org/adjust-sourcemap-loader cache-miss
1632 http fetch GET 200 https://registry.npmjs.org/adjust-sourcemap-loader 86ms (cache miss)
1633 silly packumentCache full:https://registry.npmjs.org/adjust-sourcemap-loader set size:undefined disposed:false
1634 silly fetch manifest convert-source-map@^1.7.0
1635 silly packumentCache full:https://registry.npmjs.org/convert-source-map cache-hit
1636 silly fetch manifest loader-utils@^2.0.0
1637 silly packumentCache full:https://registry.npmjs.org/loader-utils cache-miss
1638 http fetch GET 200 https://registry.npmjs.org/jiti 157ms (cache miss)
1639 silly packumentCache full:https://registry.npmjs.org/jiti set size:undefined disposed:false
1640 silly fetch manifest source-map@0.6.1
1641 silly packumentCache full:https://registry.npmjs.org/source-map cache-hit
1642 silly fetch manifest chokidar@>=3.0.0 <4.0.0
1643 silly packumentCache full:https://registry.npmjs.org/chokidar cache-hit
1644 silly fetch manifest immutable@^4.0.0
1645 silly packumentCache full:https://registry.npmjs.org/immutable cache-miss
1646 http fetch GET 200 https://registry.npmjs.org/cosmiconfig 178ms (cache miss)
1647 silly packumentCache full:https://registry.npmjs.org/cosmiconfig set size:undefined disposed:false
1648 silly fetch manifest source-map-js@>=0.6.2 <2.0.0
1649 silly packumentCache full:https://registry.npmjs.org/source-map-js cache-miss
1650 http fetch GET 200 https://registry.npmjs.org/loader-utils 204ms (cache revalidated)
1651 silly packumentCache full:https://registry.npmjs.org/loader-utils set size:168663 disposed:false
1652 silly fetch manifest iconv-lite@^0.6.3
1653 silly packumentCache full:https://registry.npmjs.org/iconv-lite cache-miss
1654 http fetch GET 200 https://registry.npmjs.org/immutable 184ms (cache miss)
1655 silly packumentCache full:https://registry.npmjs.org/immutable set size:undefined disposed:false
1656 silly fetch manifest source-map-js@^1.0.2
1657 silly packumentCache full:https://registry.npmjs.org/source-map-js cache-miss
1658 http fetch GET 200 https://registry.npmjs.org/source-map-js 198ms (cache revalidated)
1659 silly packumentCache full:https://registry.npmjs.org/source-map-js set size:62640 disposed:false
1660 silly fetch manifest buffer-from@^1.0.0
1661 silly packumentCache full:https://registry.npmjs.org/buffer-from cache-miss
1662 http fetch GET 200 https://registry.npmjs.org/iconv-lite 166ms (cache miss)
1663 silly packumentCache full:https://registry.npmjs.org/iconv-lite set size:undefined disposed:false
1664 silly fetch manifest source-map@^0.6.0
1665 silly packumentCache full:https://registry.npmjs.org/source-map cache-hit
1666 silly fetch manifest acorn@^8.8.2
1667 silly packumentCache full:https://registry.npmjs.org/acorn cache-miss
1668 http fetch GET 200 https://registry.npmjs.org/source-map-js 191ms (cache revalidated)
1669 silly packumentCache full:https://registry.npmjs.org/source-map-js set size:62640 disposed:false
1670 silly packumentCache full:https://registry.npmjs.org/source-map-js dispose
1671 silly fetch manifest commander@^2.20.0
1672 silly packumentCache full:https://registry.npmjs.org/commander cache-miss
1673 http fetch GET 200 https://registry.npmjs.org/buffer-from 200ms (cache miss)
1674 silly packumentCache full:https://registry.npmjs.org/buffer-from set size:undefined disposed:false
1675 silly fetch manifest @jridgewell/source-map@^0.3.3
1676 silly packumentCache full:https://registry.npmjs.org/@jridgewell%2fsource-map cache-miss
1677 http fetch GET 200 https://registry.npmjs.org/@jridgewell%2fsource-map 142ms (cache miss)
1678 silly packumentCache full:https://registry.npmjs.org/@jridgewell%2fsource-map set size:undefined disposed:false
1679 silly fetch manifest memfs@^4.6.0
1680 silly packumentCache full:https://registry.npmjs.org/memfs cache-miss
1681 http fetch GET 200 https://registry.npmjs.org/acorn 280ms (cache revalidated)
1682 silly packumentCache full:https://registry.npmjs.org/acorn set size:379626 disposed:false
1683 silly fetch manifest mime-types@^2.1.31
1684 silly packumentCache full:https://registry.npmjs.org/mime-types cache-miss
1685 http fetch GET 200 https://registry.npmjs.org/commander 300ms (cache miss)
1686 silly packumentCache full:https://registry.npmjs.org/commander set size:undefined disposed:false
1687 silly fetch manifest on-finished@^2.4.1
1688 silly packumentCache full:https://registry.npmjs.org/on-finished cache-miss
1689 http fetch GET 200 https://registry.npmjs.org/on-finished 117ms (cache miss)
1690 silly packumentCache full:https://registry.npmjs.org/on-finished set size:undefined disposed:false
1691 silly fetch manifest range-parser@^1.2.1
1692 silly packumentCache full:https://registry.npmjs.org/range-parser cache-miss
1693 http fetch GET 200 https://registry.npmjs.org/mime-types 224ms (cache revalidated)
1694 silly packumentCache full:https://registry.npmjs.org/mime-types set size:139110 disposed:false
1695 silly fetch manifest flat@^5.0.2
1696 silly packumentCache full:https://registry.npmjs.org/flat cache-miss
1697 http fetch GET 200 https://registry.npmjs.org/memfs 319ms (cache miss)
1698 silly packumentCache full:https://registry.npmjs.org/memfs set size:undefined disposed:false
1699 silly fetch manifest wildcard@^2.0.1
1700 silly packumentCache full:https://registry.npmjs.org/wildcard cache-miss
1701 http fetch GET 200 https://registry.npmjs.org/range-parser 165ms (cache miss)
1702 silly packumentCache full:https://registry.npmjs.org/range-parser set size:undefined disposed:false
1703 silly fetch manifest clone-deep@^4.0.1
1704 silly packumentCache full:https://registry.npmjs.org/clone-deep cache-miss
1705 http fetch GET 200 https://registry.npmjs.org/flat 174ms (cache miss)
1706 silly packumentCache full:https://registry.npmjs.org/flat set size:undefined disposed:false
1707 silly fetch manifest typed-assert@^1.0.8
1708 silly packumentCache full:https://registry.npmjs.org/typed-assert cache-miss
1709 http fetch GET 200 https://registry.npmjs.org/wildcard 201ms (cache miss)
1710 silly packumentCache full:https://registry.npmjs.org/wildcard set size:undefined disposed:false
1711 http fetch GET 200 https://registry.npmjs.org/clone-deep 246ms (cache miss)
1712 silly packumentCache full:https://registry.npmjs.org/clone-deep set size:undefined disposed:false
1713 http fetch GET 200 https://registry.npmjs.org/typed-assert 212ms (cache miss)
1714 silly packumentCache full:https://registry.npmjs.org/typed-assert set size:undefined disposed:false
1715 silly placeDep ROOT @jridgewell/gen-mapping@0.3.13 OK for: @ampproject/remapping@2.3.0 want: ^0.3.5
1716 silly placeDep ROOT @jridgewell/trace-mapping@0.3.31 OK for: @ampproject/remapping@2.3.0 want: ^0.3.24
1717 silly fetch manifest @jridgewell/resolve-uri@^3.1.0
1718 silly packumentCache full:https://registry.npmjs.org/@jridgewell%2fresolve-uri cache-miss
1719 http fetch GET 200 https://registry.npmjs.org/@jridgewell%2fresolve-uri 202ms (cache miss)
1720 silly packumentCache full:https://registry.npmjs.org/@jridgewell%2fresolve-uri set size:undefined disposed:false
1721 silly placeDep node_modules/@angular-devkit/architect rxjs@7.8.1 OK for: @angular-devkit/architect@0.1802.21 want: 7.8.1
1722 silly placeDep node_modules/@angular-devkit/build-webpack rxjs@7.8.1 OK for: @angular-devkit/build-webpack@0.1802.21 want: 7.8.1
1723 silly placeDep ROOT ajv@8.17.1 OK for: @angular-devkit/core@18.2.21 want: 8.17.1
1724 silly placeDep ROOT ajv-formats@3.0.1 OK for: @angular-devkit/core@18.2.21 want: 3.0.1
1725 silly placeDep node_modules/@angular-devkit/core rxjs@7.8.1 OK for: @angular-devkit/core@18.2.21 want: 7.8.1
1726 silly placeDep ROOT source-map@0.7.4 OK for: @angular-devkit/core@18.2.21 want: 0.7.4
1727 silly fetch manifest fast-uri@^3.0.1
1728 silly packumentCache full:https://registry.npmjs.org/fast-uri cache-miss
1729 silly fetch manifest fast-deep-equal@^3.1.3
1730 silly packumentCache full:https://registry.npmjs.org/fast-deep-equal cache-miss
1731 silly fetch manifest require-from-string@^2.0.2
1732 silly packumentCache full:https://registry.npmjs.org/require-from-string cache-miss
1733 http fetch GET 200 https://registry.npmjs.org/fast-deep-equal 149ms (cache miss)
1734 silly packumentCache full:https://registry.npmjs.org/fast-deep-equal set size:undefined disposed:false
1735 silly fetch manifest json-schema-traverse@^1.0.0
1736 silly packumentCache full:https://registry.npmjs.org/json-schema-traverse cache-miss
1737 http fetch GET 200 https://registry.npmjs.org/fast-uri 182ms (cache miss)
1738 silly packumentCache full:https://registry.npmjs.org/fast-uri set size:undefined disposed:false
1739 http fetch GET 200 https://registry.npmjs.org/require-from-string 184ms (cache miss)
1740 silly packumentCache full:https://registry.npmjs.org/require-from-string set size:undefined disposed:false
1741 http fetch GET 200 https://registry.npmjs.org/json-schema-traverse 101ms (cache miss)
1742 silly packumentCache full:https://registry.npmjs.org/json-schema-traverse set size:undefined disposed:false
1743 silly fetch manifest @types/node@^18.0.0 || >=20.0.0
1744 silly packumentCache full:https://registry.npmjs.org/@types%2fnode cache-miss
1745 http fetch GET 200 https://registry.npmjs.org/@types%2fnode 550ms (cache revalidated)
1746 silly packumentCache full:https://registry.npmjs.org/@types%2fnode set size:10972342 disposed:false
1747 silly fetch manifest less@^4.2.0
1748 silly packumentCache full:https://registry.npmjs.org/less cache-miss
1749 http fetch GET 200 https://registry.npmjs.org/less 89ms (cache revalidated)
1750 silly packumentCache full:https://registry.npmjs.org/less set size:461684 disposed:false
1751 silly fetch manifest lightningcss@^1.21.0
1752 silly packumentCache full:https://registry.npmjs.org/lightningcss cache-miss
1753 http fetch GET 200 https://registry.npmjs.org/lightningcss 81ms (cache miss)
1754 silly packumentCache full:https://registry.npmjs.org/lightningcss set size:undefined disposed:false
1755 silly fetch manifest stylus@*
1756 silly packumentCache full:https://registry.npmjs.org/stylus cache-miss
1757 http fetch GET 200 https://registry.npmjs.org/stylus 98ms (cache miss)
1758 silly packumentCache full:https://registry.npmjs.org/stylus set size:undefined disposed:false
1759 silly fetch manifest sugarss@*
1760 silly packumentCache full:https://registry.npmjs.org/sugarss cache-miss
1761 http fetch GET 200 https://registry.npmjs.org/sugarss 72ms (cache miss)
1762 silly packumentCache full:https://registry.npmjs.org/sugarss set size:undefined disposed:false
1763 silly fetch manifest postcss@^8.4.0
1764 silly packumentCache full:https://registry.npmjs.org/postcss cache-miss
1765 http fetch GET 200 https://registry.npmjs.org/postcss 106ms (cache revalidated)
1766 silly packumentCache full:https://registry.npmjs.org/postcss set size:708244 disposed:false
1767 silly fetch manifest terser@^5.4.0
1768 silly packumentCache full:https://registry.npmjs.org/terser cache-miss
1769 http fetch GET 200 https://registry.npmjs.org/terser 164ms (cache revalidated)
1770 silly packumentCache full:https://registry.npmjs.org/terser set size:789927 disposed:false
1771 silly placeDep node_modules/@angular/build @babel/core@7.25.2 OK for: @angular/build@18.2.21 want: 7.25.2
1772 silly placeDep node_modules/@angular/build @babel/helper-annotate-as-pure@7.24.7 OK for: @angular/build@18.2.21 want: 7.24.7
1773 silly placeDep ROOT @babel/plugin-syntax-import-attributes@7.24.7 OK for: @angular/build@18.2.21 want: 7.24.7
1774 silly placeDep ROOT @inquirer/confirm@3.1.22 OK for: @angular/build@18.2.21 want: 3.1.22
1775 silly placeDep ROOT @vitejs/plugin-basic-ssl@1.1.0 OK for: @angular/build@18.2.21 want: 1.1.0
1776 silly placeDep ROOT vite@5.4.21 OK for: @vitejs/plugin-basic-ssl@1.1.0 want: ^3.0.0 || ^4.0.0 || ^5.0.0
1777 silly placeDep ROOT listr2@8.2.4 OK for: @angular/build@18.2.21 want: 8.2.4
1778 silly placeDep ROOT lmdb@3.0.13 OK for: @angular/build@18.2.21 want: 3.0.13
1779 silly placeDep ROOT rollup@4.22.4 OK for: @angular/build@18.2.21 want: 4.22.4
1780 silly fetch manifest @babel/types@^7.25.2
1781 silly packumentCache full:https://registry.npmjs.org/@babel%2ftypes cache-hit
1782 silly fetch manifest @babel/parser@^7.25.0
1783 silly packumentCache full:https://registry.npmjs.org/@babel%2fparser cache-hit
1784 silly fetch manifest @babel/helpers@^7.25.0
1785 silly packumentCache full:https://registry.npmjs.org/@babel%2fhelpers cache-miss
1786 silly fetch manifest @babel/template@^7.25.0
1787 silly packumentCache full:https://registry.npmjs.org/@babel%2ftemplate cache-miss
1788 silly fetch manifest @babel/traverse@^7.25.2
1789 silly packumentCache full:https://registry.npmjs.org/@babel%2ftraverse cache-hit
1790 silly fetch manifest @babel/code-frame@^7.24.7
1791 silly packumentCache full:https://registry.npmjs.org/@babel%2fcode-frame cache-miss
1792 http fetch GET 200 https://registry.npmjs.org/@babel%2fcode-frame 141ms (cache revalidated)
1793 silly packumentCache full:https://registry.npmjs.org/@babel%2fcode-frame set size:196196 disposed:false
1794 silly fetch manifest @babel/helper-module-transforms@^7.25.2
1795 silly packumentCache full:https://registry.npmjs.org/@babel%2fhelper-module-transforms cache-miss
1796 http fetch GET 200 https://registry.npmjs.org/@babel%2ftemplate 168ms (cache revalidated)
1797 silly packumentCache full:https://registry.npmjs.org/@babel%2ftemplate set size:227169 disposed:false
1798 silly fetch manifest @babel/helper-compilation-targets@^7.25.2
1799 silly packumentCache full:https://registry.npmjs.org/@babel%2fhelper-compilation-targets cache-miss
1800 http fetch GET 200 https://registry.npmjs.org/@babel%2fhelpers 193ms (cache revalidated)
1801 silly packumentCache full:https://registry.npmjs.org/@babel%2fhelpers set size:388224 disposed:false
1802 silly fetch manifest @babel/helper-plugin-utils@^7.24.7
1803 silly packumentCache full:https://registry.npmjs.org/@babel%2fhelper-plugin-utils cache-hit
1804 silly fetch manifest @inquirer/core@^9.0.10
1805 silly packumentCache full:https://registry.npmjs.org/@inquirer%2fcore cache-miss
1806 http fetch GET 200 https://registry.npmjs.org/@babel%2fhelper-compilation-targets 147ms (cache revalidated)
1807 silly packumentCache full:https://registry.npmjs.org/@babel%2fhelper-compilation-targets set size:218757 disposed:false
1808 silly fetch manifest @inquirer/type@^1.5.2
1809 silly packumentCache full:https://registry.npmjs.org/@inquirer%2ftype cache-miss
1810 http fetch GET 200 https://registry.npmjs.org/@babel%2fhelper-module-transforms 194ms (cache revalidated)
1811 silly packumentCache full:https://registry.npmjs.org/@babel%2fhelper-module-transforms set size:333553 disposed:false
1812 silly fetch manifest rollup@^4.20.0
1813 silly packumentCache full:https://registry.npmjs.org/rollup cache-miss
1814 http fetch GET 200 https://registry.npmjs.org/@inquirer%2fcore 161ms (cache miss)
1815 silly packumentCache full:https://registry.npmjs.org/@inquirer%2fcore set size:undefined disposed:false
1816 silly fetch manifest esbuild@^0.21.3
1817 silly packumentCache full:https://registry.npmjs.org/esbuild cache-miss
1818 http fetch GET 200 https://registry.npmjs.org/@inquirer%2ftype 172ms (cache miss)
1819 silly packumentCache full:https://registry.npmjs.org/@inquirer%2ftype set size:undefined disposed:false
1820 silly fetch manifest postcss@^8.4.43
1821 silly packumentCache full:https://registry.npmjs.org/postcss cache-hit
1822 silly fetch manifest fsevents@~2.3.3
1823 silly packumentCache full:https://registry.npmjs.org/fsevents cache-miss
1824 http fetch GET 200 https://registry.npmjs.org/esbuild 323ms (cache revalidated)
1825 silly packumentCache full:https://registry.npmjs.org/esbuild set size:1254708 disposed:false
1826 silly fetch manifest rfdc@^1.4.1
1827 silly packumentCache full:https://registry.npmjs.org/rfdc cache-miss
1828 http fetch GET 200 https://registry.npmjs.org/rollup 617ms (cache revalidated)
1829 silly packumentCache full:https://registry.npmjs.org/rollup set size:6169575 disposed:false
1830 silly fetch manifest colorette@^2.0.20
1831 silly packumentCache full:https://registry.npmjs.org/colorette cache-miss
1832 http fetch GET 200 https://registry.npmjs.org/fsevents 721ms (cache miss)
1833 silly packumentCache full:https://registry.npmjs.org/fsevents set size:undefined disposed:false
1834 silly fetch manifest wrap-ansi@^9.0.0
1835 silly packumentCache full:https://registry.npmjs.org/wrap-ansi cache-miss
1836 http fetch GET 200 https://registry.npmjs.org/rfdc 453ms (cache miss)
1837 silly packumentCache full:https://registry.npmjs.org/rfdc set size:undefined disposed:false
1838 silly fetch manifest log-update@^6.1.0
1839 silly packumentCache full:https://registry.npmjs.org/log-update cache-miss
1840 http fetch GET 200 https://registry.npmjs.org/log-update 59ms (cache miss)
1841 silly packumentCache full:https://registry.npmjs.org/log-update set size:undefined disposed:false
1842 silly fetch manifest cli-truncate@^4.0.0
1843 silly packumentCache full:https://registry.npmjs.org/cli-truncate cache-miss
1844 http fetch GET 200 https://registry.npmjs.org/wrap-ansi 83ms (cache miss)
1845 silly packumentCache full:https://registry.npmjs.org/wrap-ansi set size:undefined disposed:false
1846 silly fetch manifest eventemitter3@^5.0.1
1847 silly packumentCache full:https://registry.npmjs.org/eventemitter3 cache-miss
1848 http fetch GET 200 https://registry.npmjs.org/colorette 132ms (cache revalidated)
1849 silly packumentCache full:https://registry.npmjs.org/colorette set size:92733 disposed:false
1850 silly fetch manifest msgpackr@^1.10.2
1851 silly packumentCache full:https://registry.npmjs.org/msgpackr cache-miss
1852 http fetch GET 200 https://registry.npmjs.org/cli-truncate 83ms (cache miss)
1853 silly packumentCache full:https://registry.npmjs.org/cli-truncate set size:undefined disposed:false
1854 silly fetch manifest node-addon-api@^6.1.0
1855 silly packumentCache full:https://registry.npmjs.org/node-addon-api cache-miss
1856 http fetch GET 200 https://registry.npmjs.org/eventemitter3 86ms (cache miss)
1857 silly packumentCache full:https://registry.npmjs.org/eventemitter3 set size:undefined disposed:false
1858 silly fetch manifest ordered-binary@^1.4.1
1859 silly packumentCache full:https://registry.npmjs.org/ordered-binary cache-miss
1860 http fetch GET 200 https://registry.npmjs.org/msgpackr 95ms (cache miss)
1861 silly packumentCache full:https://registry.npmjs.org/msgpackr set size:undefined disposed:false
1862 silly fetch manifest weak-lru-cache@^1.2.2
1863 silly packumentCache full:https://registry.npmjs.org/weak-lru-cache cache-miss
1864 http fetch GET 200 https://registry.npmjs.org/ordered-binary 73ms (cache miss)
1865 silly packumentCache full:https://registry.npmjs.org/ordered-binary set size:undefined disposed:false
1866 silly fetch manifest node-gyp-build-optional-packages@5.2.2
1867 silly packumentCache full:https://registry.npmjs.org/node-gyp-build-optional-packages cache-miss
1868 http fetch GET 200 https://registry.npmjs.org/node-addon-api 104ms (cache miss)
1869 silly packumentCache full:https://registry.npmjs.org/node-addon-api set size:undefined disposed:false
1870 silly fetch manifest @lmdb/lmdb-linux-arm@3.0.13
1871 silly packumentCache full:https://registry.npmjs.org/@lmdb%2flmdb-linux-arm cache-miss
1872 http fetch GET 200 https://registry.npmjs.org/weak-lru-cache 99ms (cache miss)
1873 silly packumentCache full:https://registry.npmjs.org/weak-lru-cache set size:undefined disposed:false
1874 silly fetch manifest @lmdb/lmdb-linux-x64@3.0.13
1875 silly packumentCache full:https://registry.npmjs.org/@lmdb%2flmdb-linux-x64 cache-miss
1876 http fetch GET 200 https://registry.npmjs.org/node-gyp-build-optional-packages 77ms (cache miss)
1877 silly packumentCache full:https://registry.npmjs.org/node-gyp-build-optional-packages set size:undefined disposed:false
1878 silly fetch manifest @lmdb/lmdb-win32-x64@3.0.13
1879 silly packumentCache full:https://registry.npmjs.org/@lmdb%2flmdb-win32-x64 cache-miss
1880 http fetch GET 200 https://registry.npmjs.org/@lmdb%2flmdb-linux-arm 82ms (cache miss)
1881 silly packumentCache full:https://registry.npmjs.org/@lmdb%2flmdb-linux-arm set size:undefined disposed:false
1882 silly fetch manifest @lmdb/lmdb-darwin-x64@3.0.13
1883 silly packumentCache full:https://registry.npmjs.org/@lmdb%2flmdb-darwin-x64 cache-miss
1884 http fetch GET 200 https://registry.npmjs.org/@lmdb%2flmdb-linux-x64 352ms (cache miss)
1885 silly packumentCache full:https://registry.npmjs.org/@lmdb%2flmdb-linux-x64 set size:undefined disposed:false
1886 silly fetch manifest @lmdb/lmdb-linux-arm64@3.0.13
1887 silly packumentCache full:https://registry.npmjs.org/@lmdb%2flmdb-linux-arm64 cache-miss
1888 http fetch GET 200 https://registry.npmjs.org/@lmdb%2flmdb-win32-x64 362ms (cache miss)
1889 silly packumentCache full:https://registry.npmjs.org/@lmdb%2flmdb-win32-x64 set size:undefined disposed:false
1890 silly fetch manifest @lmdb/lmdb-darwin-arm64@3.0.13
1891 silly packumentCache full:https://registry.npmjs.org/@lmdb%2flmdb-darwin-arm64 cache-miss
1892 http fetch GET 200 https://registry.npmjs.org/@lmdb%2flmdb-linux-arm64 87ms (cache miss)
1893 silly packumentCache full:https://registry.npmjs.org/@lmdb%2flmdb-linux-arm64 set size:undefined disposed:false
1894 silly fetch manifest @types/estree@1.0.5
1895 silly packumentCache full:https://registry.npmjs.org/@types%2festree cache-miss
1896 http fetch GET 200 https://registry.npmjs.org/@types%2festree 69ms (cache revalidated)
1897 silly packumentCache full:https://registry.npmjs.org/@types%2festree set size:74091 disposed:false
1898 silly fetch manifest fsevents@~2.3.2
1899 silly packumentCache full:https://registry.npmjs.org/fsevents cache-miss
1900 http fetch GET 200 https://registry.npmjs.org/fsevents 61ms (cache revalidated)
1901 silly packumentCache full:https://registry.npmjs.org/fsevents set size:182472 disposed:false
1902 silly fetch manifest @rollup/rollup-darwin-x64@4.22.4
1903 silly packumentCache full:https://registry.npmjs.org/@rollup%2frollup-darwin-x64 cache-miss
1904 http fetch GET 200 https://registry.npmjs.org/@rollup%2frollup-darwin-x64 71ms (cache miss)
1905 silly packumentCache full:https://registry.npmjs.org/@rollup%2frollup-darwin-x64 set size:undefined disposed:false
1906 silly fetch manifest @rollup/rollup-darwin-arm64@4.22.4
1907 silly packumentCache full:https://registry.npmjs.org/@rollup%2frollup-darwin-arm64 cache-miss
1908 http fetch GET 200 https://registry.npmjs.org/@lmdb%2flmdb-darwin-x64 644ms (cache miss)
1909 silly packumentCache full:https://registry.npmjs.org/@lmdb%2flmdb-darwin-x64 set size:undefined disposed:false
1910 silly fetch manifest @rollup/rollup-android-arm64@4.22.4
1911 silly packumentCache full:https://registry.npmjs.org/@rollup%2frollup-android-arm64 cache-miss
1912 http fetch GET 200 https://registry.npmjs.org/@rollup%2frollup-darwin-arm64 77ms (cache miss)
1913 silly packumentCache full:https://registry.npmjs.org/@rollup%2frollup-darwin-arm64 set size:undefined disposed:false
1914 silly fetch manifest @rollup/rollup-linux-x64-gnu@4.22.4
1915 silly packumentCache full:https://registry.npmjs.org/@rollup%2frollup-linux-x64-gnu cache-miss
1916 http fetch GET 200 https://registry.npmjs.org/@rollup%2frollup-android-arm64 91ms (cache miss)
1917 silly packumentCache full:https://registry.npmjs.org/@rollup%2frollup-android-arm64 set size:undefined disposed:false
1918 silly fetch manifest @rollup/rollup-linux-x64-musl@4.22.4
1919 silly packumentCache full:https://registry.npmjs.org/@rollup%2frollup-linux-x64-musl cache-miss
1920 http fetch GET 200 https://registry.npmjs.org/@lmdb%2flmdb-darwin-arm64 467ms (cache miss)
1921 silly packumentCache full:https://registry.npmjs.org/@lmdb%2flmdb-darwin-arm64 set size:undefined disposed:false
1922 silly fetch manifest @rollup/rollup-win32-x64-msvc@4.22.4
1923 silly packumentCache full:https://registry.npmjs.org/@rollup%2frollup-win32-x64-msvc cache-miss
1924 http fetch GET 200 https://registry.npmjs.org/@rollup%2frollup-linux-x64-gnu 104ms (cache miss)
1925 silly packumentCache full:https://registry.npmjs.org/@rollup%2frollup-linux-x64-gnu set size:undefined disposed:false
1926 silly fetch manifest @rollup/rollup-linux-arm64-gnu@4.22.4
1927 silly packumentCache full:https://registry.npmjs.org/@rollup%2frollup-linux-arm64-gnu cache-miss
1928 http fetch GET 200 https://registry.npmjs.org/@rollup%2frollup-linux-x64-musl 106ms (cache miss)
1929 silly packumentCache full:https://registry.npmjs.org/@rollup%2frollup-linux-x64-musl set size:undefined disposed:false
1930 silly fetch manifest @rollup/rollup-linux-s390x-gnu@4.22.4
1931 silly packumentCache full:https://registry.npmjs.org/@rollup%2frollup-linux-s390x-gnu cache-miss
1932 http fetch GET 200 https://registry.npmjs.org/@rollup%2frollup-win32-x64-msvc 100ms (cache miss)
1933 silly packumentCache full:https://registry.npmjs.org/@rollup%2frollup-win32-x64-msvc set size:undefined disposed:false
1934 silly fetch manifest @rollup/rollup-win32-ia32-msvc@4.22.4
1935 silly packumentCache full:https://registry.npmjs.org/@rollup%2frollup-win32-ia32-msvc cache-miss
1936 http fetch GET 200 https://registry.npmjs.org/@rollup%2frollup-linux-arm64-gnu 120ms (cache miss)
1937 silly packumentCache full:https://registry.npmjs.org/@rollup%2frollup-linux-arm64-gnu set size:undefined disposed:false
1938 silly fetch manifest @rollup/rollup-android-arm-eabi@4.22.4
1939 silly packumentCache full:https://registry.npmjs.org/@rollup%2frollup-android-arm-eabi cache-miss
1940 http fetch GET 200 https://registry.npmjs.org/@rollup%2frollup-linux-s390x-gnu 124ms (cache miss)
1941 silly packumentCache full:https://registry.npmjs.org/@rollup%2frollup-linux-s390x-gnu set size:undefined disposed:false
1942 silly fetch manifest @rollup/rollup-linux-arm64-musl@4.22.4
1943 silly packumentCache full:https://registry.npmjs.org/@rollup%2frollup-linux-arm64-musl cache-miss
1944 http fetch GET 200 https://registry.npmjs.org/@rollup%2frollup-win32-ia32-msvc 117ms (cache miss)
1945 silly packumentCache full:https://registry.npmjs.org/@rollup%2frollup-win32-ia32-msvc set size:undefined disposed:false
1946 silly fetch manifest @rollup/rollup-win32-arm64-msvc@4.22.4
1947 silly packumentCache full:https://registry.npmjs.org/@rollup%2frollup-win32-arm64-msvc cache-miss
1948 http fetch GET 200 https://registry.npmjs.org/@rollup%2frollup-android-arm-eabi 114ms (cache miss)
1949 silly packumentCache full:https://registry.npmjs.org/@rollup%2frollup-android-arm-eabi set size:undefined disposed:false
1950 silly fetch manifest @rollup/rollup-linux-riscv64-gnu@4.22.4
1951 silly packumentCache full:https://registry.npmjs.org/@rollup%2frollup-linux-riscv64-gnu cache-miss
1952 http fetch GET 200 https://registry.npmjs.org/@rollup%2frollup-win32-arm64-msvc 76ms (cache miss)
1953 silly packumentCache full:https://registry.npmjs.org/@rollup%2frollup-win32-arm64-msvc set size:undefined disposed:false
1954 silly fetch manifest @rollup/rollup-linux-arm-gnueabihf@4.22.4
1955 silly packumentCache full:https://registry.npmjs.org/@rollup%2frollup-linux-arm-gnueabihf cache-miss
1956 http fetch GET 200 https://registry.npmjs.org/@rollup%2frollup-linux-arm64-musl 130ms (cache miss)
1957 silly packumentCache full:https://registry.npmjs.org/@rollup%2frollup-linux-arm64-musl set size:undefined disposed:false
1958 silly fetch manifest @rollup/rollup-linux-arm-musleabihf@4.22.4
1959 silly packumentCache full:https://registry.npmjs.org/@rollup%2frollup-linux-arm-musleabihf cache-miss
1960 http fetch GET 200 https://registry.npmjs.org/@rollup%2frollup-linux-riscv64-gnu 115ms (cache miss)
1961 silly packumentCache full:https://registry.npmjs.org/@rollup%2frollup-linux-riscv64-gnu set size:undefined disposed:false
1962 silly fetch manifest @rollup/rollup-linux-powerpc64le-gnu@4.22.4
1963 silly packumentCache full:https://registry.npmjs.org/@rollup%2frollup-linux-powerpc64le-gnu cache-miss
1964 http fetch GET 200 https://registry.npmjs.org/@rollup%2frollup-linux-arm-musleabihf 109ms (cache miss)
1965 silly packumentCache full:https://registry.npmjs.org/@rollup%2frollup-linux-arm-musleabihf set size:undefined disposed:false
1966 http fetch GET 200 https://registry.npmjs.org/@rollup%2frollup-linux-arm-gnueabihf 134ms (cache miss)
1967 silly packumentCache full:https://registry.npmjs.org/@rollup%2frollup-linux-arm-gnueabihf set size:undefined disposed:false
1968 http fetch GET 200 https://registry.npmjs.org/@rollup%2frollup-linux-powerpc64le-gnu 612ms (cache miss)
1969 silly packumentCache full:https://registry.npmjs.org/@rollup%2frollup-linux-powerpc64le-gnu set size:undefined disposed:false
1970 silly placeDep ROOT @angular-devkit/schematics@18.2.21 OK for: @angular/cli@18.2.21 want: 18.2.21
1971 silly placeDep ROOT @inquirer/prompts@5.3.8 OK for: @angular/cli@18.2.21 want: 5.3.8
1972 silly placeDep ROOT @listr2/prompt-adapter-inquirer@2.0.15 OK for: @angular/cli@18.2.21 want: 2.0.15
1973 silly placeDep ROOT @schematics/angular@18.2.21 OK for: @angular/cli@18.2.21 want: 18.2.21
1974 silly placeDep ROOT @yarnpkg/lockfile@1.1.0 OK for: @angular/cli@18.2.21 want: 1.1.0
1975 silly placeDep ROOT ini@4.1.3 OK for: @angular/cli@18.2.21 want: 4.1.3
1976 silly placeDep ROOT npm-package-arg@11.0.3 OK for: @angular/cli@18.2.21 want: 11.0.3
1977 silly placeDep ROOT npm-pick-manifest@9.1.0 OK for: @angular/cli@18.2.21 want: 9.1.0
1978 silly placeDep ROOT pacote@18.0.6 OK for: @angular/cli@18.2.21 want: 18.0.6
1979 silly placeDep ROOT resolve@1.22.8 OK for: @angular/cli@18.2.21 want: 1.22.8
1980 silly placeDep ROOT symbol-observable@4.0.0 OK for: @angular/cli@18.2.21 want: 4.0.0
1981 silly placeDep ROOT yargs@17.7.2 OK for: @angular/cli@18.2.21 want: 17.7.2
1982 silly fetch manifest @inquirer/input@^2.2.9
1983 silly packumentCache full:https://registry.npmjs.org/@inquirer%2finput cache-miss
1984 silly fetch manifest @inquirer/editor@^2.1.22
1985 silly packumentCache full:https://registry.npmjs.org/@inquirer%2feditor cache-miss
1986 silly fetch manifest @inquirer/expand@^2.1.22
1987 silly packumentCache full:https://registry.npmjs.org/@inquirer%2fexpand cache-miss
1988 http fetch GET 200 https://registry.npmjs.org/@inquirer%2fexpand 118ms (cache miss)
1989 silly packumentCache full:https://registry.npmjs.org/@inquirer%2fexpand set size:undefined disposed:false
1990 silly fetch manifest @inquirer/number@^1.0.10
1991 silly packumentCache full:https://registry.npmjs.org/@inquirer%2fnumber cache-miss
1992 http fetch GET 200 https://registry.npmjs.org/@inquirer%2feditor 148ms (cache miss)
1993 silly packumentCache full:https://registry.npmjs.org/@inquirer%2feditor set size:undefined disposed:false
1994 silly fetch manifest @inquirer/search@^1.0.7
1995 silly packumentCache full:https://registry.npmjs.org/@inquirer%2fsearch cache-miss
1996 http fetch GET 200 https://registry.npmjs.org/@inquirer%2finput 169ms (cache miss)
1997 silly packumentCache full:https://registry.npmjs.org/@inquirer%2finput set size:undefined disposed:false
1998 silly fetch manifest @inquirer/select@^2.4.7
1999 silly packumentCache full:https://registry.npmjs.org/@inquirer%2fselect cache-miss
2000 http fetch GET 200 https://registry.npmjs.org/@inquirer%2fnumber 65ms (cache miss)
2001 silly packumentCache full:https://registry.npmjs.org/@inquirer%2fnumber set size:undefined disposed:false
2002 silly fetch manifest @inquirer/rawlist@^2.2.4
2003 silly packumentCache full:https://registry.npmjs.org/@inquirer%2frawlist cache-miss
2004 http fetch GET 200 https://registry.npmjs.org/@inquirer%2fsearch 85ms (cache miss)
2005 silly packumentCache full:https://registry.npmjs.org/@inquirer%2fsearch set size:undefined disposed:false
2006 silly fetch manifest @inquirer/checkbox@^2.4.7
2007 silly packumentCache full:https://registry.npmjs.org/@inquirer%2fcheckbox cache-miss
2008 http fetch GET 200 https://registry.npmjs.org/@inquirer%2fselect 105ms (cache miss)
2009 silly packumentCache full:https://registry.npmjs.org/@inquirer%2fselect set size:undefined disposed:false
2010 silly fetch manifest @inquirer/password@^2.1.22
2011 silly packumentCache full:https://registry.npmjs.org/@inquirer%2fpassword cache-miss
2012 http fetch GET 200 https://registry.npmjs.org/@inquirer%2frawlist 100ms (cache miss)
2013 silly packumentCache full:https://registry.npmjs.org/@inquirer%2frawlist set size:undefined disposed:false
2014 silly fetch manifest @inquirer/type@^1.5.1
2015 silly packumentCache full:https://registry.npmjs.org/@inquirer%2ftype cache-miss
2016 http fetch GET 200 https://registry.npmjs.org/@inquirer%2fcheckbox 116ms (cache miss)
2017 silly packumentCache full:https://registry.npmjs.org/@inquirer%2fcheckbox set size:undefined disposed:false
2018 silly fetch manifest proc-log@^4.0.0
2019 silly packumentCache full:https://registry.npmjs.org/proc-log cache-miss
2020 http fetch GET 200 https://registry.npmjs.org/@inquirer%2ftype 93ms (cache revalidated)
2021 silly packumentCache full:https://registry.npmjs.org/@inquirer%2ftype set size:115206 disposed:false
2022 silly fetch manifest hosted-git-info@^7.0.0
2023 silly packumentCache full:https://registry.npmjs.org/hosted-git-info cache-miss
2024 http fetch GET 200 https://registry.npmjs.org/@inquirer%2fpassword 132ms (cache miss)
2025 silly packumentCache full:https://registry.npmjs.org/@inquirer%2fpassword set size:undefined disposed:false
2026 silly fetch manifest validate-npm-package-name@^5.0.0
2027 silly packumentCache full:https://registry.npmjs.org/validate-npm-package-name cache-miss
2028 http fetch GET 200 https://registry.npmjs.org/proc-log 71ms (cache miss)
2029 silly packumentCache full:https://registry.npmjs.org/proc-log set size:undefined disposed:false
2030 silly fetch manifest npm-install-checks@^6.0.0
2031 silly packumentCache full:https://registry.npmjs.org/npm-install-checks cache-miss
2032 http fetch GET 200 https://registry.npmjs.org/validate-npm-package-name 55ms (cache miss)
2033 silly packumentCache full:https://registry.npmjs.org/validate-npm-package-name set size:undefined disposed:false
2034 silly fetch manifest npm-normalize-package-bin@^3.0.0
2035 silly packumentCache full:https://registry.npmjs.org/npm-normalize-package-bin cache-miss
2036 http fetch GET 200 https://registry.npmjs.org/hosted-git-info 86ms (cache miss)
2037 silly packumentCache full:https://registry.npmjs.org/hosted-git-info set size:undefined disposed:false
2038 silly fetch manifest tar@^6.1.11
2039 silly packumentCache full:https://registry.npmjs.org/tar cache-miss
2040 http fetch GET 200 https://registry.npmjs.org/npm-normalize-package-bin 48ms (cache miss)
2041 silly packumentCache full:https://registry.npmjs.org/npm-normalize-package-bin set size:undefined disposed:false
2042 silly fetch manifest ssri@^10.0.0
2043 silly packumentCache full:https://registry.npmjs.org/ssri cache-miss
2044 http fetch GET 200 https://registry.npmjs.org/tar 75ms (cache miss)
2045 silly packumentCache full:https://registry.npmjs.org/tar set size:undefined disposed:false
2046 silly fetch manifest cacache@^18.0.0
2047 silly packumentCache full:https://registry.npmjs.org/cacache cache-miss
2048 http fetch GET 200 https://registry.npmjs.org/ssri 86ms (cache miss)
2049 silly packumentCache full:https://registry.npmjs.org/ssri set size:undefined disposed:false
2050 silly fetch manifest minipass@^7.0.2
2051 silly packumentCache full:https://registry.npmjs.org/minipass cache-miss
2052 http fetch GET 200 https://registry.npmjs.org/cacache 164ms (cache miss)
2053 silly packumentCache full:https://registry.npmjs.org/cacache set size:undefined disposed:false
2054 silly fetch manifest sigstore@^2.2.0
2055 silly packumentCache full:https://registry.npmjs.org/sigstore cache-miss
2056 http fetch GET 200 https://registry.npmjs.org/npm-install-checks 349ms (cache miss)
2057 silly packumentCache full:https://registry.npmjs.org/npm-install-checks set size:undefined disposed:false
2058 silly fetch manifest @npmcli/git@^5.0.0
2059 silly packumentCache full:https://registry.npmjs.org/@npmcli%2fgit cache-miss
2060 http fetch GET 200 https://registry.npmjs.org/minipass 176ms (cache miss)
2061 silly packumentCache full:https://registry.npmjs.org/minipass set size:undefined disposed:false
2062 silly fetch manifest fs-minipass@^3.0.0
2063 silly packumentCache full:https://registry.npmjs.org/fs-minipass cache-miss
2064 http fetch GET 200 https://registry.npmjs.org/sigstore 61ms (cache miss)
2065 silly packumentCache full:https://registry.npmjs.org/sigstore set size:undefined disposed:false
2066 silly fetch manifest npm-packlist@^8.0.0
2067 silly packumentCache full:https://registry.npmjs.org/npm-packlist cache-miss
2068 http fetch GET 200 https://registry.npmjs.org/@npmcli%2fgit 87ms (cache miss)
2069 silly packumentCache full:https://registry.npmjs.org/@npmcli%2fgit set size:undefined disposed:false
2070 silly fetch manifest promise-retry@^2.0.1
2071 silly packumentCache full:https://registry.npmjs.org/promise-retry cache-miss
2072 http fetch GET 200 https://registry.npmjs.org/fs-minipass 76ms (cache miss)
2073 silly packumentCache full:https://registry.npmjs.org/fs-minipass set size:undefined disposed:false
2074 silly fetch manifest @npmcli/run-script@^8.0.0
2075 silly packumentCache full:https://registry.npmjs.org/@npmcli%2frun-script cache-miss
2076 http fetch GET 200 https://registry.npmjs.org/npm-packlist 81ms (cache miss)
2077 silly packumentCache full:https://registry.npmjs.org/npm-packlist set size:undefined disposed:false
2078 silly fetch manifest npm-registry-fetch@^17.0.0
2079 silly packumentCache full:https://registry.npmjs.org/npm-registry-fetch cache-miss
2080 http fetch GET 200 https://registry.npmjs.org/promise-retry 113ms (cache miss)
2081 silly packumentCache full:https://registry.npmjs.org/promise-retry set size:undefined disposed:false
2082 silly fetch manifest @npmcli/package-json@^5.1.0
2083 silly packumentCache full:https://registry.npmjs.org/@npmcli%2fpackage-json cache-miss
2084 http fetch GET 200 https://registry.npmjs.org/@npmcli%2frun-script 161ms (cache miss)
2085 silly packumentCache full:https://registry.npmjs.org/@npmcli%2frun-script set size:undefined disposed:false
2086 silly fetch manifest @npmcli/promise-spawn@^7.0.0
2087 silly packumentCache full:https://registry.npmjs.org/@npmcli%2fpromise-spawn cache-miss
2088 http fetch GET 200 https://registry.npmjs.org/npm-registry-fetch 141ms (cache miss)
2089 silly packumentCache full:https://registry.npmjs.org/npm-registry-fetch set size:undefined disposed:false
2090 silly fetch manifest @npmcli/installed-package-contents@^2.0.1
2091 silly packumentCache full:https://registry.npmjs.org/@npmcli%2finstalled-package-contents cache-miss
2092 http fetch GET 200 https://registry.npmjs.org/@npmcli%2fpackage-json 121ms (cache miss)
2093 silly packumentCache full:https://registry.npmjs.org/@npmcli%2fpackage-json set size:undefined disposed:false
2094 silly fetch manifest path-parse@^1.0.7
2095 silly packumentCache full:https://registry.npmjs.org/path-parse cache-miss
2096 http fetch GET 200 https://registry.npmjs.org/@npmcli%2fpromise-spawn 111ms (cache miss)
2097 silly packumentCache full:https://registry.npmjs.org/@npmcli%2fpromise-spawn set size:undefined disposed:false
2098 silly fetch manifest is-core-module@^2.13.0
2099 silly packumentCache full:https://registry.npmjs.org/is-core-module cache-miss
2100 http fetch GET 200 https://registry.npmjs.org/@npmcli%2finstalled-package-contents 96ms (cache miss)
2101 silly packumentCache full:https://registry.npmjs.org/@npmcli%2finstalled-package-contents set size:undefined disposed:false
2102 silly fetch manifest supports-preserve-symlinks-flag@^1.0.0
2103 silly packumentCache full:https://registry.npmjs.org/supports-preserve-symlinks-flag cache-miss
2104 http fetch GET 200 https://registry.npmjs.org/path-parse 74ms (cache miss)
2105 silly packumentCache full:https://registry.npmjs.org/path-parse set size:undefined disposed:false
2106 silly fetch manifest y18n@^5.0.5
2107 silly packumentCache full:https://registry.npmjs.org/y18n cache-miss
2108 http fetch GET 200 https://registry.npmjs.org/is-core-module 62ms (cache miss)
2109 silly packumentCache full:https://registry.npmjs.org/is-core-module set size:undefined disposed:false
2110 silly fetch manifest cliui@^8.0.1
2111 silly packumentCache full:https://registry.npmjs.org/cliui cache-miss
2112 http fetch GET 200 https://registry.npmjs.org/supports-preserve-symlinks-flag 63ms (cache miss)
2113 silly packumentCache full:https://registry.npmjs.org/supports-preserve-symlinks-flag set size:undefined disposed:false
2114 silly fetch manifest escalade@^3.1.1
2115 silly packumentCache full:https://registry.npmjs.org/escalade cache-miss
2116 http fetch GET 200 https://registry.npmjs.org/y18n 75ms (cache miss)
2117 silly packumentCache full:https://registry.npmjs.org/y18n set size:undefined disposed:false
2118 silly fetch manifest string-width@^4.2.3
2119 silly packumentCache full:https://registry.npmjs.org/string-width cache-miss
2120 http fetch GET 200 https://registry.npmjs.org/cliui 69ms (cache miss)
2121 silly packumentCache full:https://registry.npmjs.org/cliui set size:undefined disposed:false
2122 silly fetch manifest yargs-parser@^21.1.1
2123 silly packumentCache full:https://registry.npmjs.org/yargs-parser cache-miss
2124 http fetch GET 200 https://registry.npmjs.org/escalade 80ms (cache miss)
2125 silly packumentCache full:https://registry.npmjs.org/escalade set size:undefined disposed:false
2126 silly fetch manifest get-caller-file@^2.0.5
2127 silly packumentCache full:https://registry.npmjs.org/get-caller-file cache-miss
2128 http fetch GET 200 https://registry.npmjs.org/string-width 76ms (cache miss)
2129 silly packumentCache full:https://registry.npmjs.org/string-width set size:undefined disposed:false
2130 silly fetch manifest require-directory@^2.1.1
2131 silly packumentCache full:https://registry.npmjs.org/require-directory cache-miss
2132 http fetch GET 200 https://registry.npmjs.org/yargs-parser 86ms (cache miss)
2133 silly packumentCache full:https://registry.npmjs.org/yargs-parser set size:undefined disposed:false
2134 http fetch GET 200 https://registry.npmjs.org/get-caller-file 73ms (cache miss)
2135 silly packumentCache full:https://registry.npmjs.org/get-caller-file set size:undefined disposed:false
2136 http fetch GET 200 https://registry.npmjs.org/require-directory 65ms (cache miss)
2137 silly packumentCache full:https://registry.npmjs.org/require-directory set size:undefined disposed:false
2138 silly placeDep node_modules/@angular-devkit/schematics rxjs@7.8.1 OK for: @angular-devkit/schematics@18.2.21 want: 7.8.1
2139 silly placeDep node_modules/@angular/compiler-cli @babel/core@7.25.2 OK for: @angular/compiler-cli@18.2.14 want: 7.25.2
2140 silly placeDep ROOT @jridgewell/sourcemap-codec@1.5.5 OK for: @angular/compiler-cli@18.2.14 want: ^1.4.14
2141 silly placeDep ROOT chokidar@4.0.3 OK for: @angular/compiler-cli@18.2.14 want: ^4.0.0
2142 silly placeDep ROOT convert-source-map@1.9.0 OK for: @angular/compiler-cli@18.2.14 want: ^1.5.1
2143 silly placeDep ROOT reflect-metadata@0.2.2 OK for: @angular/compiler-cli@18.2.14 want: ^0.2.0
2144 silly fetch manifest readdirp@^4.0.1
2145 silly packumentCache full:https://registry.npmjs.org/readdirp cache-miss
2146 http fetch GET 200 https://registry.npmjs.org/readdirp 64ms (cache miss)
2147 silly packumentCache full:https://registry.npmjs.org/readdirp set size:undefined disposed:false
2148 silly fetch manifest @babel/core@^7.0.0
2149 silly packumentCache full:https://registry.npmjs.org/@babel%2fcore cache-hit
2150 silly placeDep ROOT @babel/code-frame@7.29.0 OK for: @babel/core@7.26.10 want: ^7.26.2
2151 silly placeDep ROOT @babel/helper-compilation-targets@7.28.6 OK for: @babel/core@7.26.10 want: ^7.26.5
2152 silly placeDep ROOT @babel/helper-module-transforms@7.28.6 OK for: @babel/core@7.26.10 want: ^7.26.0
2153 silly placeDep ROOT @babel/helpers@7.29.2 OK for: @babel/core@7.26.10 want: ^7.26.10
2154 silly placeDep ROOT @babel/parser@7.29.2 OK for: @babel/core@7.26.10 want: ^7.26.10
2155 silly placeDep ROOT @babel/template@7.28.6 OK for: @babel/core@7.26.10 want: ^7.26.9
2156 silly placeDep ROOT @babel/traverse@7.29.0 OK for: @babel/core@7.26.10 want: ^7.26.10
2157 silly placeDep ROOT @babel/types@7.29.0 OK for: @babel/core@7.26.10 want: ^7.26.10
2158 silly placeDep node_modules/@babel/core convert-source-map@2.0.0 OK for: @babel/core@7.26.10 want: ^2.0.0
2159 silly placeDep ROOT debug@4.4.3 OK for: @babel/core@7.26.10 want: ^4.1.0
2160 silly placeDep ROOT gensync@1.0.0-beta.2 OK for: @babel/core@7.26.10 want: ^1.0.0-beta.2
2161 silly placeDep ROOT json5@2.2.3 OK for: @babel/core@7.26.10 want: ^2.2.3
2162 silly placeDep node_modules/@babel/core semver@6.3.1 OK for: @babel/core@7.26.10 want: ^6.3.1
2163 silly fetch manifest js-tokens@^4.0.0
2164 silly packumentCache full:https://registry.npmjs.org/js-tokens cache-miss
2165 silly fetch manifest picocolors@^1.1.1
2166 silly packumentCache full:https://registry.npmjs.org/picocolors cache-miss
2167 silly fetch manifest @babel/helper-validator-identifier@^7.28.5
2168 silly packumentCache full:https://registry.npmjs.org/@babel%2fhelper-validator-identifier cache-miss
2169 http fetch GET 200 https://registry.npmjs.org/js-tokens 75ms (cache miss)
2170 silly packumentCache full:https://registry.npmjs.org/js-tokens set size:undefined disposed:false
2171 silly fetch manifest lru-cache@^5.1.1
2172 silly packumentCache full:https://registry.npmjs.org/lru-cache cache-miss
2173 http fetch GET 200 https://registry.npmjs.org/@babel%2fhelper-validator-identifier 90ms (cache miss)
2174 silly packumentCache full:https://registry.npmjs.org/@babel%2fhelper-validator-identifier set size:undefined disposed:false
2175 silly fetch manifest @babel/compat-data@^7.28.6
2176 silly packumentCache full:https://registry.npmjs.org/@babel%2fcompat-data cache-miss
2177 http fetch GET 200 https://registry.npmjs.org/picocolors 102ms (cache revalidated)
2178 silly packumentCache full:https://registry.npmjs.org/picocolors set size:16648 disposed:false
2179 silly fetch manifest @babel/helper-validator-option@^7.27.1
2180 silly packumentCache full:https://registry.npmjs.org/@babel%2fhelper-validator-option cache-miss
2181 http fetch GET 200 https://registry.npmjs.org/lru-cache 110ms (cache miss)
2182 silly packumentCache full:https://registry.npmjs.org/lru-cache set size:undefined disposed:false
2183 silly fetch manifest @babel/traverse@^7.28.6
2184 silly packumentCache full:https://registry.npmjs.org/@babel%2ftraverse cache-hit
2185 silly fetch manifest @babel/helper-module-imports@^7.28.6
2186 silly packumentCache full:https://registry.npmjs.org/@babel%2fhelper-module-imports cache-miss
2187 http fetch GET 200 https://registry.npmjs.org/@babel%2fhelper-validator-option 114ms (cache revalidated)
2188 silly packumentCache full:https://registry.npmjs.org/@babel%2fhelper-validator-option set size:92248 disposed:false
2189 silly fetch manifest @babel/template@^7.28.6
2190 silly packumentCache full:https://registry.npmjs.org/@babel%2ftemplate cache-hit
2191 silly fetch manifest @babel/types@^7.29.0
2192 silly packumentCache full:https://registry.npmjs.org/@babel%2ftypes cache-hit
2193 silly fetch manifest @babel/types@^7.28.6
2194 silly packumentCache full:https://registry.npmjs.org/@babel%2ftypes cache-hit
2195 silly fetch manifest debug@^4.3.1
2196 silly packumentCache full:https://registry.npmjs.org/debug cache-hit
2197 silly fetch manifest @babel/generator@^7.29.0
2198 silly packumentCache full:https://registry.npmjs.org/@babel%2fgenerator cache-hit
2199 silly fetch manifest @babel/helper-globals@^7.28.0
2200 silly packumentCache full:https://registry.npmjs.org/@babel%2fhelper-globals cache-miss
2201 http fetch GET 200 https://registry.npmjs.org/@babel%2fcompat-data 140ms (cache revalidated)
2202 silly packumentCache full:https://registry.npmjs.org/@babel%2fcompat-data set size:305632 disposed:false
2203 silly fetch manifest @babel/helper-string-parser@^7.27.1
2204 silly packumentCache full:https://registry.npmjs.org/@babel%2fhelper-string-parser cache-miss
2205 http fetch GET 200 https://registry.npmjs.org/@babel%2fhelper-globals 90ms (cache miss)
2206 silly packumentCache full:https://registry.npmjs.org/@babel%2fhelper-globals set size:undefined disposed:false
2207 silly fetch manifest ms@^2.1.3
2208 silly packumentCache full:https://registry.npmjs.org/ms cache-miss
2209 http fetch GET 200 https://registry.npmjs.org/@babel%2fhelper-module-imports 125ms (cache revalidated)
2210 silly packumentCache full:https://registry.npmjs.org/@babel%2fhelper-module-imports set size:193449 disposed:false
2211 http fetch GET 200 https://registry.npmjs.org/@babel%2fhelper-string-parser 112ms (cache miss)
2212 silly packumentCache full:https://registry.npmjs.org/@babel%2fhelper-string-parser set size:undefined disposed:false
2213 http fetch GET 200 https://registry.npmjs.org/ms 135ms (cache miss)
2214 silly packumentCache full:https://registry.npmjs.org/ms set size:undefined disposed:false
2215 silly placeDep ROOT @babel/helper-validator-identifier@7.28.5 OK for: @babel/code-frame@7.29.0 want: ^7.28.5
2216 silly placeDep ROOT js-tokens@4.0.0 OK for: @babel/code-frame@7.29.0 want: ^4.0.0
2217 silly placeDep ROOT picocolors@1.1.1 OK for: @babel/code-frame@7.29.0 want: ^1.1.1
2218 silly placeDep ROOT jsesc@3.1.0 OK for: @babel/generator@7.26.10 want: ^3.0.2
2219 silly placeDep ROOT @babel/compat-data@7.29.0 OK for: @babel/helper-compilation-targets@7.28.6 want: ^7.28.6
2220 silly placeDep ROOT @babel/helper-validator-option@7.27.1 OK for: @babel/helper-compilation-targets@7.28.6 want: ^7.27.1
2221 silly placeDep ROOT lru-cache@5.1.1 OK for: @babel/helper-compilation-targets@7.28.6 want: ^5.1.1
2222 silly placeDep node_modules/@babel/helper-compilation-targets semver@6.3.1 OK for: @babel/helper-compilation-targets@7.28.6 want: ^6.3.1
2223 silly fetch manifest yallist@^3.0.2
2224 silly packumentCache full:https://registry.npmjs.org/yallist cache-miss
2225 http fetch GET 200 https://registry.npmjs.org/yallist 57ms (cache miss)
2226 silly packumentCache full:https://registry.npmjs.org/yallist set size:undefined disposed:false
2227 silly placeDep ROOT @babel/helper-module-imports@7.28.6 OK for: @babel/helper-module-transforms@7.28.6 want: ^7.28.6
2228 silly placeDep ROOT @babel/helper-plugin-utils@7.28.6 OK for: @babel/plugin-syntax-import-attributes@7.24.7 want: ^7.24.7
2229 silly fetch manifest @babel/core@^7.0.0-0
2230 silly packumentCache full:https://registry.npmjs.org/@babel%2fcore cache-hit
2231 silly placeDep ROOT @babel/helper-remap-async-to-generator@7.27.1 OK for: @babel/plugin-transform-async-generator-functions@7.26.8 want: ^7.25.9
2232 silly fetch manifest @babel/helper-wrap-function@^7.27.1
2233 silly packumentCache full:https://registry.npmjs.org/@babel%2fhelper-wrap-function cache-miss
2234 silly fetch manifest @babel/helper-annotate-as-pure@^7.27.1
2235 silly packumentCache full:https://registry.npmjs.org/@babel%2fhelper-annotate-as-pure cache-hit
2236 http fetch GET 200 https://registry.npmjs.org/@babel%2fhelper-wrap-function 61ms (cache miss)
2237 silly packumentCache full:https://registry.npmjs.org/@babel%2fhelper-wrap-function set size:undefined disposed:false
2238 silly placeDep node_modules/@babel/helper-remap-async-to-generator @babel/helper-annotate-as-pure@7.27.3 OK for: @babel/helper-remap-async-to-generator@7.27.1 want: ^7.27.1
2239 silly placeDep ROOT @babel/helper-wrap-function@7.28.6 OK for: @babel/helper-remap-async-to-generator@7.27.1 want: ^7.27.1
2240 silly placeDep ROOT babel-plugin-polyfill-corejs2@0.4.17 OK for: @babel/plugin-transform-runtime@7.26.10 want: ^0.4.10
2241 silly placeDep ROOT babel-plugin-polyfill-corejs3@0.11.1 OK for: @babel/plugin-transform-runtime@7.26.10 want: ^0.11.0
2242 silly placeDep ROOT babel-plugin-polyfill-regenerator@0.6.8 OK for: @babel/plugin-transform-runtime@7.26.10 want: ^0.6.1
2243 silly placeDep node_modules/@babel/plugin-transform-runtime semver@6.3.1 OK for: @babel/plugin-transform-runtime@7.26.10 want: ^6.3.1
2244 silly fetch manifest @babel/helper-define-polyfill-provider@^0.6.8
2245 silly packumentCache full:https://registry.npmjs.org/@babel%2fhelper-define-polyfill-provider cache-miss
2246 silly fetch manifest @babel/helper-define-polyfill-provider@^0.6.3
2247 silly packumentCache full:https://registry.npmjs.org/@babel%2fhelper-define-polyfill-provider cache-miss
2248 silly fetch manifest @babel/helper-define-polyfill-provider@^0.6.8
2249 silly packumentCache full:https://registry.npmjs.org/@babel%2fhelper-define-polyfill-provider cache-miss
2250 http fetch GET 200 https://registry.npmjs.org/@babel%2fhelper-define-polyfill-provider 84ms (cache miss)
2251 silly packumentCache full:https://registry.npmjs.org/@babel%2fhelper-define-polyfill-provider set size:undefined disposed:false
2252 http fetch GET 200 https://registry.npmjs.org/@babel%2fhelper-define-polyfill-provider 87ms (cache miss)
2253 silly packumentCache full:https://registry.npmjs.org/@babel%2fhelper-define-polyfill-provider set size:undefined disposed:false
2254 http fetch GET 200 https://registry.npmjs.org/@babel%2fhelper-define-polyfill-provider 92ms (cache miss)
2255 silly packumentCache full:https://registry.npmjs.org/@babel%2fhelper-define-polyfill-provider set size:undefined disposed:false
2256 silly placeDep ROOT @babel/plugin-bugfix-firefox-class-in-computed-class-key@7.28.5 OK for: @babel/preset-env@7.26.9 want: ^7.25.9
2257 silly placeDep ROOT @babel/plugin-bugfix-safari-class-field-initializer-scope@7.27.1 OK for: @babel/preset-env@7.26.9 want: ^7.25.9
2258 silly placeDep ROOT @babel/plugin-bugfix-safari-id-destructuring-collision-in-function-expression@7.27.1 OK for: @babel/preset-env@7.26.9 want: ^7.25.9
2259 silly placeDep ROOT @babel/plugin-bugfix-v8-spread-parameters-in-optional-chaining@7.27.1 OK for: @babel/preset-env@7.26.9 want: ^7.25.9
2260 silly placeDep ROOT @babel/plugin-bugfix-v8-static-class-fields-redefine-readonly@7.28.6 OK for: @babel/preset-env@7.26.9 want: ^7.25.9
2261 silly placeDep ROOT @babel/plugin-proposal-private-property-in-object@7.21.0-placeholder-for-preset-env.2 OK for: @babel/preset-env@7.26.9 want: 7.21.0-placeholder-for-preset-env.2
2262 silly placeDep ROOT @babel/plugin-syntax-import-assertions@7.28.6 OK for: @babel/preset-env@7.26.9 want: ^7.26.0
2263 silly placeDep node_modules/@babel/preset-env @babel/plugin-syntax-import-attributes@7.28.6 OK for: @babel/preset-env@7.26.9 want: ^7.26.0
2264 silly placeDep ROOT @babel/plugin-syntax-unicode-sets-regex@7.18.6 OK for: @babel/preset-env@7.26.9 want: ^7.18.6
2265 silly placeDep ROOT @babel/plugin-transform-arrow-functions@7.27.1 OK for: @babel/preset-env@7.26.9 want: ^7.25.9
2266 silly placeDep ROOT @babel/plugin-transform-block-scoped-functions@7.27.1 OK for: @babel/preset-env@7.26.9 want: ^7.26.5
2267 silly placeDep ROOT @babel/plugin-transform-block-scoping@7.28.6 OK for: @babel/preset-env@7.26.9 want: ^7.25.9
2268 silly placeDep ROOT @babel/plugin-transform-class-properties@7.28.6 OK for: @babel/preset-env@7.26.9 want: ^7.25.9
2269 silly placeDep ROOT @babel/plugin-transform-class-static-block@7.28.6 OK for: @babel/preset-env@7.26.9 want: ^7.26.0
2270 silly placeDep ROOT @babel/plugin-transform-classes@7.28.6 OK for: @babel/preset-env@7.26.9 want: ^7.25.9
2271 silly placeDep ROOT @babel/plugin-transform-computed-properties@7.28.6 OK for: @babel/preset-env@7.26.9 want: ^7.25.9
2272 silly placeDep ROOT @babel/plugin-transform-destructuring@7.28.5 OK for: @babel/preset-env@7.26.9 want: ^7.25.9
2273 silly placeDep ROOT @babel/plugin-transform-dotall-regex@7.28.6 OK for: @babel/preset-env@7.26.9 want: ^7.25.9
2274 silly placeDep ROOT @babel/plugin-transform-duplicate-keys@7.27.1 OK for: @babel/preset-env@7.26.9 want: ^7.25.9
2275 silly placeDep ROOT @babel/plugin-transform-duplicate-named-capturing-groups-regex@7.29.0 OK for: @babel/preset-env@7.26.9 want: ^7.25.9
2276 silly placeDep ROOT @babel/plugin-transform-dynamic-import@7.27.1 OK for: @babel/preset-env@7.26.9 want: ^7.25.9
2277 silly placeDep ROOT @babel/plugin-transform-exponentiation-operator@7.28.6 OK for: @babel/preset-env@7.26.9 want: ^7.26.3
2278 silly placeDep ROOT @babel/plugin-transform-export-namespace-from@7.27.1 OK for: @babel/preset-env@7.26.9 want: ^7.25.9
2279 silly placeDep ROOT @babel/plugin-transform-for-of@7.27.1 OK for: @babel/preset-env@7.26.9 want: ^7.26.9
2280 silly placeDep ROOT @babel/plugin-transform-function-name@7.27.1 OK for: @babel/preset-env@7.26.9 want: ^7.25.9
2281 silly placeDep ROOT @babel/plugin-transform-json-strings@7.28.6 OK for: @babel/preset-env@7.26.9 want: ^7.25.9
2282 silly placeDep ROOT @babel/plugin-transform-literals@7.27.1 OK for: @babel/preset-env@7.26.9 want: ^7.25.9
2283 silly placeDep ROOT @babel/plugin-transform-logical-assignment-operators@7.28.6 OK for: @babel/preset-env@7.26.9 want: ^7.25.9
2284 silly placeDep ROOT @babel/plugin-transform-member-expression-literals@7.27.1 OK for: @babel/preset-env@7.26.9 want: ^7.25.9
2285 silly placeDep ROOT @babel/plugin-transform-modules-amd@7.27.1 OK for: @babel/preset-env@7.26.9 want: ^7.25.9
2286 silly placeDep ROOT @babel/plugin-transform-modules-commonjs@7.28.6 OK for: @babel/preset-env@7.26.9 want: ^7.26.3
2287 silly placeDep ROOT @babel/plugin-transform-modules-systemjs@7.29.0 OK for: @babel/preset-env@7.26.9 want: ^7.25.9
2288 silly placeDep ROOT @babel/plugin-transform-modules-umd@7.27.1 OK for: @babel/preset-env@7.26.9 want: ^7.25.9
2289 silly placeDep ROOT @babel/plugin-transform-named-capturing-groups-regex@7.29.0 OK for: @babel/preset-env@7.26.9 want: ^7.25.9
2290 silly placeDep ROOT @babel/plugin-transform-new-target@7.27.1 OK for: @babel/preset-env@7.26.9 want: ^7.25.9
2291 silly placeDep ROOT @babel/plugin-transform-nullish-coalescing-operator@7.28.6 OK for: @babel/preset-env@7.26.9 want: ^7.26.6
2292 silly placeDep ROOT @babel/plugin-transform-numeric-separator@7.28.6 OK for: @babel/preset-env@7.26.9 want: ^7.25.9
2293 silly placeDep ROOT @babel/plugin-transform-object-rest-spread@7.28.6 OK for: @babel/preset-env@7.26.9 want: ^7.25.9
2294 silly placeDep ROOT @babel/plugin-transform-object-super@7.27.1 OK for: @babel/preset-env@7.26.9 want: ^7.25.9
2295 silly placeDep ROOT @babel/plugin-transform-optional-catch-binding@7.28.6 OK for: @babel/preset-env@7.26.9 want: ^7.25.9
2296 silly placeDep ROOT @babel/plugin-transform-optional-chaining@7.28.6 OK for: @babel/preset-env@7.26.9 want: ^7.25.9
2297 silly placeDep ROOT @babel/plugin-transform-parameters@7.27.7 OK for: @babel/preset-env@7.26.9 want: ^7.25.9
2298 silly placeDep ROOT @babel/plugin-transform-private-methods@7.28.6 OK for: @babel/preset-env@7.26.9 want: ^7.25.9
2299 silly placeDep ROOT @babel/plugin-transform-private-property-in-object@7.28.6 OK for: @babel/preset-env@7.26.9 want: ^7.25.9
2300 silly placeDep ROOT @babel/plugin-transform-property-literals@7.27.1 OK for: @babel/preset-env@7.26.9 want: ^7.25.9
2301 silly placeDep ROOT @babel/plugin-transform-regenerator@7.29.0 OK for: @babel/preset-env@7.26.9 want: ^7.25.9
2302 silly placeDep ROOT @babel/plugin-transform-regexp-modifiers@7.28.6 OK for: @babel/preset-env@7.26.9 want: ^7.26.0
2303 silly placeDep ROOT @babel/plugin-transform-reserved-words@7.27.1 OK for: @babel/preset-env@7.26.9 want: ^7.25.9
2304 silly placeDep ROOT @babel/plugin-transform-shorthand-properties@7.27.1 OK for: @babel/preset-env@7.26.9 want: ^7.25.9
2305 silly placeDep ROOT @babel/plugin-transform-spread@7.28.6 OK for: @babel/preset-env@7.26.9 want: ^7.25.9
2306 silly placeDep ROOT @babel/plugin-transform-sticky-regex@7.27.1 OK for: @babel/preset-env@7.26.9 want: ^7.25.9
2307 silly placeDep ROOT @babel/plugin-transform-template-literals@7.27.1 OK for: @babel/preset-env@7.26.9 want: ^7.26.8
2308 silly placeDep ROOT @babel/plugin-transform-typeof-symbol@7.27.1 OK for: @babel/preset-env@7.26.9 want: ^7.26.7
2309 silly placeDep ROOT @babel/plugin-transform-unicode-escapes@7.27.1 OK for: @babel/preset-env@7.26.9 want: ^7.25.9
2310 silly placeDep ROOT @babel/plugin-transform-unicode-property-regex@7.28.6 OK for: @babel/preset-env@7.26.9 want: ^7.25.9
2311 silly placeDep ROOT @babel/plugin-transform-unicode-regex@7.27.1 OK for: @babel/preset-env@7.26.9 want: ^7.25.9
2312 silly placeDep ROOT @babel/plugin-transform-unicode-sets-regex@7.28.6 OK for: @babel/preset-env@7.26.9 want: ^7.25.9
2313 silly placeDep ROOT @babel/preset-modules@0.1.6-no-external-plugins OK for: @babel/preset-env@7.26.9 want: 0.1.6-no-external-plugins
2314 silly placeDep ROOT core-js-compat@3.49.0 OK for: @babel/preset-env@7.26.9 want: ^3.40.0
2315 silly placeDep node_modules/@babel/preset-env semver@6.3.1 OK for: @babel/preset-env@7.26.9 want: ^6.3.1
2316 silly fetch manifest @babel/plugin-transform-optional-chaining@^7.27.1
2317 silly packumentCache full:https://registry.npmjs.org/@babel%2fplugin-transform-optional-chaining cache-miss
2318 silly fetch manifest @babel/helper-skip-transparent-expression-wrappers@^7.27.1
2319 silly packumentCache full:https://registry.npmjs.org/@babel%2fhelper-skip-transparent-expression-wrappers cache-miss
2320 silly fetch manifest @babel/helper-create-regexp-features-plugin@^7.18.6
2321 silly packumentCache full:https://registry.npmjs.org/@babel%2fhelper-create-regexp-features-plugin cache-miss
2322 http fetch GET 200 https://registry.npmjs.org/@babel%2fhelper-create-regexp-features-plugin 80ms (cache miss)
2323 silly packumentCache full:https://registry.npmjs.org/@babel%2fhelper-create-regexp-features-plugin set size:undefined disposed:false
2324 silly fetch manifest @babel/helper-create-class-features-plugin@^7.28.6
2325 silly packumentCache full:https://registry.npmjs.org/@babel%2fhelper-create-class-features-plugin cache-miss
2326 http fetch GET 200 https://registry.npmjs.org/@babel%2fhelper-skip-transparent-expression-wrappers 92ms (cache miss)
2327 silly packumentCache full:https://registry.npmjs.org/@babel%2fhelper-skip-transparent-expression-wrappers set size:undefined disposed:false
2328 silly fetch manifest @babel/helper-create-class-features-plugin@^7.28.6
2329 silly packumentCache full:https://registry.npmjs.org/@babel%2fhelper-create-class-features-plugin cache-miss
2330 http fetch GET 200 https://registry.npmjs.org/@babel%2fplugin-transform-optional-chaining 117ms (cache revalidated)
2331 silly packumentCache full:https://registry.npmjs.org/@babel%2fplugin-transform-optional-chaining set size:104559 disposed:false
2332 silly fetch manifest @babel/helper-replace-supers@^7.28.6
2333 silly packumentCache full:https://registry.npmjs.org/@babel%2fhelper-replace-supers cache-miss
2334 http fetch GET 200 https://registry.npmjs.org/@babel%2fhelper-create-class-features-plugin 118ms (cache miss)
2335 silly packumentCache full:https://registry.npmjs.org/@babel%2fhelper-create-class-features-plugin set size:undefined disposed:false
2336 silly fetch manifest @babel/helper-annotate-as-pure@^7.27.3
2337 silly packumentCache full:https://registry.npmjs.org/@babel%2fhelper-annotate-as-pure cache-hit
2338 silly fetch manifest @babel/helper-create-regexp-features-plugin@^7.28.5
2339 silly packumentCache full:https://registry.npmjs.org/@babel%2fhelper-create-regexp-features-plugin cache-miss
2340 http fetch GET 200 https://registry.npmjs.org/@babel%2fhelper-create-class-features-plugin 129ms (cache miss)
2341 silly packumentCache full:https://registry.npmjs.org/@babel%2fhelper-create-class-features-plugin set size:undefined disposed:false
2342 silly fetch manifest @babel/helper-create-regexp-features-plugin@^7.28.5
2343 silly packumentCache full:https://registry.npmjs.org/@babel%2fhelper-create-regexp-features-plugin cache-miss
2344 http fetch GET 200 https://registry.npmjs.org/@babel%2fhelper-replace-supers 120ms (cache miss)
2345 silly packumentCache full:https://registry.npmjs.org/@babel%2fhelper-replace-supers set size:undefined disposed:false
2346 silly fetch manifest @babel/helper-create-regexp-features-plugin@^7.28.5
2347 silly packumentCache full:https://registry.npmjs.org/@babel%2fhelper-create-regexp-features-plugin cache-miss
2348 http fetch GET 200 https://registry.npmjs.org/@babel%2fhelper-create-regexp-features-plugin 129ms (cache revalidated)
2349 silly packumentCache full:https://registry.npmjs.org/@babel%2fhelper-create-regexp-features-plugin set size:176119 disposed:false
2350 silly fetch manifest @babel/plugin-transform-parameters@^7.27.7
2351 silly packumentCache full:https://registry.npmjs.org/@babel%2fplugin-transform-parameters cache-miss
2352 http fetch GET 200 https://registry.npmjs.org/@babel%2fhelper-create-regexp-features-plugin 122ms (cache revalidated)
2353 silly packumentCache full:https://registry.npmjs.org/@babel%2fhelper-create-regexp-features-plugin set size:176119 disposed:false
2354 silly packumentCache full:https://registry.npmjs.org/@babel%2fhelper-create-regexp-features-plugin dispose
2355 silly fetch manifest @babel/helper-replace-supers@^7.27.1
2356 silly packumentCache full:https://registry.npmjs.org/@babel%2fhelper-replace-supers cache-miss
2357 http fetch GET 200 https://registry.npmjs.org/@babel%2fhelper-create-regexp-features-plugin 164ms (cache revalidated)
2358 silly packumentCache full:https://registry.npmjs.org/@babel%2fhelper-create-regexp-features-plugin set size:176119 disposed:true
2359 silly packumentCache full:https://registry.npmjs.org/@babel%2fhelper-create-regexp-features-plugin dispose
2360 silly fetch manifest @babel/helper-create-regexp-features-plugin@^7.27.1
2361 silly packumentCache full:https://registry.npmjs.org/@babel%2fhelper-create-regexp-features-plugin cache-hit
2362 silly fetch manifest esutils@^2.0.2
2363 silly packumentCache full:https://registry.npmjs.org/esutils cache-miss
2364 http fetch GET 200 https://registry.npmjs.org/esutils 46ms (cache miss)
2365 silly packumentCache full:https://registry.npmjs.org/esutils set size:undefined disposed:false
2366 http fetch GET 200 https://registry.npmjs.org/@babel%2fplugin-transform-parameters 96ms (cache revalidated)
2367 silly packumentCache full:https://registry.npmjs.org/@babel%2fplugin-transform-parameters set size:269382 disposed:false
2368 http fetch GET 200 https://registry.npmjs.org/@babel%2fhelper-replace-supers 835ms (cache revalidated)
2369 silly packumentCache full:https://registry.npmjs.org/@babel%2fhelper-replace-supers set size:257551 disposed:false
2370 silly placeDep ROOT @babel/helper-skip-transparent-expression-wrappers@7.27.1 OK for: @babel/plugin-bugfix-v8-spread-parameters-in-optional-chaining@7.27.1 want: ^7.27.1
2371 silly placeDep ROOT @babel/helper-create-regexp-features-plugin@7.28.5 OK for: @babel/plugin-syntax-unicode-sets-regex@7.18.6 want: ^7.18.6
2372 silly fetch manifest regexpu-core@^6.3.1
2373 silly packumentCache full:https://registry.npmjs.org/regexpu-core cache-miss
2374 http fetch GET 200 https://registry.npmjs.org/regexpu-core 56ms (cache miss)
2375 silly packumentCache full:https://registry.npmjs.org/regexpu-core set size:undefined disposed:false
2376 silly placeDep node_modules/@babel/helper-create-regexp-features-plugin @babel/helper-annotate-as-pure@7.27.3 OK for: @babel/helper-create-regexp-features-plugin@7.28.5 want: ^7.27.3
2377 silly placeDep ROOT regexpu-core@6.4.0 OK for: @babel/helper-create-regexp-features-plugin@7.28.5 want: ^6.3.1
2378 silly placeDep node_modules/@babel/helper-create-regexp-features-plugin semver@6.3.1 OK for: @babel/helper-create-regexp-features-plugin@7.28.5 want: ^6.3.1
2379 silly fetch manifest regenerate@^1.4.2
2380 silly packumentCache full:https://registry.npmjs.org/regenerate cache-miss
2381 silly fetch manifest regenerate-unicode-properties@^10.2.2
2382 silly packumentCache full:https://registry.npmjs.org/regenerate-unicode-properties cache-miss
2383 silly fetch manifest regjsgen@^0.8.0
2384 silly packumentCache full:https://registry.npmjs.org/regjsgen cache-miss
2385 http fetch GET 200 https://registry.npmjs.org/regenerate-unicode-properties 76ms (cache miss)
2386 silly packumentCache full:https://registry.npmjs.org/regenerate-unicode-properties set size:undefined disposed:false
2387 silly fetch manifest regjsparser@^0.13.0
2388 silly packumentCache full:https://registry.npmjs.org/regjsparser cache-miss
2389 http fetch GET 200 https://registry.npmjs.org/regjsgen 93ms (cache miss)
2390 silly packumentCache full:https://registry.npmjs.org/regjsgen set size:undefined disposed:false
2391 silly fetch manifest unicode-match-property-ecmascript@^2.0.0
2392 silly packumentCache full:https://registry.npmjs.org/unicode-match-property-ecmascript cache-miss
2393 http fetch GET 200 https://registry.npmjs.org/regenerate 104ms (cache miss)
2394 silly packumentCache full:https://registry.npmjs.org/regenerate set size:undefined disposed:false
2395 silly fetch manifest unicode-match-property-value-ecmascript@^2.2.1
2396 silly packumentCache full:https://registry.npmjs.org/unicode-match-property-value-ecmascript cache-miss
2397 http fetch GET 200 https://registry.npmjs.org/regjsparser 50ms (cache miss)
2398 silly packumentCache full:https://registry.npmjs.org/regjsparser set size:undefined disposed:false
2399 http fetch GET 200 https://registry.npmjs.org/unicode-match-property-ecmascript 62ms (cache miss)
2400 silly packumentCache full:https://registry.npmjs.org/unicode-match-property-ecmascript set size:undefined disposed:false
2401 http fetch GET 200 https://registry.npmjs.org/unicode-match-property-value-ecmascript 64ms (cache miss)
2402 silly packumentCache full:https://registry.npmjs.org/unicode-match-property-value-ecmascript set size:undefined disposed:false
2403 silly placeDep ROOT @babel/helper-create-class-features-plugin@7.28.6 OK for: @babel/plugin-transform-class-properties@7.28.6 want: ^7.28.6
2404 silly fetch manifest @babel/helper-optimise-call-expression@^7.27.1
2405 silly packumentCache full:https://registry.npmjs.org/@babel%2fhelper-optimise-call-expression cache-miss
2406 silly fetch manifest @babel/helper-member-expression-to-functions@^7.28.5
2407 silly packumentCache full:https://registry.npmjs.org/@babel%2fhelper-member-expression-to-functions cache-miss
2408 http fetch GET 200 https://registry.npmjs.org/@babel%2fhelper-optimise-call-expression 84ms (cache miss)
2409 silly packumentCache full:https://registry.npmjs.org/@babel%2fhelper-optimise-call-expression set size:undefined disposed:false
2410 http fetch GET 200 https://registry.npmjs.org/@babel%2fhelper-member-expression-to-functions 104ms (cache miss)
2411 silly packumentCache full:https://registry.npmjs.org/@babel%2fhelper-member-expression-to-functions set size:undefined disposed:false
2412 silly placeDep node_modules/@babel/helper-create-class-features-plugin @babel/helper-annotate-as-pure@7.27.3 OK for: @babel/helper-create-class-features-plugin@7.28.6 want: ^7.27.3
2413 silly placeDep ROOT @babel/helper-member-expression-to-functions@7.28.5 OK for: @babel/helper-create-class-features-plugin@7.28.6 want: ^7.28.5
2414 silly placeDep ROOT @babel/helper-optimise-call-expression@7.27.1 OK for: @babel/helper-create-class-features-plugin@7.28.6 want: ^7.27.1
2415 silly placeDep ROOT @babel/helper-replace-supers@7.28.6 OK for: @babel/helper-create-class-features-plugin@7.28.6 want: ^7.28.6
2416 silly placeDep node_modules/@babel/helper-create-class-features-plugin semver@6.3.1 OK for: @babel/helper-create-class-features-plugin@7.28.6 want: ^6.3.1
2417 silly placeDep node_modules/@babel/plugin-transform-classes @babel/helper-annotate-as-pure@7.27.3 OK for: @babel/plugin-transform-classes@7.28.6 want: ^7.27.3
2418 silly placeDep ROOT @babel/helper-globals@7.28.0 OK for: @babel/plugin-transform-classes@7.28.6 want: ^7.28.0
2419 silly placeDep node_modules/@babel/plugin-transform-private-property-in-object @babel/helper-annotate-as-pure@7.27.3 OK for: @babel/plugin-transform-private-property-in-object@7.28.6 want: ^7.27.3
2420 silly placeDep ROOT esutils@2.0.3 OK for: @babel/preset-modules@0.1.6-no-external-plugins want: ^2.0.2
2421 silly placeDep ROOT regenerator-runtime@0.14.1 OK for: @babel/runtime@7.26.10 want: ^0.14.0
2422 silly placeDep node_modules/@babel/traverse @babel/generator@7.29.1 OK for: @babel/traverse@7.29.0 want: ^7.29.0
2423 silly placeDep ROOT @babel/helper-string-parser@7.27.1 OK for: @babel/types@7.29.0 want: ^7.27.1
2424 silly placeDep ROOT @inquirer/core@9.2.1 OK for: @inquirer/confirm@3.1.22 want: ^9.0.10
2425 silly placeDep ROOT @inquirer/type@1.5.5 OK for: @inquirer/confirm@3.1.22 want: ^1.5.2
2426 silly fetch manifest cli-width@^4.1.0
2427 silly packumentCache full:https://registry.npmjs.org/cli-width cache-miss
2428 silly fetch manifest wrap-ansi@^6.2.0
2429 silly packumentCache full:https://registry.npmjs.org/wrap-ansi cache-miss
2430 silly fetch manifest strip-ansi@^6.0.1
2431 silly packumentCache full:https://registry.npmjs.org/strip-ansi cache-miss
2432 http fetch GET 200 https://registry.npmjs.org/cli-width 89ms (cache miss)
2433 silly packumentCache full:https://registry.npmjs.org/cli-width set size:undefined disposed:false
2434 silly fetch manifest mute-stream@^1.0.0
2435 silly packumentCache full:https://registry.npmjs.org/mute-stream cache-miss
2436 http fetch GET 200 https://registry.npmjs.org/wrap-ansi 110ms (cache revalidated)
2437 silly packumentCache full:https://registry.npmjs.org/wrap-ansi set size:55299 disposed:false
2438 silly fetch manifest signal-exit@^4.1.0
2439 silly packumentCache full:https://registry.npmjs.org/signal-exit cache-miss
2440 http fetch GET 200 https://registry.npmjs.org/strip-ansi 129ms (cache revalidated)
2441 silly packumentCache full:https://registry.npmjs.org/strip-ansi set size:44998 disposed:false
2442 silly fetch manifest ansi-escapes@^4.3.2
2443 silly packumentCache full:https://registry.npmjs.org/ansi-escapes cache-miss
2444 http fetch GET 200 https://registry.npmjs.org/mute-stream 117ms (cache miss)
2445 silly packumentCache full:https://registry.npmjs.org/mute-stream set size:undefined disposed:false
2446 silly fetch manifest @inquirer/type@^2.0.0
2447 silly packumentCache full:https://registry.npmjs.org/@inquirer%2ftype cache-hit
2448 silly fetch manifest yoctocolors-cjs@^2.1.2
2449 silly packumentCache full:https://registry.npmjs.org/yoctocolors-cjs cache-miss
2450 http fetch GET 200 https://registry.npmjs.org/signal-exit 137ms (cache miss)
2451 silly packumentCache full:https://registry.npmjs.org/signal-exit set size:undefined disposed:false
2452 silly fetch manifest @types/wrap-ansi@^3.0.0
2453 silly packumentCache full:https://registry.npmjs.org/@types%2fwrap-ansi cache-miss
2454 http fetch GET 200 https://registry.npmjs.org/ansi-escapes 155ms (cache miss)
2455 silly packumentCache full:https://registry.npmjs.org/ansi-escapes set size:undefined disposed:false
2456 silly fetch manifest @inquirer/figures@^1.0.6
2457 silly packumentCache full:https://registry.npmjs.org/@inquirer%2ffigures cache-miss
2458 http fetch GET 200 https://registry.npmjs.org/yoctocolors-cjs 139ms (cache miss)
2459 silly packumentCache full:https://registry.npmjs.org/yoctocolors-cjs set size:undefined disposed:false
2460 silly fetch manifest @types/mute-stream@^0.0.4
2461 silly packumentCache full:https://registry.npmjs.org/@types%2fmute-stream cache-miss
2462 http fetch GET 200 https://registry.npmjs.org/@types%2fwrap-ansi 125ms (cache miss)
2463 silly packumentCache full:https://registry.npmjs.org/@types%2fwrap-ansi set size:undefined disposed:false
2464 http fetch GET 200 https://registry.npmjs.org/@inquirer%2ffigures 144ms (cache miss)
2465 silly packumentCache full:https://registry.npmjs.org/@inquirer%2ffigures set size:undefined disposed:false
2466 http fetch GET 200 https://registry.npmjs.org/@types%2fmute-stream 112ms (cache miss)
2467 silly packumentCache full:https://registry.npmjs.org/@types%2fmute-stream set size:undefined disposed:false
2468 silly placeDep ROOT @inquirer/figures@1.0.15 OK for: @inquirer/core@9.2.1 want: ^1.0.6
2469 silly placeDep node_modules/@inquirer/core @inquirer/type@2.0.0 OK for: @inquirer/core@9.2.1 want: ^2.0.0
2470 silly placeDep ROOT @types/mute-stream@0.0.4 OK for: @inquirer/core@9.2.1 want: ^0.0.4
2471 silly placeDep ROOT @types/wrap-ansi@3.0.0 OK for: @inquirer/core@9.2.1 want: ^3.0.0
2472 silly placeDep ROOT ansi-escapes@4.3.2 OK for: @inquirer/core@9.2.1 want: ^4.3.2
2473 silly placeDep ROOT cli-width@4.1.0 OK for: @inquirer/core@9.2.1 want: ^4.1.0
2474 silly placeDep ROOT mute-stream@1.0.0 OK for: @inquirer/core@9.2.1 want: ^1.0.0
2475 silly placeDep ROOT signal-exit@4.1.0 OK for: @inquirer/core@9.2.1 want: ^4.1.0
2476 silly placeDep ROOT strip-ansi@6.0.1 OK for: @inquirer/core@9.2.1 want: ^6.0.1
2477 silly placeDep ROOT wrap-ansi@6.2.0 OK for: @inquirer/core@9.2.1 want: ^6.2.0
2478 silly placeDep ROOT yoctocolors-cjs@2.1.3 OK for: @inquirer/core@9.2.1 want: ^2.1.2
2479 silly fetch manifest type-fest@^0.21.3
2480 silly packumentCache full:https://registry.npmjs.org/type-fest cache-miss
2481 silly fetch manifest ansi-regex@^5.0.1
2482 silly packumentCache full:https://registry.npmjs.org/ansi-regex cache-miss
2483 silly fetch manifest ansi-styles@^4.0.0
2484 silly packumentCache full:https://registry.npmjs.org/ansi-styles cache-miss
2485 http fetch GET 200 https://registry.npmjs.org/ansi-regex 86ms (cache miss)
2486 silly packumentCache full:https://registry.npmjs.org/ansi-regex set size:undefined disposed:false
2487 silly fetch manifest string-width@^4.1.0
2488 silly packumentCache full:https://registry.npmjs.org/string-width cache-miss
2489 http fetch GET 200 https://registry.npmjs.org/ansi-styles 107ms (cache miss)
2490 silly packumentCache full:https://registry.npmjs.org/ansi-styles set size:undefined disposed:false
2491 http fetch GET 200 https://registry.npmjs.org/type-fest 173ms (cache miss)
2492 silly packumentCache full:https://registry.npmjs.org/type-fest set size:undefined disposed:false
2493 http fetch GET 200 https://registry.npmjs.org/string-width 119ms (cache revalidated)
2494 silly packumentCache full:https://registry.npmjs.org/string-width set size:68305 disposed:false
2495 silly placeDep ROOT @inquirer/checkbox@2.5.0 OK for: @inquirer/prompts@5.3.8 want: ^2.4.7
2496 silly placeDep ROOT @inquirer/editor@2.2.0 OK for: @inquirer/prompts@5.3.8 want: ^2.1.22
2497 silly placeDep ROOT @inquirer/expand@2.3.0 OK for: @inquirer/prompts@5.3.8 want: ^2.1.22
2498 silly placeDep ROOT @inquirer/input@2.3.0 OK for: @inquirer/prompts@5.3.8 want: ^2.2.9
2499 silly placeDep ROOT @inquirer/number@1.1.0 OK for: @inquirer/prompts@5.3.8 want: ^1.0.10
2500 silly placeDep ROOT @inquirer/password@2.2.0 OK for: @inquirer/prompts@5.3.8 want: ^2.1.22
2501 silly placeDep ROOT @inquirer/rawlist@2.3.0 OK for: @inquirer/prompts@5.3.8 want: ^2.2.4
2502 silly placeDep ROOT @inquirer/search@1.1.0 OK for: @inquirer/prompts@5.3.8 want: ^1.0.7
2503 silly placeDep ROOT @inquirer/select@2.5.0 OK for: @inquirer/prompts@5.3.8 want: ^2.4.7
2504 silly fetch manifest external-editor@^3.1.0
2505 silly packumentCache full:https://registry.npmjs.org/external-editor cache-miss
2506 http fetch GET 200 https://registry.npmjs.org/external-editor 116ms (cache miss)
2507 silly packumentCache full:https://registry.npmjs.org/external-editor set size:undefined disposed:false
2508 silly placeDep ROOT external-editor@3.1.0 OK for: @inquirer/editor@2.2.0 want: ^3.1.0
2509 silly fetch manifest chardet@^0.7.0
2510 silly packumentCache full:https://registry.npmjs.org/chardet cache-miss
2511 silly fetch manifest iconv-lite@^0.4.24
2512 silly packumentCache full:https://registry.npmjs.org/iconv-lite cache-miss
2513 silly fetch manifest tmp@^0.0.33
2514 silly packumentCache full:https://registry.npmjs.org/tmp cache-miss
2515 http fetch GET 200 https://registry.npmjs.org/chardet 102ms (cache miss)
2516 silly packumentCache full:https://registry.npmjs.org/chardet set size:undefined disposed:false
2517 http fetch GET 200 https://registry.npmjs.org/tmp 119ms (cache miss)
2518 silly packumentCache full:https://registry.npmjs.org/tmp set size:undefined disposed:false
2519 http fetch GET 200 https://registry.npmjs.org/iconv-lite 165ms (cache revalidated)
2520 silly packumentCache full:https://registry.npmjs.org/iconv-lite set size:120557 disposed:false
2521 silly placeDep ROOT @jridgewell/resolve-uri@3.1.2 OK for: @jridgewell/trace-mapping@0.3.31 want: ^3.1.0
2522 silly placeDep ROOT undici-types@6.21.0 OK for: @types/node@22.19.17 want: ~6.21.0
2523 silly placeDep ROOT fast-deep-equal@3.1.3 OK for: ajv@8.17.1 want: ^3.1.3
2524 silly placeDep ROOT fast-uri@3.1.0 OK for: ajv@8.17.1 want: ^3.0.1
2525 silly placeDep ROOT json-schema-traverse@1.0.0 OK for: ajv@8.17.1 want: ^1.0.0
2526 silly placeDep ROOT require-from-string@2.0.2 OK for: ajv@8.17.1 want: ^2.0.2
2527 silly placeDep ROOT type-fest@0.21.3 OK for: ansi-escapes@4.3.2 want: ^0.21.3
2528 silly placeDep ROOT caniuse-lite@1.0.30001790 OK for: autoprefixer@10.4.20 want: ^1.0.30001646
2529 silly placeDep ROOT fraction.js@4.3.7 OK for: autoprefixer@10.4.20 want: ^4.3.7
2530 silly placeDep ROOT normalize-range@0.1.2 OK for: autoprefixer@10.4.20 want: ^0.1.2
2531 silly placeDep ROOT postcss-value-parser@4.2.0 OK for: autoprefixer@10.4.20 want: ^4.2.0
2532 silly placeDep ROOT find-cache-dir@4.0.0 OK for: babel-loader@9.1.3 want: ^4.0.0
2533 silly placeDep ROOT schema-utils@4.3.3 OK for: babel-loader@9.1.3 want: ^4.0.0
2534 silly fetch manifest pkg-dir@^7.0.0
2535 silly packumentCache full:https://registry.npmjs.org/pkg-dir cache-miss
2536 silly fetch manifest common-path-prefix@^3.0.0
2537 silly packumentCache full:https://registry.npmjs.org/common-path-prefix cache-miss
2538 silly fetch manifest ajv-formats@^2.1.1
2539 silly packumentCache full:https://registry.npmjs.org/ajv-formats cache-miss
2540 http fetch GET 200 https://registry.npmjs.org/pkg-dir 88ms (cache miss)
2541 silly packumentCache full:https://registry.npmjs.org/pkg-dir set size:undefined disposed:false
2542 silly fetch manifest ajv-keywords@^5.1.0
2543 silly packumentCache full:https://registry.npmjs.org/ajv-keywords cache-miss
2544 http fetch GET 200 https://registry.npmjs.org/ajv-formats 136ms (cache revalidated)
2545 silly packumentCache full:https://registry.npmjs.org/ajv-formats set size:141264 disposed:false
2546 silly fetch manifest @types/json-schema@^7.0.9
2547 silly packumentCache full:https://registry.npmjs.org/@types%2fjson-schema cache-miss
2548 http fetch GET 200 https://registry.npmjs.org/ajv-keywords 97ms (cache miss)
2549 silly packumentCache full:https://registry.npmjs.org/ajv-keywords set size:undefined disposed:false
2550 http fetch GET 200 https://registry.npmjs.org/@types%2fjson-schema 78ms (cache miss)
2551 silly packumentCache full:https://registry.npmjs.org/@types%2fjson-schema set size:undefined disposed:false
2552 http fetch GET 200 https://registry.npmjs.org/common-path-prefix 801ms (cache miss)
2553 silly packumentCache full:https://registry.npmjs.org/common-path-prefix set size:undefined disposed:false
2554 silly fetch manifest @babel/core@^7.4.0 || ^8.0.0-0 <8.0.0
2555 silly packumentCache full:https://registry.npmjs.org/@babel%2fcore cache-hit
2556 silly placeDep ROOT @babel/helper-define-polyfill-provider@0.6.8 OK for: babel-plugin-polyfill-corejs2@0.4.17 want: ^0.6.8
2557 silly placeDep node_modules/babel-plugin-polyfill-corejs2 semver@6.3.1 OK for: babel-plugin-polyfill-corejs2@0.4.17 want: ^6.3.1
2558 silly fetch manifest resolve@^1.22.11
2559 silly packumentCache full:https://registry.npmjs.org/resolve cache-miss
2560 silly fetch manifest lodash.debounce@^4.0.8
2561 silly packumentCache full:https://registry.npmjs.org/lodash.debounce cache-miss
2562 http fetch GET 200 https://registry.npmjs.org/lodash.debounce 68ms (cache miss)
2563 silly packumentCache full:https://registry.npmjs.org/lodash.debounce set size:undefined disposed:false
2564 http fetch GET 200 https://registry.npmjs.org/resolve 84ms (cache revalidated)
2565 silly packumentCache full:https://registry.npmjs.org/resolve set size:252941 disposed:false
2566 silly placeDep ROOT lodash.debounce@4.0.8 OK for: @babel/helper-define-polyfill-provider@0.6.8 want: ^4.0.8
2567 silly placeDep node_modules/@babel/helper-define-polyfill-provider resolve@1.22.12 OK for: @babel/helper-define-polyfill-provider@0.6.8 want: ^1.22.11
2568 silly fetch manifest es-errors@^1.3.0
2569 silly packumentCache full:https://registry.npmjs.org/es-errors cache-miss
2570 silly fetch manifest is-core-module@^2.16.1
2571 silly packumentCache full:https://registry.npmjs.org/is-core-module cache-miss
2572 http fetch GET 200 https://registry.npmjs.org/es-errors 80ms (cache miss)
2573 silly packumentCache full:https://registry.npmjs.org/es-errors set size:undefined disposed:false
2574 http fetch GET 200 https://registry.npmjs.org/is-core-module 95ms (cache revalidated)
2575 silly packumentCache full:https://registry.npmjs.org/is-core-module set size:71788 disposed:false
2576 silly fetch manifest browserslist@>= 4.21.0
2577 silly packumentCache full:https://registry.npmjs.org/browserslist cache-hit
2578 silly placeDep ROOT baseline-browser-mapping@2.10.21 OK for: browserslist@4.28.2 want: ^2.10.12
2579 silly placeDep ROOT electron-to-chromium@1.5.344 OK for: browserslist@4.28.2 want: ^1.5.328
2580 silly placeDep ROOT node-releases@2.0.38 OK for: browserslist@4.28.2 want: ^2.0.36
2581 silly placeDep ROOT update-browserslist-db@1.2.3 OK for: browserslist@4.28.2 want: ^1.2.3
2582 silly fetch manifest escalade@^3.2.0
2583 silly packumentCache full:https://registry.npmjs.org/escalade cache-miss
2584 http fetch GET 200 https://registry.npmjs.org/escalade 57ms (cache revalidated)
2585 silly packumentCache full:https://registry.npmjs.org/escalade set size:33724 disposed:false
2586 silly placeDep ROOT readdirp@4.1.2 OK for: chokidar@4.0.3 want: ^4.0.1
2587 silly placeDep ROOT glob-parent@6.0.2 OK for: copy-webpack-plugin@12.0.2 want: ^6.0.1
2588 silly placeDep ROOT globby@14.1.0 OK for: copy-webpack-plugin@12.0.2 want: ^14.0.0
2589 silly placeDep ROOT normalize-path@3.0.0 OK for: copy-webpack-plugin@12.0.2 want: ^3.0.0
2590 silly placeDep ROOT serialize-javascript@6.0.2 OK for: copy-webpack-plugin@12.0.2 want: ^6.0.2
2591 silly fetch manifest slash@^5.1.0
2592 silly packumentCache full:https://registry.npmjs.org/slash cache-miss
2593 silly fetch manifest ignore@^7.0.3
2594 silly packumentCache full:https://registry.npmjs.org/ignore cache-miss
2595 silly fetch manifest fast-glob@^3.3.3
2596 silly packumentCache full:https://registry.npmjs.org/fast-glob cache-hit
2597 silly fetch manifest path-type@^6.0.0
2598 silly packumentCache full:https://registry.npmjs.org/path-type cache-miss
2599 http fetch GET 200 https://registry.npmjs.org/slash 77ms (cache miss)
2600 silly packumentCache full:https://registry.npmjs.org/slash set size:undefined disposed:false
2601 silly fetch manifest unicorn-magic@^0.3.0
2602 silly packumentCache full:https://registry.npmjs.org/unicorn-magic cache-miss
2603 http fetch GET 200 https://registry.npmjs.org/path-type 77ms (cache miss)
2604 silly packumentCache full:https://registry.npmjs.org/path-type set size:undefined disposed:false
2605 silly fetch manifest @sindresorhus/merge-streams@^2.1.0
2606 silly packumentCache full:https://registry.npmjs.org/@sindresorhus%2fmerge-streams cache-miss
2607 http fetch GET 200 https://registry.npmjs.org/ignore 98ms (cache miss)
2608 silly packumentCache full:https://registry.npmjs.org/ignore set size:undefined disposed:false
2609 silly fetch manifest randombytes@^2.1.0
2610 silly packumentCache full:https://registry.npmjs.org/randombytes cache-miss
2611 http fetch GET 200 https://registry.npmjs.org/unicorn-magic 72ms (cache miss)
2612 silly packumentCache full:https://registry.npmjs.org/unicorn-magic set size:undefined disposed:false
2613 http fetch GET 200 https://registry.npmjs.org/@sindresorhus%2fmerge-streams 75ms (cache miss)
2614 silly packumentCache full:https://registry.npmjs.org/@sindresorhus%2fmerge-streams set size:undefined disposed:false
2615 http fetch GET 200 https://registry.npmjs.org/randombytes 63ms (cache miss)
2616 silly packumentCache full:https://registry.npmjs.org/randombytes set size:undefined disposed:false
2617 silly placeDep ROOT chalk@4.1.2 OK for: critters@0.0.24 want: ^4.1.0
2618 silly placeDep ROOT css-select@5.2.2 OK for: critters@0.0.24 want: ^5.1.0
2619 silly placeDep ROOT dom-serializer@2.0.0 OK for: critters@0.0.24 want: ^2.0.0
2620 silly placeDep ROOT domhandler@5.0.3 OK for: critters@0.0.24 want: ^5.0.2
2621 silly placeDep ROOT htmlparser2@8.0.2 OK for: critters@0.0.24 want: ^8.0.2
2622 silly placeDep ROOT postcss-media-query-parser@0.2.3 OK for: critters@0.0.24 want: ^0.2.3
2623 silly fetch manifest ansi-styles@^4.1.0
2624 silly packumentCache full:https://registry.npmjs.org/ansi-styles cache-miss
2625 silly fetch manifest supports-color@^7.1.0
2626 silly packumentCache full:https://registry.npmjs.org/supports-color cache-miss
2627 silly fetch manifest boolbase@^1.0.0
2628 silly packumentCache full:https://registry.npmjs.org/boolbase cache-miss
2629 http fetch GET 200 https://registry.npmjs.org/boolbase 63ms (cache miss)
2630 silly packumentCache full:https://registry.npmjs.org/boolbase set size:undefined disposed:false
2631 silly fetch manifest css-what@^6.1.0
2632 silly packumentCache full:https://registry.npmjs.org/css-what cache-miss
2633 http fetch GET 200 https://registry.npmjs.org/supports-color 78ms (cache miss)
2634 silly packumentCache full:https://registry.npmjs.org/supports-color set size:undefined disposed:false
2635 silly fetch manifest domutils@^3.0.1
2636 silly packumentCache full:https://registry.npmjs.org/domutils cache-miss
2637 http fetch GET 200 https://registry.npmjs.org/ansi-styles 95ms (cache revalidated)
2638 silly packumentCache full:https://registry.npmjs.org/ansi-styles set size:63233 disposed:false
2639 silly fetch manifest nth-check@^2.0.1
2640 silly packumentCache full:https://registry.npmjs.org/nth-check cache-miss
2641 http fetch GET 200 https://registry.npmjs.org/css-what 76ms (cache miss)
2642 silly packumentCache full:https://registry.npmjs.org/css-what set size:undefined disposed:false
2643 silly fetch manifest entities@^4.2.0
2644 silly packumentCache full:https://registry.npmjs.org/entities cache-miss
2645 http fetch GET 200 https://registry.npmjs.org/domutils 92ms (cache miss)
2646 silly packumentCache full:https://registry.npmjs.org/domutils set size:undefined disposed:false
2647 silly fetch manifest domelementtype@^2.3.0
2648 silly packumentCache full:https://registry.npmjs.org/domelementtype cache-miss
2649 http fetch GET 200 https://registry.npmjs.org/nth-check 101ms (cache miss)
2650 silly packumentCache full:https://registry.npmjs.org/nth-check set size:undefined disposed:false
2651 silly fetch manifest domelementtype@^2.3.0
2652 silly packumentCache full:https://registry.npmjs.org/domelementtype cache-miss
2653 http fetch GET 200 https://registry.npmjs.org/entities 88ms (cache revalidated)
2654 silly packumentCache full:https://registry.npmjs.org/entities set size:101550 disposed:false
2655 silly fetch manifest entities@^4.4.0
2656 silly packumentCache full:https://registry.npmjs.org/entities cache-hit
2657 silly fetch manifest domelementtype@^2.3.0
2658 silly packumentCache full:https://registry.npmjs.org/domelementtype cache-miss
2659 http fetch GET 200 https://registry.npmjs.org/domelementtype 72ms (cache miss)
2660 silly packumentCache full:https://registry.npmjs.org/domelementtype set size:undefined disposed:false
2661 http fetch GET 200 https://registry.npmjs.org/domelementtype 65ms (cache miss)
2662 silly packumentCache full:https://registry.npmjs.org/domelementtype set size:undefined disposed:false
2663 http fetch GET 200 https://registry.npmjs.org/domelementtype 50ms (cache miss)
2664 silly packumentCache full:https://registry.npmjs.org/domelementtype set size:undefined disposed:false
2665 silly placeDep ROOT ansi-styles@4.3.0 OK for: chalk@4.1.2 want: ^4.1.0
2666 silly placeDep ROOT supports-color@7.2.0 OK for: chalk@4.1.2 want: ^7.1.0
2667 silly fetch manifest color-convert@^2.0.1
2668 silly packumentCache full:https://registry.npmjs.org/color-convert cache-miss
2669 silly fetch manifest has-flag@^4.0.0
2670 silly packumentCache full:https://registry.npmjs.org/has-flag cache-miss
2671 http fetch GET 200 https://registry.npmjs.org/color-convert 71ms (cache miss)
2672 silly packumentCache full:https://registry.npmjs.org/color-convert set size:undefined disposed:false
2673 http fetch GET 200 https://registry.npmjs.org/has-flag 76ms (cache miss)
2674 silly packumentCache full:https://registry.npmjs.org/has-flag set size:undefined disposed:false
2675 silly placeDep ROOT color-convert@2.0.1 OK for: ansi-styles@4.3.0 want: ^2.0.1
2676 silly fetch manifest color-name@~1.1.4
2677 silly packumentCache full:https://registry.npmjs.org/color-name cache-miss
2678 http fetch GET 200 https://registry.npmjs.org/color-name 68ms (cache miss)
2679 silly packumentCache full:https://registry.npmjs.org/color-name set size:undefined disposed:false
2680 silly placeDep ROOT color-name@1.1.4 OK for: color-convert@2.0.1 want: ~1.1.4
2681 silly fetch manifest postcss@^8.4.33
2682 silly packumentCache full:https://registry.npmjs.org/postcss cache-hit
2683 silly placeDep ROOT icss-utils@5.1.0 OK for: css-loader@7.1.2 want: ^5.1.0
2684 silly placeDep ROOT postcss-modules-extract-imports@3.1.0 OK for: css-loader@7.1.2 want: ^3.1.0
2685 silly placeDep ROOT postcss-modules-local-by-default@4.2.0 OK for: css-loader@7.1.2 want: ^4.0.5
2686 silly placeDep ROOT postcss-modules-scope@3.2.1 OK for: css-loader@7.1.2 want: ^3.2.0
2687 silly placeDep ROOT postcss-modules-values@4.0.0 OK for: css-loader@7.1.2 want: ^4.0.0
2688 silly fetch manifest postcss-selector-parser@^7.0.0
2689 silly packumentCache full:https://registry.npmjs.org/postcss-selector-parser cache-miss
2690 silly fetch manifest postcss-selector-parser@^7.0.0
2691 silly packumentCache full:https://registry.npmjs.org/postcss-selector-parser cache-miss
2692 http fetch GET 200 https://registry.npmjs.org/postcss-selector-parser 66ms (cache miss)
2693 silly packumentCache full:https://registry.npmjs.org/postcss-selector-parser set size:undefined disposed:false
2694 http fetch GET 200 https://registry.npmjs.org/postcss-selector-parser 77ms (cache miss)
2695 silly packumentCache full:https://registry.npmjs.org/postcss-selector-parser set size:undefined disposed:false
2696 silly placeDep ROOT boolbase@1.0.0 OK for: css-select@5.2.2 want: ^1.0.0
2697 silly placeDep ROOT css-what@6.2.2 OK for: css-select@5.2.2 want: ^6.1.0
2698 silly placeDep ROOT domutils@3.2.2 OK for: css-select@5.2.2 want: ^3.0.1
2699 silly placeDep ROOT nth-check@2.1.1 OK for: css-select@5.2.2 want: ^2.0.1
2700 silly placeDep ROOT ms@2.1.3 OK for: debug@4.4.3 want: ^2.1.3
2701 silly placeDep ROOT domelementtype@2.3.0 OK for: dom-serializer@2.0.0 want: ^2.3.0
2702 silly placeDep ROOT entities@4.5.0 OK for: dom-serializer@2.0.0 want: ^4.2.0
2703 silly placeDep ROOT @esbuild/aix-ppc64@0.23.0 OK for: esbuild@0.23.0 want: 0.23.0
2704 silly placeDep ROOT @esbuild/android-arm@0.23.0 OK for: esbuild@0.23.0 want: 0.23.0
2705 silly placeDep ROOT @esbuild/android-arm64@0.23.0 OK for: esbuild@0.23.0 want: 0.23.0
2706 silly placeDep ROOT @esbuild/android-x64@0.23.0 OK for: esbuild@0.23.0 want: 0.23.0
2707 silly placeDep ROOT @esbuild/darwin-arm64@0.23.0 OK for: esbuild@0.23.0 want: 0.23.0
2708 silly placeDep ROOT @esbuild/darwin-x64@0.23.0 OK for: esbuild@0.23.0 want: 0.23.0
2709 silly placeDep ROOT @esbuild/freebsd-arm64@0.23.0 OK for: esbuild@0.23.0 want: 0.23.0
2710 silly placeDep ROOT @esbuild/freebsd-x64@0.23.0 OK for: esbuild@0.23.0 want: 0.23.0
2711 silly placeDep ROOT @esbuild/linux-arm@0.23.0 OK for: esbuild@0.23.0 want: 0.23.0
2712 silly placeDep ROOT @esbuild/linux-arm64@0.23.0 OK for: esbuild@0.23.0 want: 0.23.0
2713 silly placeDep ROOT @esbuild/linux-ia32@0.23.0 OK for: esbuild@0.23.0 want: 0.23.0
2714 silly placeDep ROOT @esbuild/linux-loong64@0.23.0 OK for: esbuild@0.23.0 want: 0.23.0
2715 silly placeDep ROOT @esbuild/linux-mips64el@0.23.0 OK for: esbuild@0.23.0 want: 0.23.0
2716 silly placeDep ROOT @esbuild/linux-ppc64@0.23.0 OK for: esbuild@0.23.0 want: 0.23.0
2717 silly placeDep ROOT @esbuild/linux-riscv64@0.23.0 OK for: esbuild@0.23.0 want: 0.23.0
2718 silly placeDep ROOT @esbuild/linux-s390x@0.23.0 OK for: esbuild@0.23.0 want: 0.23.0
2719 silly placeDep ROOT @esbuild/linux-x64@0.23.0 OK for: esbuild@0.23.0 want: 0.23.0
2720 silly placeDep ROOT @esbuild/netbsd-x64@0.23.0 OK for: esbuild@0.23.0 want: 0.23.0
2721 silly placeDep ROOT @esbuild/openbsd-arm64@0.23.0 OK for: esbuild@0.23.0 want: 0.23.0
2722 silly placeDep ROOT @esbuild/openbsd-x64@0.23.0 OK for: esbuild@0.23.0 want: 0.23.0
2723 silly placeDep ROOT @esbuild/sunos-x64@0.23.0 OK for: esbuild@0.23.0 want: 0.23.0
2724 silly placeDep ROOT @esbuild/win32-arm64@0.23.0 OK for: esbuild@0.23.0 want: 0.23.0
2725 silly placeDep ROOT @esbuild/win32-ia32@0.23.0 OK for: esbuild@0.23.0 want: 0.23.0
2726 silly placeDep ROOT @esbuild/win32-x64@0.23.0 OK for: esbuild@0.23.0 want: 0.23.0
2727 silly placeDep ROOT chardet@0.7.0 OK for: external-editor@3.1.0 want: ^0.7.0
2728 silly placeDep ROOT iconv-lite@0.4.24 OK for: external-editor@3.1.0 want: ^0.4.24
2729 silly placeDep ROOT tmp@0.0.33 OK for: external-editor@3.1.0 want: ^0.0.33
2730 silly fetch manifest safer-buffer@>= 2.1.2 < 3
2731 silly packumentCache full:https://registry.npmjs.org/safer-buffer cache-miss
2732 silly fetch manifest os-tmpdir@~1.0.2
2733 silly packumentCache full:https://registry.npmjs.org/os-tmpdir cache-miss
2734 http fetch GET 200 https://registry.npmjs.org/safer-buffer 54ms (cache miss)
2735 silly packumentCache full:https://registry.npmjs.org/safer-buffer set size:undefined disposed:false
2736 http fetch GET 200 https://registry.npmjs.org/os-tmpdir 57ms (cache miss)
2737 silly packumentCache full:https://registry.npmjs.org/os-tmpdir set size:undefined disposed:false
2738 silly placeDep ROOT @nodelib/fs.stat@2.0.5 OK for: fast-glob@3.3.2 want: ^2.0.2
2739 silly placeDep ROOT @nodelib/fs.walk@1.2.8 OK for: fast-glob@3.3.2 want: ^1.2.3
2740 silly placeDep node_modules/fast-glob glob-parent@5.1.2 OK for: fast-glob@3.3.2 want: ^5.1.2
2741 silly placeDep ROOT merge2@1.4.1 OK for: fast-glob@3.3.2 want: ^1.3.0
2742 silly placeDep ROOT micromatch@4.0.8 OK for: fast-glob@3.3.2 want: ^4.0.4
2743 silly fetch manifest fastq@^1.6.0
2744 silly packumentCache full:https://registry.npmjs.org/fastq cache-miss
2745 silly fetch manifest @nodelib/fs.scandir@2.1.5
2746 silly packumentCache full:https://registry.npmjs.org/@nodelib%2ffs.scandir cache-miss
2747 silly fetch manifest is-glob@^4.0.1
2748 silly packumentCache full:https://registry.npmjs.org/is-glob cache-miss
2749 http fetch GET 200 https://registry.npmjs.org/is-glob 76ms (cache revalidated)
2750 silly packumentCache full:https://registry.npmjs.org/is-glob set size:40530 disposed:false
2751 silly fetch manifest braces@^3.0.3
2752 silly packumentCache full:https://registry.npmjs.org/braces cache-miss
2753 http fetch GET 200 https://registry.npmjs.org/fastq 104ms (cache miss)
2754 silly packumentCache full:https://registry.npmjs.org/fastq set size:undefined disposed:false
2755 silly fetch manifest picomatch@^2.3.1
2756 silly packumentCache full:https://registry.npmjs.org/picomatch cache-miss
2757 http fetch GET 200 https://registry.npmjs.org/@nodelib%2ffs.scandir 121ms (cache miss)
2758 silly packumentCache full:https://registry.npmjs.org/@nodelib%2ffs.scandir set size:undefined disposed:false
2759 http fetch GET 200 https://registry.npmjs.org/braces 105ms (cache miss)
2760 silly packumentCache full:https://registry.npmjs.org/braces set size:undefined disposed:false
2761 http fetch GET 200 https://registry.npmjs.org/picomatch 106ms (cache revalidated)
2762 silly packumentCache full:https://registry.npmjs.org/picomatch set size:126376 disposed:false
2763 silly placeDep ROOT @nodelib/fs.scandir@2.1.5 OK for: @nodelib/fs.walk@1.2.8 want: 2.1.5
2764 silly placeDep ROOT fastq@1.20.1 OK for: @nodelib/fs.walk@1.2.8 want: ^1.6.0
2765 silly fetch manifest run-parallel@^1.1.9
2766 silly packumentCache full:https://registry.npmjs.org/run-parallel cache-miss
2767 silly fetch manifest reusify@^1.0.4
2768 silly packumentCache full:https://registry.npmjs.org/reusify cache-miss
2769 http fetch GET 200 https://registry.npmjs.org/run-parallel 67ms (cache miss)
2770 silly packumentCache full:https://registry.npmjs.org/run-parallel set size:undefined disposed:false
2771 http fetch GET 200 https://registry.npmjs.org/reusify 301ms (cache miss)
2772 silly packumentCache full:https://registry.npmjs.org/reusify set size:undefined disposed:false
2773 silly placeDep ROOT run-parallel@1.2.0 OK for: @nodelib/fs.scandir@2.1.5 want: ^1.1.9
2774 silly fetch manifest queue-microtask@^1.2.2
2775 silly packumentCache full:https://registry.npmjs.org/queue-microtask cache-miss
2776 http fetch GET 200 https://registry.npmjs.org/queue-microtask 777ms (cache miss)
2777 silly packumentCache full:https://registry.npmjs.org/queue-microtask set size:undefined disposed:false
2778 silly placeDep ROOT reusify@1.1.0 OK for: fastq@1.20.1 want: ^1.0.4
2779 silly placeDep ROOT common-path-prefix@3.0.0 OK for: find-cache-dir@4.0.0 want: ^3.0.0
2780 silly placeDep ROOT pkg-dir@7.0.0 OK for: find-cache-dir@4.0.0 want: ^7.0.0
2781 silly fetch manifest find-up@^6.3.0
2782 silly packumentCache full:https://registry.npmjs.org/find-up cache-miss
2783 http fetch GET 200 https://registry.npmjs.org/find-up 68ms (cache miss)
2784 silly packumentCache full:https://registry.npmjs.org/find-up set size:undefined disposed:false
2785 silly placeDep ROOT is-glob@4.0.3 OK for: glob-parent@6.0.2 want: ^4.0.3
2786 silly fetch manifest is-extglob@^2.1.1
2787 silly packumentCache full:https://registry.npmjs.org/is-extglob cache-miss
2788 http fetch GET 200 https://registry.npmjs.org/is-extglob 55ms (cache miss)
2789 silly packumentCache full:https://registry.npmjs.org/is-extglob set size:undefined disposed:false
2790 silly placeDep ROOT @sindresorhus/merge-streams@2.3.0 OK for: globby@14.1.0 want: ^2.1.0
2791 silly placeDep node_modules/globby fast-glob@3.3.3 OK for: globby@14.1.0 want: ^3.3.3
2792 silly placeDep ROOT ignore@7.0.5 OK for: globby@14.1.0 want: ^7.0.3
2793 silly placeDep ROOT path-type@6.0.0 OK for: globby@14.1.0 want: ^6.0.0
2794 silly placeDep ROOT slash@5.1.0 OK for: globby@14.1.0 want: ^5.1.0
2795 silly placeDep ROOT unicorn-magic@0.3.0 OK for: globby@14.1.0 want: ^0.3.0
2796 silly placeDep ROOT @types/http-proxy@1.17.17 OK for: http-proxy-middleware@3.0.5 want: ^1.17.15
2797 silly placeDep ROOT http-proxy@1.18.1 OK for: http-proxy-middleware@3.0.5 want: ^1.18.1
2798 silly placeDep ROOT is-plain-object@5.0.0 OK for: http-proxy-middleware@3.0.5 want: ^5.0.0
2799 silly fetch manifest eventemitter3@^4.0.0
2800 silly packumentCache full:https://registry.npmjs.org/eventemitter3 cache-miss
2801 silly fetch manifest requires-port@^1.0.0
2802 silly packumentCache full:https://registry.npmjs.org/requires-port cache-miss
2803 silly fetch manifest follow-redirects@^1.0.0
2804 silly packumentCache full:https://registry.npmjs.org/follow-redirects cache-miss
2805 http fetch GET 200 https://registry.npmjs.org/requires-port 75ms (cache miss)
2806 silly packumentCache full:https://registry.npmjs.org/requires-port set size:undefined disposed:false
2807 http fetch GET 200 https://registry.npmjs.org/eventemitter3 93ms (cache revalidated)
2808 silly packumentCache full:https://registry.npmjs.org/eventemitter3 set size:92292 disposed:false
2809 http fetch GET 200 https://registry.npmjs.org/follow-redirects 110ms (cache miss)
2810 silly packumentCache full:https://registry.npmjs.org/follow-redirects set size:undefined disposed:false
2811 silly placeDep ROOT eventemitter3@4.0.7 OK for: http-proxy@1.18.1 want: ^4.0.0
2812 silly placeDep ROOT follow-redirects@1.16.0 OK for: http-proxy@1.18.1 want: ^1.0.0
2813 silly placeDep ROOT requires-port@1.0.0 OK for: http-proxy@1.18.1 want: ^1.0.0
2814 silly placeDep ROOT agent-base@7.1.4 OK for: https-proxy-agent@7.0.5 want: ^7.0.2
2815 silly placeDep ROOT safer-buffer@2.1.2 OK for: iconv-lite@0.4.24 want: >= 2.1.2 < 3
2816 silly placeDep ROOT is-extglob@2.1.1 OK for: is-glob@4.0.3 want: ^2.1.1
2817 silly placeDep ROOT @istanbuljs/schema@0.1.6 OK for: istanbul-lib-instrument@6.0.3 want: ^0.1.3
2818 silly placeDep ROOT istanbul-lib-coverage@3.2.2 OK for: istanbul-lib-instrument@6.0.3 want: ^3.2.0
2819 silly placeDep ROOT copy-anything@2.0.6 OK for: less@4.2.0 want: ^2.0.1
2820 silly placeDep ROOT errno@0.1.8 OK for: less@4.2.0 want: ^0.1.1
2821 silly placeDep ROOT graceful-fs@4.2.11 OK for: less@4.2.0 want: ^4.1.2
2822 silly placeDep ROOT image-size@0.5.5 OK for: less@4.2.0 want: ~0.5.0
2823 silly placeDep ROOT make-dir@2.1.0 OK for: less@4.2.0 want: ^2.1.0
2824 silly placeDep ROOT mime@1.6.0 OK for: less@4.2.0 want: ^1.4.1
2825 silly placeDep ROOT needle@3.5.0 OK for: less@4.2.0 want: ^3.1.0
2826 silly placeDep ROOT parse-node-version@1.0.1 OK for: less@4.2.0 want: ^1.0.1
2827 silly placeDep node_modules/less source-map@0.6.1 OK for: less@4.2.0 want: ~0.6.0
2828 silly fetch manifest is-what@^3.14.1
2829 silly packumentCache full:https://registry.npmjs.org/is-what cache-miss
2830 silly fetch manifest prr@~1.0.1
2831 silly packumentCache full:https://registry.npmjs.org/prr cache-miss
2832 silly fetch manifest pify@^4.0.1
2833 silly packumentCache full:https://registry.npmjs.org/pify cache-miss
2834 http fetch GET 200 https://registry.npmjs.org/prr 67ms (cache miss)
2835 silly packumentCache full:https://registry.npmjs.org/prr set size:undefined disposed:false
2836 silly fetch manifest semver@^5.6.0
2837 silly packumentCache full:https://registry.npmjs.org/semver cache-hit
2838 silly fetch manifest sax@^1.2.4
2839 silly packumentCache full:https://registry.npmjs.org/sax cache-miss
2840 http fetch GET 200 https://registry.npmjs.org/pify 79ms (cache miss)
2841 silly packumentCache full:https://registry.npmjs.org/pify set size:undefined disposed:false
2842 http fetch GET 200 https://registry.npmjs.org/is-what 106ms (cache miss)
2843 silly packumentCache full:https://registry.npmjs.org/is-what set size:undefined disposed:false
2844 http fetch GET 200 https://registry.npmjs.org/sax 70ms (cache miss)
2845 silly packumentCache full:https://registry.npmjs.org/sax set size:undefined disposed:false
2846 silly placeDep ROOT is-what@3.14.1 OK for: copy-anything@2.0.6 want: ^3.14.1
2847 silly placeDep ROOT prr@1.0.1 OK for: errno@0.1.8 want: ~1.0.1
2848 silly placeDep ROOT webpack-sources@3.3.4 OK for: license-webpack-plugin@4.0.2 want: ^3.0.0
2849 silly placeDep ROOT cli-truncate@4.0.0 OK for: listr2@8.2.4 want: ^4.0.0
2850 silly placeDep ROOT colorette@2.0.20 OK for: listr2@8.2.4 want: ^2.0.20
2851 silly placeDep node_modules/listr2 eventemitter3@5.0.4 OK for: listr2@8.2.4 want: ^5.0.1
2852 silly placeDep ROOT log-update@6.1.0 OK for: listr2@8.2.4 want: ^6.1.0
2853 silly placeDep ROOT rfdc@1.4.1 OK for: listr2@8.2.4 want: ^1.4.1
2854 silly placeDep node_modules/listr2 wrap-ansi@9.0.2 OK for: listr2@8.2.4 want: ^9.0.0
2855 silly fetch manifest slice-ansi@^5.0.0
2856 silly packumentCache full:https://registry.npmjs.org/slice-ansi cache-miss
2857 silly fetch manifest string-width@^7.0.0
2858 silly packumentCache full:https://registry.npmjs.org/string-width cache-hit
2859 silly fetch manifest cli-cursor@^5.0.0
2860 silly packumentCache full:https://registry.npmjs.org/cli-cursor cache-miss
2861 silly fetch manifest slice-ansi@^7.1.0
2862 silly packumentCache full:https://registry.npmjs.org/slice-ansi cache-miss
2863 http fetch GET 200 https://registry.npmjs.org/slice-ansi 66ms (cache miss)
2864 silly packumentCache full:https://registry.npmjs.org/slice-ansi set size:undefined disposed:false
2865 silly fetch manifest strip-ansi@^7.1.0
2866 silly packumentCache full:https://registry.npmjs.org/strip-ansi cache-hit
2867 silly fetch manifest ansi-escapes@^7.0.0
2868 silly packumentCache full:https://registry.npmjs.org/ansi-escapes cache-miss
2869 http fetch GET 200 https://registry.npmjs.org/slice-ansi 68ms (cache miss)
2870 silly packumentCache full:https://registry.npmjs.org/slice-ansi set size:undefined disposed:false
2871 silly fetch manifest ansi-styles@^6.2.1
2872 silly packumentCache full:https://registry.npmjs.org/ansi-styles cache-hit
2873 http fetch GET 200 https://registry.npmjs.org/cli-cursor 94ms (cache revalidated)
2874 silly packumentCache full:https://registry.npmjs.org/cli-cursor set size:18913 disposed:false
2875 http fetch GET 200 https://registry.npmjs.org/ansi-escapes 82ms (cache revalidated)
2876 silly packumentCache full:https://registry.npmjs.org/ansi-escapes set size:70915 disposed:false
2877 silly placeDep ROOT slice-ansi@5.0.0 OK for: cli-truncate@4.0.0 want: ^5.0.0
2878 silly placeDep ROOT string-width@7.2.0 OK for: cli-truncate@4.0.0 want: ^7.0.0
2879 silly fetch manifest ansi-styles@^6.0.0
2880 silly packumentCache full:https://registry.npmjs.org/ansi-styles cache-hit
2881 silly fetch manifest is-fullwidth-code-point@^4.0.0
2882 silly packumentCache full:https://registry.npmjs.org/is-fullwidth-code-point cache-miss
2883 silly fetch manifest emoji-regex@^10.3.0
2884 silly packumentCache full:https://registry.npmjs.org/emoji-regex cache-miss
2885 silly fetch manifest get-east-asian-width@^1.0.0
2886 silly packumentCache full:https://registry.npmjs.org/get-east-asian-width cache-miss
2887 http fetch GET 200 https://registry.npmjs.org/is-fullwidth-code-point 61ms (cache miss)
2888 silly packumentCache full:https://registry.npmjs.org/is-fullwidth-code-point set size:undefined disposed:false
2889 http fetch GET 200 https://registry.npmjs.org/emoji-regex 63ms (cache miss)
2890 silly packumentCache full:https://registry.npmjs.org/emoji-regex set size:undefined disposed:false
2891 http fetch GET 200 https://registry.npmjs.org/get-east-asian-width 68ms (cache miss)
2892 silly packumentCache full:https://registry.npmjs.org/get-east-asian-width set size:undefined disposed:false
2893 silly placeDep ROOT @lmdb/lmdb-darwin-arm64@3.0.13 OK for: lmdb@3.0.13 want: 3.0.13
2894 silly placeDep ROOT @lmdb/lmdb-darwin-x64@3.0.13 OK for: lmdb@3.0.13 want: 3.0.13
2895 silly placeDep ROOT @lmdb/lmdb-linux-arm@3.0.13 OK for: lmdb@3.0.13 want: 3.0.13
2896 silly placeDep ROOT @lmdb/lmdb-linux-arm64@3.0.13 OK for: lmdb@3.0.13 want: 3.0.13
2897 silly placeDep ROOT @lmdb/lmdb-linux-x64@3.0.13 OK for: lmdb@3.0.13 want: 3.0.13
2898 silly placeDep ROOT @lmdb/lmdb-win32-x64@3.0.13 OK for: lmdb@3.0.13 want: 3.0.13
2899 silly placeDep ROOT msgpackr@1.11.10 OK for: lmdb@3.0.13 want: ^1.10.2
2900 silly placeDep ROOT node-addon-api@6.1.0 OK for: lmdb@3.0.13 want: ^6.1.0
2901 silly placeDep ROOT node-gyp-build-optional-packages@5.2.2 OK for: lmdb@3.0.13 want: 5.2.2
2902 silly placeDep ROOT ordered-binary@1.6.1 OK for: lmdb@3.0.13 want: ^1.4.1
2903 silly placeDep ROOT weak-lru-cache@1.2.2 OK for: lmdb@3.0.13 want: ^1.2.2
2904 silly fetch manifest msgpackr-extract@^3.0.2
2905 silly packumentCache full:https://registry.npmjs.org/msgpackr-extract cache-miss
2906 silly fetch manifest detect-libc@^2.0.1
2907 silly packumentCache full:https://registry.npmjs.org/detect-libc cache-miss
2908 http fetch GET 200 https://registry.npmjs.org/detect-libc 55ms (cache miss)
2909 silly packumentCache full:https://registry.npmjs.org/detect-libc set size:undefined disposed:false
2910 http fetch GET 200 https://registry.npmjs.org/msgpackr-extract 64ms (cache miss)
2911 silly packumentCache full:https://registry.npmjs.org/msgpackr-extract set size:undefined disposed:false
2912 silly placeDep node_modules/log-update ansi-escapes@7.3.0 OK for: log-update@6.1.0 want: ^7.0.0
2913 silly placeDep ROOT cli-cursor@5.0.0 OK for: log-update@6.1.0 want: ^5.0.0
2914 silly placeDep node_modules/log-update slice-ansi@7.1.2 OK for: log-update@6.1.0 want: ^7.1.0
2915 silly placeDep node_modules/log-update strip-ansi@7.2.0 OK for: log-update@6.1.0 want: ^7.1.0
2916 silly placeDep node_modules/log-update wrap-ansi@9.0.2 OK for: log-update@6.1.0 want: ^9.0.0
2917 silly fetch manifest environment@^1.0.0
2918 silly packumentCache full:https://registry.npmjs.org/environment cache-miss
2919 silly fetch manifest restore-cursor@^5.0.0
2920 silly packumentCache full:https://registry.npmjs.org/restore-cursor cache-miss
2921 silly fetch manifest is-fullwidth-code-point@^5.0.0
2922 silly packumentCache full:https://registry.npmjs.org/is-fullwidth-code-point cache-miss
2923 http fetch GET 200 https://registry.npmjs.org/restore-cursor 162ms (cache miss)
2924 silly packumentCache full:https://registry.npmjs.org/restore-cursor set size:undefined disposed:false
2925 silly fetch manifest ansi-regex@^6.2.2
2926 silly packumentCache full:https://registry.npmjs.org/ansi-regex cache-miss
2927 http fetch GET 200 https://registry.npmjs.org/is-fullwidth-code-point 166ms (cache revalidated)
2928 silly packumentCache full:https://registry.npmjs.org/is-fullwidth-code-point set size:14578 disposed:false
2929 http fetch GET 200 https://registry.npmjs.org/environment 175ms (cache miss)
2930 silly packumentCache full:https://registry.npmjs.org/environment set size:undefined disposed:false
2931 http fetch GET 200 https://registry.npmjs.org/ansi-regex 157ms (cache revalidated)
2932 silly packumentCache full:https://registry.npmjs.org/ansi-regex set size:43572 disposed:false
2933 silly placeDep ROOT restore-cursor@5.1.0 OK for: cli-cursor@5.0.0 want: ^5.0.0
2934 silly fetch manifest onetime@^7.0.0
2935 silly packumentCache full:https://registry.npmjs.org/onetime cache-miss
2936 http fetch GET 200 https://registry.npmjs.org/onetime 48ms (cache miss)
2937 silly packumentCache full:https://registry.npmjs.org/onetime set size:undefined disposed:false
2938 silly placeDep ROOT yallist@3.1.1 OK for: lru-cache@5.1.1 want: ^3.0.2
2939 silly placeDep ROOT pify@4.0.1 OK for: make-dir@2.1.0 want: ^4.0.1
2940 silly placeDep node_modules/make-dir semver@5.7.2 OK for: make-dir@2.1.0 want: ^5.6.0
2941 silly placeDep ROOT braces@3.0.3 OK for: micromatch@4.0.8 want: ^3.0.3
2942 silly placeDep node_modules/micromatch picomatch@2.3.2 OK for: micromatch@4.0.8 want: ^2.3.1
2943 silly fetch manifest fill-range@^7.1.1
2944 silly packumentCache full:https://registry.npmjs.org/fill-range cache-miss
2945 http fetch GET 200 https://registry.npmjs.org/fill-range 63ms (cache miss)
2946 silly packumentCache full:https://registry.npmjs.org/fill-range set size:undefined disposed:false
2947 silly placeDep ROOT fill-range@7.1.1 OK for: braces@3.0.3 want: ^7.1.1
2948 silly fetch manifest to-regex-range@^5.0.1
2949 silly packumentCache full:https://registry.npmjs.org/to-regex-range cache-miss
2950 http fetch GET 200 https://registry.npmjs.org/to-regex-range 71ms (cache miss)
2951 silly packumentCache full:https://registry.npmjs.org/to-regex-range set size:undefined disposed:false
2952 silly placeDep ROOT to-regex-range@5.0.1 OK for: fill-range@7.1.1 want: ^5.0.1
2953 silly fetch manifest is-number@^7.0.0
2954 silly packumentCache full:https://registry.npmjs.org/is-number cache-miss
2955 http fetch GET 200 https://registry.npmjs.org/is-number 56ms (cache miss)
2956 silly packumentCache full:https://registry.npmjs.org/is-number set size:undefined disposed:false
2957 silly placeDep ROOT tapable@2.3.3 OK for: mini-css-extract-plugin@2.9.0 want: ^2.2.1
2958 silly placeDep ROOT msgpackr-extract@3.0.3 OK for: msgpackr@1.11.10 want: ^3.0.2
2959 silly fetch manifest @msgpackr-extract/msgpackr-extract-darwin-arm64@3.0.3
2960 silly packumentCache full:https://registry.npmjs.org/@msgpackr-extract%2fmsgpackr-extract-darwin-arm64 cache-miss
2961 silly fetch manifest @msgpackr-extract/msgpackr-extract-darwin-x64@3.0.3
2962 silly packumentCache full:https://registry.npmjs.org/@msgpackr-extract%2fmsgpackr-extract-darwin-x64 cache-miss
2963 silly fetch manifest @msgpackr-extract/msgpackr-extract-linux-arm@3.0.3
2964 silly packumentCache full:https://registry.npmjs.org/@msgpackr-extract%2fmsgpackr-extract-linux-arm cache-miss
2965 http fetch GET 200 https://registry.npmjs.org/@msgpackr-extract%2fmsgpackr-extract-linux-arm 68ms (cache miss)
2966 silly packumentCache full:https://registry.npmjs.org/@msgpackr-extract%2fmsgpackr-extract-linux-arm set size:undefined disposed:false
2967 silly fetch manifest @msgpackr-extract/msgpackr-extract-linux-arm64@3.0.3
2968 silly packumentCache full:https://registry.npmjs.org/@msgpackr-extract%2fmsgpackr-extract-linux-arm64 cache-miss
2969 http fetch GET 200 https://registry.npmjs.org/@msgpackr-extract%2fmsgpackr-extract-darwin-arm64 76ms (cache miss)
2970 silly packumentCache full:https://registry.npmjs.org/@msgpackr-extract%2fmsgpackr-extract-darwin-arm64 set size:undefined disposed:false
2971 silly fetch manifest @msgpackr-extract/msgpackr-extract-linux-x64@3.0.3
2972 silly packumentCache full:https://registry.npmjs.org/@msgpackr-extract%2fmsgpackr-extract-linux-x64 cache-miss
2973 http fetch GET 200 https://registry.npmjs.org/@msgpackr-extract%2fmsgpackr-extract-linux-arm64 84ms (cache miss)
2974 silly packumentCache full:https://registry.npmjs.org/@msgpackr-extract%2fmsgpackr-extract-linux-arm64 set size:undefined disposed:false
2975 silly fetch manifest @msgpackr-extract/msgpackr-extract-win32-x64@3.0.3
2976 silly packumentCache full:https://registry.npmjs.org/@msgpackr-extract%2fmsgpackr-extract-win32-x64 cache-miss
2977 http fetch GET 200 https://registry.npmjs.org/@msgpackr-extract%2fmsgpackr-extract-darwin-x64 330ms (cache miss)
2978 silly packumentCache full:https://registry.npmjs.org/@msgpackr-extract%2fmsgpackr-extract-darwin-x64 set size:undefined disposed:false
2979 http fetch GET 200 https://registry.npmjs.org/@msgpackr-extract%2fmsgpackr-extract-linux-x64 387ms (cache miss)
2980 silly packumentCache full:https://registry.npmjs.org/@msgpackr-extract%2fmsgpackr-extract-linux-x64 set size:undefined disposed:false
2981 http fetch GET 200 https://registry.npmjs.org/@msgpackr-extract%2fmsgpackr-extract-win32-x64 317ms (cache miss)
2982 silly packumentCache full:https://registry.npmjs.org/@msgpackr-extract%2fmsgpackr-extract-win32-x64 set size:undefined disposed:false
2983 silly placeDep ROOT @msgpackr-extract/msgpackr-extract-darwin-arm64@3.0.3 OK for: msgpackr-extract@3.0.3 want: 3.0.3
2984 silly placeDep ROOT @msgpackr-extract/msgpackr-extract-darwin-x64@3.0.3 OK for: msgpackr-extract@3.0.3 want: 3.0.3
2985 silly placeDep ROOT @msgpackr-extract/msgpackr-extract-linux-arm@3.0.3 OK for: msgpackr-extract@3.0.3 want: 3.0.3
2986 silly placeDep ROOT @msgpackr-extract/msgpackr-extract-linux-arm64@3.0.3 OK for: msgpackr-extract@3.0.3 want: 3.0.3
2987 silly placeDep ROOT @msgpackr-extract/msgpackr-extract-linux-x64@3.0.3 OK for: msgpackr-extract@3.0.3 want: 3.0.3
2988 silly placeDep ROOT @msgpackr-extract/msgpackr-extract-win32-x64@3.0.3 OK for: msgpackr-extract@3.0.3 want: 3.0.3
2989 silly placeDep node_modules/needle iconv-lite@0.6.3 OK for: needle@3.5.0 want: ^0.6.3
2990 silly placeDep ROOT sax@1.6.0 OK for: needle@3.5.0 want: ^1.2.4
2991 silly placeDep ROOT detect-libc@2.1.2 OK for: node-gyp-build-optional-packages@5.2.2 want: ^2.0.1
2992 silly placeDep ROOT hosted-git-info@7.0.2 OK for: npm-package-arg@11.0.3 want: ^7.0.0
2993 silly placeDep ROOT proc-log@4.2.0 OK for: npm-package-arg@11.0.3 want: ^4.0.0
2994 silly placeDep ROOT validate-npm-package-name@5.0.1 OK for: npm-package-arg@11.0.3 want: ^5.0.0
2995 silly fetch manifest lru-cache@^10.0.1
2996 silly packumentCache full:https://registry.npmjs.org/lru-cache cache-miss
2997 http fetch GET 200 https://registry.npmjs.org/lru-cache 67ms (cache revalidated)
2998 silly packumentCache full:https://registry.npmjs.org/lru-cache set size:439357 disposed:false
2999 silly placeDep node_modules/hosted-git-info lru-cache@10.4.3 OK for: hosted-git-info@7.0.2 want: ^10.0.1
3000 silly placeDep ROOT npm-install-checks@6.3.0 OK for: npm-pick-manifest@9.1.0 want: ^6.0.0
3001 silly placeDep ROOT npm-normalize-package-bin@3.0.1 OK for: npm-pick-manifest@9.1.0 want: ^3.0.0
3002 silly placeDep ROOT default-browser@5.5.0 OK for: open@10.1.0 want: ^5.2.1
3003 silly placeDep ROOT define-lazy-prop@3.0.0 OK for: open@10.1.0 want: ^3.0.0
3004 silly placeDep ROOT is-inside-container@1.0.0 OK for: open@10.1.0 want: ^1.0.0
3005 silly placeDep ROOT is-wsl@3.1.1 OK for: open@10.1.0 want: ^3.1.0
3006 silly fetch manifest bundle-name@^4.1.0
3007 silly packumentCache full:https://registry.npmjs.org/bundle-name cache-miss
3008 silly fetch manifest default-browser-id@^5.0.0
3009 silly packumentCache full:https://registry.npmjs.org/default-browser-id cache-miss
3010 silly fetch manifest is-docker@^3.0.0
3011 silly packumentCache full:https://registry.npmjs.org/is-docker cache-miss
3012 http fetch GET 200 https://registry.npmjs.org/default-browser-id 108ms (cache miss)
3013 silly packumentCache full:https://registry.npmjs.org/default-browser-id set size:undefined disposed:false
3014 http fetch GET 200 https://registry.npmjs.org/bundle-name 136ms (cache miss)
3015 silly packumentCache full:https://registry.npmjs.org/bundle-name set size:undefined disposed:false
3016 http fetch GET 200 https://registry.npmjs.org/is-docker 169ms (cache miss)
3017 silly packumentCache full:https://registry.npmjs.org/is-docker set size:undefined disposed:false
3018 silly placeDep ROOT bundle-name@4.1.0 OK for: default-browser@5.5.0 want: ^4.1.0
3019 silly placeDep ROOT default-browser-id@5.0.1 OK for: default-browser@5.5.0 want: ^5.0.0
3020 silly fetch manifest run-applescript@^7.0.0
3021 silly packumentCache full:https://registry.npmjs.org/run-applescript cache-miss
3022 http fetch GET 200 https://registry.npmjs.org/run-applescript 59ms (cache miss)
3023 silly packumentCache full:https://registry.npmjs.org/run-applescript set size:undefined disposed:false
3024 silly placeDep ROOT run-applescript@7.1.0 OK for: bundle-name@4.1.0 want: ^7.0.0
3025 silly placeDep ROOT is-docker@3.0.0 OK for: is-inside-container@1.0.0 want: ^3.0.0
3026 silly placeDep ROOT bl@4.1.0 OK for: ora@5.4.1 want: ^4.1.0
3027 silly placeDep node_modules/ora cli-cursor@3.1.0 OK for: ora@5.4.1 want: ^3.1.0
3028 silly placeDep ROOT cli-spinners@2.9.2 OK for: ora@5.4.1 want: ^2.5.0
3029 silly placeDep ROOT is-interactive@1.0.0 OK for: ora@5.4.1 want: ^1.0.0
3030 silly placeDep ROOT is-unicode-supported@0.1.0 OK for: ora@5.4.1 want: ^0.1.0
3031 silly placeDep ROOT log-symbols@4.1.0 OK for: ora@5.4.1 want: ^4.1.0
3032 silly placeDep ROOT wcwidth@1.0.1 OK for: ora@5.4.1 want: ^1.0.1
3033 silly fetch manifest buffer@^5.5.0
3034 silly packumentCache full:https://registry.npmjs.org/buffer cache-miss
3035 silly fetch manifest readable-stream@^3.4.0
3036 silly packumentCache full:https://registry.npmjs.org/readable-stream cache-miss
3037 silly fetch manifest restore-cursor@^3.1.0
3038 silly packumentCache full:https://registry.npmjs.org/restore-cursor cache-miss
3039 http fetch GET 200 https://registry.npmjs.org/restore-cursor 65ms (cache revalidated)
3040 silly packumentCache full:https://registry.npmjs.org/restore-cursor set size:17895 disposed:false
3041 silly fetch manifest defaults@^1.0.3
3042 silly packumentCache full:https://registry.npmjs.org/defaults cache-miss
3043 http fetch GET 200 https://registry.npmjs.org/buffer 100ms (cache miss)
3044 silly packumentCache full:https://registry.npmjs.org/buffer set size:undefined disposed:false
3045 http fetch GET 200 https://registry.npmjs.org/readable-stream 117ms (cache miss)
3046 silly packumentCache full:https://registry.npmjs.org/readable-stream set size:undefined disposed:false
3047 http fetch GET 200 https://registry.npmjs.org/defaults 78ms (cache miss)
3048 silly packumentCache full:https://registry.npmjs.org/defaults set size:undefined disposed:false
3049 silly placeDep ROOT buffer@5.7.1 OK for: bl@4.1.0 want: ^5.5.0
3050 silly placeDep ROOT inherits@2.0.4 OK for: bl@4.1.0 want: ^2.0.4
3051 silly placeDep ROOT readable-stream@3.6.2 OK for: bl@4.1.0 want: ^3.4.0
3052 silly fetch manifest base64-js@^1.3.1
3053 silly packumentCache full:https://registry.npmjs.org/base64-js cache-miss
3054 silly fetch manifest ieee754@^1.1.13
3055 silly packumentCache full:https://registry.npmjs.org/ieee754 cache-miss
3056 silly fetch manifest string_decoder@^1.1.1
3057 silly packumentCache full:https://registry.npmjs.org/string_decoder cache-miss
3058 http fetch GET 200 https://registry.npmjs.org/base64-js 61ms (cache miss)
3059 silly packumentCache full:https://registry.npmjs.org/base64-js set size:undefined disposed:false
3060 silly fetch manifest util-deprecate@^1.0.1
3061 silly packumentCache full:https://registry.npmjs.org/util-deprecate cache-miss
3062 http fetch GET 200 https://registry.npmjs.org/ieee754 74ms (cache miss)
3063 silly packumentCache full:https://registry.npmjs.org/ieee754 set size:undefined disposed:false
3064 http fetch GET 200 https://registry.npmjs.org/string_decoder 78ms (cache miss)
3065 silly packumentCache full:https://registry.npmjs.org/string_decoder set size:undefined disposed:false
3066 http fetch GET 200 https://registry.npmjs.org/util-deprecate 49ms (cache miss)
3067 silly packumentCache full:https://registry.npmjs.org/util-deprecate set size:undefined disposed:false
3068 silly placeDep ROOT base64-js@1.5.1 OK for: buffer@5.7.1 want: ^1.3.1
3069 silly placeDep ROOT ieee754@1.2.1 OK for: buffer@5.7.1 want: ^1.1.13
3070 silly placeDep ROOT @npmcli/git@5.0.8 OK for: pacote@18.0.6 want: ^5.0.0
3071 silly placeDep ROOT @npmcli/installed-package-contents@2.1.0 OK for: pacote@18.0.6 want: ^2.0.1
3072 silly placeDep ROOT @npmcli/package-json@5.2.1 OK for: pacote@18.0.6 want: ^5.1.0
3073 silly placeDep ROOT @npmcli/promise-spawn@7.0.2 OK for: pacote@18.0.6 want: ^7.0.0
3074 silly placeDep ROOT @npmcli/run-script@8.1.0 OK for: pacote@18.0.6 want: ^8.0.0
3075 silly placeDep ROOT cacache@18.0.4 OK for: pacote@18.0.6 want: ^18.0.0
3076 silly placeDep ROOT fs-minipass@3.0.3 OK for: pacote@18.0.6 want: ^3.0.0
3077 silly placeDep ROOT minipass@7.1.3 OK for: pacote@18.0.6 want: ^7.0.2
3078 silly placeDep ROOT npm-packlist@8.0.2 OK for: pacote@18.0.6 want: ^8.0.0
3079 silly placeDep ROOT npm-registry-fetch@17.1.0 OK for: pacote@18.0.6 want: ^17.0.0
3080 silly placeDep ROOT promise-retry@2.0.1 OK for: pacote@18.0.6 want: ^2.0.1
3081 silly placeDep ROOT sigstore@2.3.1 OK for: pacote@18.0.6 want: ^2.2.0
3082 silly placeDep ROOT ssri@10.0.6 OK for: pacote@18.0.6 want: ^10.0.0
3083 silly placeDep ROOT tar@6.2.1 OK for: pacote@18.0.6 want: ^6.1.11
3084 silly fetch manifest which@^4.0.0
3085 silly packumentCache full:https://registry.npmjs.org/which cache-miss
3086 silly fetch manifest promise-inflight@^1.0.1
3087 silly packumentCache full:https://registry.npmjs.org/promise-inflight cache-miss
3088 silly fetch manifest npm-bundled@^3.0.0
3089 silly packumentCache full:https://registry.npmjs.org/npm-bundled cache-miss
3090 http fetch GET 200 https://registry.npmjs.org/which 58ms (cache miss)
3091 silly packumentCache full:https://registry.npmjs.org/which set size:undefined disposed:false
3092 silly fetch manifest glob@^10.2.2
3093 silly packumentCache full:https://registry.npmjs.org/glob cache-miss
3094 http fetch GET 200 https://registry.npmjs.org/promise-inflight 64ms (cache miss)
3095 silly packumentCache full:https://registry.npmjs.org/promise-inflight set size:undefined disposed:false
3096 silly fetch manifest normalize-package-data@^6.0.0
3097 silly packumentCache full:https://registry.npmjs.org/normalize-package-data cache-miss
3098 http fetch GET 200 https://registry.npmjs.org/npm-bundled 70ms (cache miss)
3099 silly packumentCache full:https://registry.npmjs.org/npm-bundled set size:undefined disposed:false
3100 silly fetch manifest json-parse-even-better-errors@^3.0.0
3101 silly packumentCache full:https://registry.npmjs.org/json-parse-even-better-errors cache-miss
3102 http fetch GET 200 https://registry.npmjs.org/json-parse-even-better-errors 68ms (cache revalidated)
3103 silly packumentCache full:https://registry.npmjs.org/json-parse-even-better-errors set size:34465 disposed:false
3104 silly fetch manifest node-gyp@^10.0.0
3105 silly packumentCache full:https://registry.npmjs.org/node-gyp cache-miss
3106 http fetch GET 200 https://registry.npmjs.org/normalize-package-data 100ms (cache miss)
3107 silly packumentCache full:https://registry.npmjs.org/normalize-package-data set size:undefined disposed:false
3108 silly fetch manifest @npmcli/node-gyp@^3.0.0
3109 silly packumentCache full:https://registry.npmjs.org/@npmcli%2fnode-gyp cache-miss
3110 http fetch GET 200 https://registry.npmjs.org/glob 140ms (cache miss)
3111 silly packumentCache full:https://registry.npmjs.org/glob set size:undefined disposed:false
3112 silly fetch manifest p-map@^4.0.0
3113 silly packumentCache full:https://registry.npmjs.org/p-map cache-miss
3114 http fetch GET 200 https://registry.npmjs.org/@npmcli%2fnode-gyp 76ms (cache miss)
3115 silly packumentCache full:https://registry.npmjs.org/@npmcli%2fnode-gyp set size:undefined disposed:false
3116 silly fetch manifest minipass@^7.0.3
3117 silly packumentCache full:https://registry.npmjs.org/minipass cache-miss
3118 http fetch GET 200 https://registry.npmjs.org/node-gyp 110ms (cache miss)
3119 silly packumentCache full:https://registry.npmjs.org/node-gyp set size:undefined disposed:false
3120 silly fetch manifest @npmcli/fs@^3.1.0
3121 silly packumentCache full:https://registry.npmjs.org/@npmcli%2ffs cache-miss
3122 http fetch GET 200 https://registry.npmjs.org/p-map 77ms (cache miss)
3123 silly packumentCache full:https://registry.npmjs.org/p-map set size:undefined disposed:false
3124 silly fetch manifest minipass-flush@^1.0.5
3125 silly packumentCache full:https://registry.npmjs.org/minipass-flush cache-miss
3126 http fetch GET 200 https://registry.npmjs.org/minipass 101ms (cache revalidated)
3127 silly packumentCache full:https://registry.npmjs.org/minipass set size:276925 disposed:false
3128 silly fetch manifest unique-filename@^3.0.0
3129 silly packumentCache full:https://registry.npmjs.org/unique-filename cache-miss
3130 http fetch GET 200 https://registry.npmjs.org/@npmcli%2ffs 97ms (cache miss)
3131 silly packumentCache full:https://registry.npmjs.org/@npmcli%2ffs set size:undefined disposed:false
3132 silly fetch manifest minipass-collect@^2.0.1
3133 silly packumentCache full:https://registry.npmjs.org/minipass-collect cache-miss
3134 http fetch GET 200 https://registry.npmjs.org/minipass-flush 83ms (cache miss)
3135 silly packumentCache full:https://registry.npmjs.org/minipass-flush set size:undefined disposed:false
3136 silly fetch manifest minipass-pipeline@^1.2.4
3137 silly packumentCache full:https://registry.npmjs.org/minipass-pipeline cache-miss
3138 http fetch GET 200 https://registry.npmjs.org/minipass-pipeline 52ms (cache miss)
3139 silly packumentCache full:https://registry.npmjs.org/minipass-pipeline set size:undefined disposed:false
3140 silly fetch manifest ignore-walk@^6.0.4
3141 silly packumentCache full:https://registry.npmjs.org/ignore-walk cache-miss
3142 http fetch GET 200 https://registry.npmjs.org/minipass-collect 81ms (cache miss)
3143 silly packumentCache full:https://registry.npmjs.org/minipass-collect set size:undefined disposed:false
3144 silly fetch manifest minizlib@^2.1.2
3145 silly packumentCache full:https://registry.npmjs.org/minizlib cache-miss
3146 http fetch GET 200 https://registry.npmjs.org/ignore-walk 65ms (cache miss)
3147 silly packumentCache full:https://registry.npmjs.org/ignore-walk set size:undefined disposed:false
3148 silly fetch manifest jsonparse@^1.3.1
3149 silly packumentCache full:https://registry.npmjs.org/jsonparse cache-miss
3150 http fetch GET 200 https://registry.npmjs.org/minizlib 66ms (cache miss)
3151 silly packumentCache full:https://registry.npmjs.org/minizlib set size:undefined disposed:false
3152 silly fetch manifest @npmcli/redact@^2.0.0
3153 silly packumentCache full:https://registry.npmjs.org/@npmcli%2fredact cache-miss
3154 http fetch GET 200 https://registry.npmjs.org/jsonparse 76ms (cache miss)
3155 silly packumentCache full:https://registry.npmjs.org/jsonparse set size:undefined disposed:false
3156 silly fetch manifest minipass-fetch@^3.0.0
3157 silly packumentCache full:https://registry.npmjs.org/minipass-fetch cache-miss
3158 http fetch GET 200 https://registry.npmjs.org/@npmcli%2fredact 86ms (cache miss)
3159 silly packumentCache full:https://registry.npmjs.org/@npmcli%2fredact set size:undefined disposed:false
3160 silly fetch manifest make-fetch-happen@^13.0.0
3161 silly packumentCache full:https://registry.npmjs.org/make-fetch-happen cache-miss
3162 http fetch GET 200 https://registry.npmjs.org/unique-filename 308ms (cache miss)
3163 silly packumentCache full:https://registry.npmjs.org/unique-filename set size:undefined disposed:false
3164 silly fetch manifest err-code@^2.0.2
3165 silly packumentCache full:https://registry.npmjs.org/err-code cache-miss
3166 http fetch GET 200 https://registry.npmjs.org/minipass-fetch 80ms (cache miss)
3167 silly packumentCache full:https://registry.npmjs.org/minipass-fetch set size:undefined disposed:false
3168 silly fetch manifest retry@^0.12.0
3169 silly packumentCache full:https://registry.npmjs.org/retry cache-miss
3170 http fetch GET 200 https://registry.npmjs.org/make-fetch-happen 100ms (cache miss)
3171 silly packumentCache full:https://registry.npmjs.org/make-fetch-happen set size:undefined disposed:false
3172 silly fetch manifest @sigstore/tuf@^2.3.4
3173 silly packumentCache full:https://registry.npmjs.org/@sigstore%2ftuf cache-miss
3174 http fetch GET 200 https://registry.npmjs.org/err-code 80ms (cache miss)
3175 silly packumentCache full:https://registry.npmjs.org/err-code set size:undefined disposed:false
3176 silly fetch manifest @sigstore/core@^1.0.0
3177 silly packumentCache full:https://registry.npmjs.org/@sigstore%2fcore cache-miss
3178 http fetch GET 200 https://registry.npmjs.org/retry 85ms (cache miss)
3179 silly packumentCache full:https://registry.npmjs.org/retry set size:undefined disposed:false
3180 silly fetch manifest @sigstore/sign@^2.3.2
3181 silly packumentCache full:https://registry.npmjs.org/@sigstore%2fsign cache-miss
3182 http fetch GET 200 https://registry.npmjs.org/@sigstore%2ftuf 59ms (cache miss)
3183 silly packumentCache full:https://registry.npmjs.org/@sigstore%2ftuf set size:undefined disposed:false
3184 silly fetch manifest @sigstore/bundle@^2.3.2
3185 silly packumentCache full:https://registry.npmjs.org/@sigstore%2fbundle cache-miss
3186 http fetch GET 200 https://registry.npmjs.org/@sigstore%2fcore 81ms (cache miss)
3187 silly packumentCache full:https://registry.npmjs.org/@sigstore%2fcore set size:undefined disposed:false
3188 silly fetch manifest @sigstore/verify@^1.2.1
3189 silly packumentCache full:https://registry.npmjs.org/@sigstore%2fverify cache-miss
3190 http fetch GET 200 https://registry.npmjs.org/@sigstore%2fsign 69ms (cache miss)
3191 silly packumentCache full:https://registry.npmjs.org/@sigstore%2fsign set size:undefined disposed:false
3192 silly fetch manifest @sigstore/protobuf-specs@^0.3.2
3193 silly packumentCache full:https://registry.npmjs.org/@sigstore%2fprotobuf-specs cache-miss
3194 http fetch GET 200 https://registry.npmjs.org/@sigstore%2fbundle 101ms (cache miss)
3195 silly packumentCache full:https://registry.npmjs.org/@sigstore%2fbundle set size:undefined disposed:false
3196 silly fetch manifest chownr@^2.0.0
3197 silly packumentCache full:https://registry.npmjs.org/chownr cache-miss
3198 http fetch GET 200 https://registry.npmjs.org/@sigstore%2fprotobuf-specs 106ms (cache miss)
3199 silly packumentCache full:https://registry.npmjs.org/@sigstore%2fprotobuf-specs set size:undefined disposed:false
3200 silly fetch manifest mkdirp@^1.0.3
3201 silly packumentCache full:https://registry.npmjs.org/mkdirp cache-miss
3202 http fetch GET 200 https://registry.npmjs.org/@sigstore%2fverify 120ms (cache miss)
3203 silly packumentCache full:https://registry.npmjs.org/@sigstore%2fverify set size:undefined disposed:false
3204 silly fetch manifest yallist@^4.0.0
3205 silly packumentCache full:https://registry.npmjs.org/yallist cache-miss
3206 http fetch GET 200 https://registry.npmjs.org/chownr 81ms (cache miss)
3207 silly packumentCache full:https://registry.npmjs.org/chownr set size:undefined disposed:false
3208 silly fetch manifest minipass@^5.0.0
3209 silly packumentCache full:https://registry.npmjs.org/minipass cache-hit
3210 silly fetch manifest minizlib@^2.1.1
3211 silly packumentCache full:https://registry.npmjs.org/minizlib cache-miss
3212 http fetch GET 200 https://registry.npmjs.org/yallist 80ms (cache revalidated)
3213 silly packumentCache full:https://registry.npmjs.org/yallist set size:34610 disposed:false
3214 silly fetch manifest fs-minipass@^2.0.0
3215 silly packumentCache full:https://registry.npmjs.org/fs-minipass cache-miss
3216 http fetch GET 200 https://registry.npmjs.org/mkdirp 95ms (cache miss)
3217 silly packumentCache full:https://registry.npmjs.org/mkdirp set size:undefined disposed:false
3218 http fetch GET 200 https://registry.npmjs.org/minizlib 86ms (cache revalidated)
3219 silly packumentCache full:https://registry.npmjs.org/minizlib set size:62862 disposed:false
3220 http fetch GET 200 https://registry.npmjs.org/fs-minipass 66ms (cache revalidated)
3221 silly packumentCache full:https://registry.npmjs.org/fs-minipass set size:44606 disposed:false
3222 silly placeDep node_modules/@npmcli/git lru-cache@10.4.3 OK for: @npmcli/git@5.0.8 want: ^10.0.1
3223 silly placeDep ROOT promise-inflight@1.0.1 OK for: @npmcli/git@5.0.8 want: ^1.0.1
3224 silly placeDep ROOT which@4.0.0 OK for: @npmcli/git@5.0.8 want: ^4.0.0
3225 silly fetch manifest isexe@^3.1.1
3226 silly packumentCache full:https://registry.npmjs.org/isexe cache-miss
3227 http fetch GET 200 https://registry.npmjs.org/isexe 54ms (cache miss)
3228 silly packumentCache full:https://registry.npmjs.org/isexe set size:undefined disposed:false
3229 silly placeDep ROOT npm-bundled@3.0.1 OK for: @npmcli/installed-package-contents@2.1.0 want: ^3.0.0
3230 silly placeDep ROOT glob@10.5.0 OK for: @npmcli/package-json@5.2.1 want: ^10.2.2
3231 silly placeDep ROOT json-parse-even-better-errors@3.0.2 OK for: @npmcli/package-json@5.2.1 want: ^3.0.0
3232 silly placeDep ROOT normalize-package-data@6.0.2 OK for: @npmcli/package-json@5.2.1 want: ^6.0.0
3233 silly fetch manifest jackspeak@^3.1.2
3234 silly packumentCache full:https://registry.npmjs.org/jackspeak cache-miss
3235 silly fetch manifest minimatch@^9.0.4
3236 silly packumentCache full:https://registry.npmjs.org/minimatch cache-miss
3237 silly fetch manifest path-scurry@^1.11.1
3238 silly packumentCache full:https://registry.npmjs.org/path-scurry cache-miss
3239 http fetch GET 200 https://registry.npmjs.org/jackspeak 79ms (cache miss)
3240 silly packumentCache full:https://registry.npmjs.org/jackspeak set size:undefined disposed:false
3241 silly fetch manifest foreground-child@^3.1.0
3242 silly packumentCache full:https://registry.npmjs.org/foreground-child cache-miss
3243 http fetch GET 200 https://registry.npmjs.org/path-scurry 108ms (cache miss)
3244 silly packumentCache full:https://registry.npmjs.org/path-scurry set size:undefined disposed:false
3245 silly fetch manifest package-json-from-dist@^1.0.0
3246 silly packumentCache full:https://registry.npmjs.org/package-json-from-dist cache-miss
3247 http fetch GET 200 https://registry.npmjs.org/minimatch 122ms (cache miss)
3248 silly packumentCache full:https://registry.npmjs.org/minimatch set size:undefined disposed:false
3249 silly fetch manifest validate-npm-package-license@^3.0.4
3250 silly packumentCache full:https://registry.npmjs.org/validate-npm-package-license cache-miss
3251 http fetch GET 200 https://registry.npmjs.org/package-json-from-dist 51ms (cache miss)
3252 silly packumentCache full:https://registry.npmjs.org/package-json-from-dist set size:undefined disposed:false
3253 http fetch GET 200 https://registry.npmjs.org/foreground-child 81ms (cache miss)
3254 silly packumentCache full:https://registry.npmjs.org/foreground-child set size:undefined disposed:false
3255 http fetch GET 200 https://registry.npmjs.org/validate-npm-package-license 306ms (cache miss)
3256 silly packumentCache full:https://registry.npmjs.org/validate-npm-package-license set size:undefined disposed:false
3257 silly placeDep ROOT @npmcli/node-gyp@3.0.0 OK for: @npmcli/run-script@8.1.0 want: ^3.0.0
3258 silly placeDep ROOT node-gyp@10.3.1 OK for: @npmcli/run-script@8.1.0 want: ^10.0.0
3259 silly fetch manifest nopt@^7.0.0
3260 silly packumentCache full:https://registry.npmjs.org/nopt cache-miss
3261 silly fetch manifest env-paths@^2.2.0
3262 silly packumentCache full:https://registry.npmjs.org/env-paths cache-miss
3263 silly fetch manifest exponential-backoff@^3.1.1
3264 silly packumentCache full:https://registry.npmjs.org/exponential-backoff cache-miss
3265 http fetch GET 200 https://registry.npmjs.org/env-paths 73ms (cache miss)
3266 silly packumentCache full:https://registry.npmjs.org/env-paths set size:undefined disposed:false
3267 http fetch GET 200 https://registry.npmjs.org/exponential-backoff 82ms (cache miss)
3268 silly packumentCache full:https://registry.npmjs.org/exponential-backoff set size:undefined disposed:false
3269 http fetch GET 200 https://registry.npmjs.org/nopt 89ms (cache miss)
3270 silly packumentCache full:https://registry.npmjs.org/nopt set size:undefined disposed:false
3271 silly placeDep ROOT @npmcli/fs@3.1.1 OK for: cacache@18.0.4 want: ^3.1.0
3272 silly placeDep node_modules/cacache lru-cache@10.4.3 OK for: cacache@18.0.4 want: ^10.0.1
3273 silly placeDep ROOT minipass-collect@2.0.1 OK for: cacache@18.0.4 want: ^2.0.1
3274 silly placeDep ROOT minipass-flush@1.0.7 OK for: cacache@18.0.4 want: ^1.0.5
3275 silly placeDep ROOT minipass-pipeline@1.2.4 OK for: cacache@18.0.4 want: ^1.2.4
3276 silly placeDep ROOT p-map@4.0.0 OK for: cacache@18.0.4 want: ^4.0.0
3277 silly placeDep ROOT unique-filename@3.0.0 OK for: cacache@18.0.4 want: ^3.0.0
3278 silly fetch manifest minipass@^3.0.0
3279 silly packumentCache full:https://registry.npmjs.org/minipass cache-hit
3280 silly fetch manifest minipass@^3.0.0
3281 silly packumentCache full:https://registry.npmjs.org/minipass cache-hit
3282 silly fetch manifest aggregate-error@^3.0.0
3283 silly packumentCache full:https://registry.npmjs.org/aggregate-error cache-miss
3284 silly fetch manifest unique-slug@^4.0.0
3285 silly packumentCache full:https://registry.npmjs.org/unique-slug cache-miss
3286 http fetch GET 200 https://registry.npmjs.org/aggregate-error 68ms (cache miss)
3287 silly packumentCache full:https://registry.npmjs.org/aggregate-error set size:undefined disposed:false
3288 http fetch GET 200 https://registry.npmjs.org/unique-slug 66ms (cache miss)
3289 silly packumentCache full:https://registry.npmjs.org/unique-slug set size:undefined disposed:false
3290 silly placeDep ROOT foreground-child@3.3.1 OK for: glob@10.5.0 want: ^3.1.0
3291 silly placeDep ROOT jackspeak@3.4.3 OK for: glob@10.5.0 want: ^3.1.2
3292 silly placeDep ROOT minimatch@9.0.9 OK for: glob@10.5.0 want: ^9.0.4
3293 silly placeDep ROOT package-json-from-dist@1.0.1 OK for: glob@10.5.0 want: ^1.0.0
3294 silly placeDep ROOT path-scurry@1.11.1 OK for: glob@10.5.0 want: ^1.11.1
3295 silly fetch manifest cross-spawn@^7.0.6
3296 silly packumentCache full:https://registry.npmjs.org/cross-spawn cache-miss
3297 silly fetch manifest @isaacs/cliui@^8.0.2
3298 silly packumentCache full:https://registry.npmjs.org/@isaacs%2fcliui cache-miss
3299 silly fetch manifest @pkgjs/parseargs@^0.11.0
3300 silly packumentCache full:https://registry.npmjs.org/@pkgjs%2fparseargs cache-miss
3301 http fetch GET 200 https://registry.npmjs.org/cross-spawn 65ms (cache miss)
3302 silly packumentCache full:https://registry.npmjs.org/cross-spawn set size:undefined disposed:false
3303 silly fetch manifest brace-expansion@^2.0.2
3304 silly packumentCache full:https://registry.npmjs.org/brace-expansion cache-miss
3305 http fetch GET 200 https://registry.npmjs.org/@isaacs%2fcliui 79ms (cache miss)
3306 silly packumentCache full:https://registry.npmjs.org/@isaacs%2fcliui set size:undefined disposed:false
3307 silly fetch manifest lru-cache@^10.2.0
3308 silly packumentCache full:https://registry.npmjs.org/lru-cache cache-hit
3309 http fetch GET 200 https://registry.npmjs.org/@pkgjs%2fparseargs 84ms (cache miss)
3310 silly packumentCache full:https://registry.npmjs.org/@pkgjs%2fparseargs set size:undefined disposed:false
3311 http fetch GET 200 https://registry.npmjs.org/brace-expansion 74ms (cache miss)
3312 silly packumentCache full:https://registry.npmjs.org/brace-expansion set size:undefined disposed:false
3313 silly placeDep ROOT cross-spawn@7.0.6 OK for: foreground-child@3.3.1 want: ^7.0.6
3314 silly fetch manifest which@^2.0.1
3315 silly packumentCache full:https://registry.npmjs.org/which cache-miss
3316 silly fetch manifest path-key@^3.1.0
3317 silly packumentCache full:https://registry.npmjs.org/path-key cache-miss
3318 silly fetch manifest shebang-command@^2.0.0
3319 silly packumentCache full:https://registry.npmjs.org/shebang-command cache-miss
3320 http fetch GET 200 https://registry.npmjs.org/path-key 52ms (cache miss)
3321 silly packumentCache full:https://registry.npmjs.org/path-key set size:undefined disposed:false
3322 http fetch GET 200 https://registry.npmjs.org/which 70ms (cache revalidated)
3323 silly packumentCache full:https://registry.npmjs.org/which set size:67698 disposed:false
3324 http fetch GET 200 https://registry.npmjs.org/shebang-command 76ms (cache miss)
3325 silly packumentCache full:https://registry.npmjs.org/shebang-command set size:undefined disposed:false
3326 silly placeDep ROOT path-key@3.1.1 OK for: cross-spawn@7.0.6 want: ^3.1.0
3327 silly placeDep ROOT shebang-command@2.0.0 OK for: cross-spawn@7.0.6 want: ^2.0.0
3328 silly placeDep node_modules/cross-spawn which@2.0.2 OK for: cross-spawn@7.0.6 want: ^2.0.1
3329 silly fetch manifest shebang-regex@^3.0.0
3330 silly packumentCache full:https://registry.npmjs.org/shebang-regex cache-miss
3331 silly fetch manifest isexe@^2.0.0
3332 silly packumentCache full:https://registry.npmjs.org/isexe cache-miss
3333 http fetch GET 200 https://registry.npmjs.org/shebang-regex 48ms (cache miss)
3334 silly packumentCache full:https://registry.npmjs.org/shebang-regex set size:undefined disposed:false
3335 http fetch GET 200 https://registry.npmjs.org/isexe 55ms (cache revalidated)
3336 silly packumentCache full:https://registry.npmjs.org/isexe set size:31756 disposed:false
3337 silly placeDep ROOT @isaacs/cliui@8.0.2 OK for: jackspeak@3.4.3 want: ^8.0.2
3338 silly placeDep ROOT @pkgjs/parseargs@0.11.0 OK for: jackspeak@3.4.3 want: ^0.11.0
3339 silly fetch manifest wrap-ansi@^8.1.0
3340 silly packumentCache full:https://registry.npmjs.org/wrap-ansi cache-hit
3341 silly fetch manifest strip-ansi@^7.0.1
3342 silly packumentCache full:https://registry.npmjs.org/strip-ansi cache-hit
3343 silly fetch manifest string-width@^5.1.2
3344 silly packumentCache full:https://registry.npmjs.org/string-width cache-hit
3345 silly fetch manifest wrap-ansi-cjs@npm:wrap-ansi@^7.0.0
3346 silly packumentCache full:https://registry.npmjs.org/wrap-ansi cache-hit
3347 silly fetch manifest strip-ansi-cjs@npm:strip-ansi@^6.0.1
3348 silly packumentCache full:https://registry.npmjs.org/strip-ansi cache-hit
3349 silly fetch manifest string-width-cjs@npm:string-width@^4.2.0
3350 silly packumentCache full:https://registry.npmjs.org/string-width cache-hit
3351 silly placeDep node_modules/@isaacs/cliui string-width@5.1.2 OK for: @isaacs/cliui@8.0.2 want: ^5.1.2
3352 silly placeDep ROOT string-width-cjs@4.2.3 OK for: @isaacs/cliui@8.0.2 want: npm:string-width@^4.2.0
3353 silly placeDep node_modules/@isaacs/cliui strip-ansi@7.2.0 OK for: @isaacs/cliui@8.0.2 want: ^7.0.1
3354 silly placeDep ROOT strip-ansi-cjs@6.0.1 OK for: @isaacs/cliui@8.0.2 want: npm:strip-ansi@^6.0.1
3355 silly placeDep node_modules/@isaacs/cliui wrap-ansi@8.1.0 OK for: @isaacs/cliui@8.0.2 want: ^8.1.0
3356 silly placeDep ROOT wrap-ansi-cjs@7.0.0 OK for: @isaacs/cliui@8.0.2 want: npm:wrap-ansi@^7.0.0
3357 silly fetch manifest emoji-regex@^9.2.2
3358 silly packumentCache full:https://registry.npmjs.org/emoji-regex cache-miss
3359 silly fetch manifest eastasianwidth@^0.2.0
3360 silly packumentCache full:https://registry.npmjs.org/eastasianwidth cache-miss
3361 silly fetch manifest emoji-regex@^8.0.0
3362 silly packumentCache full:https://registry.npmjs.org/emoji-regex cache-miss
3363 http fetch GET 200 https://registry.npmjs.org/emoji-regex 62ms (cache revalidated)
3364 silly packumentCache full:https://registry.npmjs.org/emoji-regex set size:89088 disposed:false
3365 silly fetch manifest is-fullwidth-code-point@^3.0.0
3366 silly packumentCache full:https://registry.npmjs.org/is-fullwidth-code-point cache-hit
3367 silly fetch manifest ansi-styles@^6.1.0
3368 silly packumentCache full:https://registry.npmjs.org/ansi-styles cache-hit
3369 http fetch GET 200 https://registry.npmjs.org/emoji-regex 78ms (cache revalidated)
3370 silly packumentCache full:https://registry.npmjs.org/emoji-regex set size:89088 disposed:false
3371 silly packumentCache full:https://registry.npmjs.org/emoji-regex dispose
3372 http fetch GET 200 https://registry.npmjs.org/eastasianwidth 301ms (cache miss)
3373 silly packumentCache full:https://registry.npmjs.org/eastasianwidth set size:undefined disposed:false
3374 silly placeDep ROOT brace-expansion@2.1.0 OK for: minimatch@9.0.9 want: ^2.0.2
3375 silly fetch manifest balanced-match@^1.0.0
3376 silly packumentCache full:https://registry.npmjs.org/balanced-match cache-miss
3377 http fetch GET 200 https://registry.npmjs.org/balanced-match 52ms (cache miss)
3378 silly packumentCache full:https://registry.npmjs.org/balanced-match set size:undefined disposed:false
3379 silly placeDep ROOT balanced-match@1.0.2 OK for: brace-expansion@2.1.0 want: ^1.0.0
3380 silly placeDep node_modules/minipass-flush minipass@3.3.6 OK for: minipass-flush@1.0.7 want: ^3.0.0
3381 silly placeDep node_modules/minipass-pipeline minipass@3.3.6 OK for: minipass-pipeline@1.2.4 want: ^3.0.0
3382 silly placeDep ROOT env-paths@2.2.1 OK for: node-gyp@10.3.1 want: ^2.2.0
3383 silly placeDep ROOT exponential-backoff@3.1.3 OK for: node-gyp@10.3.1 want: ^3.1.1
3384 silly placeDep ROOT make-fetch-happen@13.0.1 OK for: node-gyp@10.3.1 want: ^13.0.0
3385 silly placeDep ROOT nopt@7.2.1 OK for: node-gyp@10.3.1 want: ^7.0.0
3386 silly fetch manifest is-lambda@^1.0.1
3387 silly packumentCache full:https://registry.npmjs.org/is-lambda cache-miss
3388 silly fetch manifest negotiator@^0.6.3
3389 silly packumentCache full:https://registry.npmjs.org/negotiator cache-miss
3390 silly fetch manifest @npmcli/agent@^2.0.0
3391 silly packumentCache full:https://registry.npmjs.org/@npmcli%2fagent cache-miss
3392 http fetch GET 200 https://registry.npmjs.org/negotiator 57ms (cache miss)
3393 silly packumentCache full:https://registry.npmjs.org/negotiator set size:undefined disposed:false
3394 silly fetch manifest http-cache-semantics@^4.1.1
3395 silly packumentCache full:https://registry.npmjs.org/http-cache-semantics cache-miss
3396 http fetch GET 200 https://registry.npmjs.org/is-lambda 70ms (cache miss)
3397 silly packumentCache full:https://registry.npmjs.org/is-lambda set size:undefined disposed:false
3398 silly fetch manifest abbrev@^2.0.0
3399 silly packumentCache full:https://registry.npmjs.org/abbrev cache-miss
3400 http fetch GET 200 https://registry.npmjs.org/@npmcli%2fagent 77ms (cache miss)
3401 silly packumentCache full:https://registry.npmjs.org/@npmcli%2fagent set size:undefined disposed:false
3402 http fetch GET 200 https://registry.npmjs.org/http-cache-semantics 53ms (cache miss)
3403 silly packumentCache full:https://registry.npmjs.org/http-cache-semantics set size:undefined disposed:false
3404 http fetch GET 200 https://registry.npmjs.org/abbrev 817ms (cache miss)
3405 silly packumentCache full:https://registry.npmjs.org/abbrev set size:undefined disposed:false
3406 silly placeDep ROOT @npmcli/agent@2.2.2 OK for: make-fetch-happen@13.0.1 want: ^2.0.0
3407 silly placeDep ROOT http-cache-semantics@4.2.0 OK for: make-fetch-happen@13.0.1 want: ^4.1.1
3408 silly placeDep ROOT is-lambda@1.0.1 OK for: make-fetch-happen@13.0.1 want: ^1.0.1
3409 silly placeDep ROOT minipass-fetch@3.0.5 OK for: make-fetch-happen@13.0.1 want: ^3.0.0
3410 silly placeDep ROOT negotiator@0.6.4 OK for: make-fetch-happen@13.0.1 want: ^0.6.3
3411 silly fetch manifest http-proxy-agent@^7.0.0
3412 silly packumentCache full:https://registry.npmjs.org/http-proxy-agent cache-miss
3413 silly fetch manifest socks-proxy-agent@^8.0.3
3414 silly packumentCache full:https://registry.npmjs.org/socks-proxy-agent cache-miss
3415 silly fetch manifest minipass-sized@^1.0.3
3416 silly packumentCache full:https://registry.npmjs.org/minipass-sized cache-miss
3417 http fetch GET 200 https://registry.npmjs.org/http-proxy-agent 54ms (cache miss)
3418 silly packumentCache full:https://registry.npmjs.org/http-proxy-agent set size:undefined disposed:false
3419 silly fetch manifest encoding@^0.1.13
3420 silly packumentCache full:https://registry.npmjs.org/encoding cache-miss
3421 http fetch GET 200 https://registry.npmjs.org/minipass-sized 69ms (cache miss)
3422 silly packumentCache full:https://registry.npmjs.org/minipass-sized set size:undefined disposed:false
3423 http fetch GET 200 https://registry.npmjs.org/encoding 51ms (cache miss)
3424 silly packumentCache full:https://registry.npmjs.org/encoding set size:undefined disposed:false
3425 http fetch GET 200 https://registry.npmjs.org/socks-proxy-agent 305ms (cache miss)
3426 silly packumentCache full:https://registry.npmjs.org/socks-proxy-agent set size:undefined disposed:false
3427 silly placeDep ROOT http-proxy-agent@7.0.2 OK for: @npmcli/agent@2.2.2 want: ^7.0.0
3428 silly placeDep node_modules/@npmcli/agent lru-cache@10.4.3 OK for: @npmcli/agent@2.2.2 want: ^10.0.1
3429 silly placeDep ROOT socks-proxy-agent@8.0.5 OK for: @npmcli/agent@2.2.2 want: ^8.0.3
3430 silly fetch manifest socks@^2.8.3
3431 silly packumentCache full:https://registry.npmjs.org/socks cache-miss
3432 http fetch GET 200 https://registry.npmjs.org/socks 82ms (cache miss)
3433 silly packumentCache full:https://registry.npmjs.org/socks set size:undefined disposed:false
3434 silly placeDep ROOT encoding@0.1.13 OK for: minipass-fetch@3.0.5 want: ^0.1.13
3435 silly placeDep ROOT minipass-sized@1.0.3 OK for: minipass-fetch@3.0.5 want: ^1.0.3
3436 silly placeDep ROOT minizlib@2.1.2 OK for: minipass-fetch@3.0.5 want: ^2.1.2
3437 silly fetch manifest iconv-lite@^0.6.2
3438 silly packumentCache full:https://registry.npmjs.org/iconv-lite cache-hit
3439 silly placeDep node_modules/encoding iconv-lite@0.6.3 OK for: encoding@0.1.13 want: ^0.6.2
3440 silly placeDep node_modules/minipass-sized minipass@3.3.6 OK for: minipass-sized@1.0.3 want: ^3.0.0
3441 silly placeDep node_modules/minizlib minipass@3.3.6 OK for: minizlib@2.1.2 want: ^3.0.0
3442 silly placeDep node_modules/minizlib yallist@4.0.0 OK for: minizlib@2.1.2 want: ^4.0.0
3443 silly placeDep ROOT abbrev@2.0.0 OK for: nopt@7.2.1 want: ^2.0.0
3444 silly placeDep ROOT validate-npm-package-license@3.0.4 OK for: normalize-package-data@6.0.2 want: ^3.0.4
3445 silly fetch manifest spdx-correct@^3.0.0
3446 silly packumentCache full:https://registry.npmjs.org/spdx-correct cache-miss
3447 silly fetch manifest spdx-expression-parse@^3.0.0
3448 silly packumentCache full:https://registry.npmjs.org/spdx-expression-parse cache-miss
3449 http fetch GET 200 https://registry.npmjs.org/spdx-expression-parse 71ms (cache miss)
3450 silly packumentCache full:https://registry.npmjs.org/spdx-expression-parse set size:undefined disposed:false
3451 http fetch GET 200 https://registry.npmjs.org/spdx-correct 75ms (cache miss)
3452 silly packumentCache full:https://registry.npmjs.org/spdx-correct set size:undefined disposed:false
3453 silly placeDep ROOT ignore-walk@6.0.5 OK for: npm-packlist@8.0.2 want: ^6.0.4
3454 silly placeDep ROOT @npmcli/redact@2.0.1 OK for: npm-registry-fetch@17.1.0 want: ^2.0.0
3455 silly placeDep ROOT jsonparse@1.3.1 OK for: npm-registry-fetch@17.1.0 want: ^1.3.1
3456 silly placeDep ROOT aggregate-error@3.1.0 OK for: p-map@4.0.0 want: ^3.0.0
3457 silly fetch manifest clean-stack@^2.0.0
3458 silly packumentCache full:https://registry.npmjs.org/clean-stack cache-miss
3459 silly fetch manifest indent-string@^4.0.0
3460 silly packumentCache full:https://registry.npmjs.org/indent-string cache-miss
3461 http fetch GET 200 https://registry.npmjs.org/indent-string 71ms (cache miss)
3462 silly packumentCache full:https://registry.npmjs.org/indent-string set size:undefined disposed:false
3463 http fetch GET 200 https://registry.npmjs.org/clean-stack 91ms (cache miss)
3464 silly packumentCache full:https://registry.npmjs.org/clean-stack set size:undefined disposed:false
3465 silly placeDep ROOT clean-stack@2.2.0 OK for: aggregate-error@3.1.0 want: ^2.0.0
3466 silly placeDep ROOT indent-string@4.0.0 OK for: aggregate-error@3.1.0 want: ^4.0.0
3467 silly placeDep ROOT parse5@7.3.0 OK for: parse5-html-rewriting-stream@7.0.0 want: ^7.0.0
3468 silly placeDep ROOT parse5-sax-parser@7.0.0 OK for: parse5-html-rewriting-stream@7.0.0 want: ^7.0.0
3469 silly fetch manifest entities@^6.0.0
3470 silly packumentCache full:https://registry.npmjs.org/entities cache-hit
3471 silly placeDep node_modules/parse5 entities@6.0.1 OK for: parse5@7.3.0 want: ^6.0.0
3472 silly placeDep node_modules/path-scurry lru-cache@10.4.3 OK for: path-scurry@1.11.1 want: ^10.2.0
3473 silly placeDep ROOT nice-napi@1.0.2 OK for: piscina@4.6.1 want: ^1.0.2
3474 silly fetch manifest node-addon-api@^3.0.0
3475 silly packumentCache full:https://registry.npmjs.org/node-addon-api cache-miss
3476 silly fetch manifest node-gyp-build@^4.2.2
3477 silly packumentCache full:https://registry.npmjs.org/node-gyp-build cache-miss
3478 http fetch GET 200 https://registry.npmjs.org/node-gyp-build 74ms (cache miss)
3479 silly packumentCache full:https://registry.npmjs.org/node-gyp-build set size:undefined disposed:false
3480 http fetch GET 200 https://registry.npmjs.org/node-addon-api 90ms (cache revalidated)
3481 silly packumentCache full:https://registry.npmjs.org/node-addon-api set size:347062 disposed:false
3482 silly placeDep node_modules/nice-napi node-addon-api@3.2.1 OK for: nice-napi@1.0.2 want: ^3.0.0
3483 silly placeDep ROOT node-gyp-build@4.8.4 OK for: nice-napi@1.0.2 want: ^4.2.2
3484 silly placeDep ROOT find-up@6.3.0 OK for: pkg-dir@7.0.0 want: ^6.3.0
3485 silly fetch manifest locate-path@^7.1.0
3486 silly packumentCache full:https://registry.npmjs.org/locate-path cache-miss
3487 silly fetch manifest path-exists@^5.0.0
3488 silly packumentCache full:https://registry.npmjs.org/path-exists cache-miss
3489 http fetch GET 200 https://registry.npmjs.org/path-exists 58ms (cache miss)
3490 silly packumentCache full:https://registry.npmjs.org/path-exists set size:undefined disposed:false
3491 http fetch GET 200 https://registry.npmjs.org/locate-path 121ms (cache miss)
3492 silly packumentCache full:https://registry.npmjs.org/locate-path set size:undefined disposed:false
3493 silly placeDep ROOT locate-path@7.2.0 OK for: find-up@6.3.0 want: ^7.1.0
3494 silly placeDep ROOT path-exists@5.0.0 OK for: find-up@6.3.0 want: ^5.0.0
3495 silly fetch manifest p-locate@^6.0.0
3496 silly packumentCache full:https://registry.npmjs.org/p-locate cache-miss
3497 http fetch GET 200 https://registry.npmjs.org/p-locate 133ms (cache miss)
3498 silly packumentCache full:https://registry.npmjs.org/p-locate set size:undefined disposed:false
3499 silly placeDep ROOT p-locate@6.0.0 OK for: locate-path@7.2.0 want: ^6.0.0
3500 silly fetch manifest p-limit@^4.0.0
3501 silly packumentCache full:https://registry.npmjs.org/p-limit cache-miss
3502 http fetch GET 200 https://registry.npmjs.org/p-limit 136ms (cache miss)
3503 silly packumentCache full:https://registry.npmjs.org/p-limit set size:undefined disposed:false
3504 silly placeDep ROOT p-limit@4.0.0 OK for: p-locate@6.0.0 want: ^4.0.0
3505 silly fetch manifest yocto-queue@^1.0.0
3506 silly packumentCache full:https://registry.npmjs.org/yocto-queue cache-miss
3507 http fetch GET 200 https://registry.npmjs.org/yocto-queue 82ms (cache miss)
3508 silly packumentCache full:https://registry.npmjs.org/yocto-queue set size:undefined disposed:false
3509 silly placeDep ROOT yocto-queue@1.2.2 OK for: p-limit@4.0.0 want: ^1.0.0
3510 silly placeDep ROOT nanoid@3.3.11 OK for: postcss@8.4.41 want: ^3.3.7
3511 silly placeDep ROOT source-map-js@1.2.1 OK for: postcss@8.4.41 want: ^1.2.0
3512 silly fetch manifest typescript@>=4.9.5
3513 silly packumentCache full:https://registry.npmjs.org/typescript cache-miss
3514 http fetch GET 200 https://registry.npmjs.org/typescript 234ms (cache revalidated)
3515 silly packumentCache full:https://registry.npmjs.org/typescript set size:15409943 disposed:false
3516 silly placeDep ROOT cosmiconfig@9.0.1 OK for: postcss-loader@8.1.1 want: ^9.0.0
3517 silly placeDep ROOT jiti@1.21.7 OK for: postcss-loader@8.1.1 want: ^1.20.0
3518 silly fetch manifest import-fresh@^3.3.0
3519 silly packumentCache full:https://registry.npmjs.org/import-fresh cache-miss
3520 silly fetch manifest js-yaml@^4.1.0
3521 silly packumentCache full:https://registry.npmjs.org/js-yaml cache-miss
3522 silly fetch manifest parse-json@^5.2.0
3523 silly packumentCache full:https://registry.npmjs.org/parse-json cache-miss
3524 http fetch GET 200 https://registry.npmjs.org/import-fresh 124ms (cache miss)
3525 silly packumentCache full:https://registry.npmjs.org/import-fresh set size:undefined disposed:false
3526 http fetch GET 200 https://registry.npmjs.org/parse-json 127ms (cache miss)
3527 silly packumentCache full:https://registry.npmjs.org/parse-json set size:undefined disposed:false
3528 http fetch GET 200 https://registry.npmjs.org/js-yaml 135ms (cache miss)
3529 silly packumentCache full:https://registry.npmjs.org/js-yaml set size:undefined disposed:false
3530 silly placeDep ROOT import-fresh@3.3.1 OK for: cosmiconfig@9.0.1 want: ^3.3.0
3531 silly placeDep ROOT js-yaml@4.1.1 OK for: cosmiconfig@9.0.1 want: ^4.1.0
3532 silly placeDep ROOT parse-json@5.2.0 OK for: cosmiconfig@9.0.1 want: ^5.2.0
3533 silly fetch manifest resolve-from@^4.0.0
3534 silly packumentCache full:https://registry.npmjs.org/resolve-from cache-miss
3535 silly fetch manifest parent-module@^1.0.0
3536 silly packumentCache full:https://registry.npmjs.org/parent-module cache-miss
3537 silly fetch manifest argparse@^2.0.1
3538 silly packumentCache full:https://registry.npmjs.org/argparse cache-miss
3539 http fetch GET 200 https://registry.npmjs.org/resolve-from 56ms (cache miss)
3540 silly packumentCache full:https://registry.npmjs.org/resolve-from set size:undefined disposed:false
3541 silly fetch manifest error-ex@^1.3.1
3542 silly packumentCache full:https://registry.npmjs.org/error-ex cache-miss
3543 http fetch GET 200 https://registry.npmjs.org/parent-module 65ms (cache miss)
3544 silly packumentCache full:https://registry.npmjs.org/parent-module set size:undefined disposed:false
3545 silly fetch manifest lines-and-columns@^1.1.6
3546 silly packumentCache full:https://registry.npmjs.org/lines-and-columns cache-miss
3547 http fetch GET 200 https://registry.npmjs.org/argparse 74ms (cache miss)
3548 silly packumentCache full:https://registry.npmjs.org/argparse set size:undefined disposed:false
3549 silly fetch manifest json-parse-even-better-errors@^2.3.0
3550 silly packumentCache full:https://registry.npmjs.org/json-parse-even-better-errors cache-hit
3551 http fetch GET 200 https://registry.npmjs.org/error-ex 46ms (cache miss)
3552 silly packumentCache full:https://registry.npmjs.org/error-ex set size:undefined disposed:false
3553 http fetch GET 200 https://registry.npmjs.org/lines-and-columns 57ms (cache miss)
3554 silly packumentCache full:https://registry.npmjs.org/lines-and-columns set size:undefined disposed:false
3555 silly placeDep ROOT parent-module@1.0.1 OK for: import-fresh@3.3.1 want: ^1.0.0
3556 silly placeDep ROOT resolve-from@4.0.0 OK for: import-fresh@3.3.1 want: ^4.0.0
3557 silly fetch manifest callsites@^3.0.0
3558 silly packumentCache full:https://registry.npmjs.org/callsites cache-miss
3559 http fetch GET 200 https://registry.npmjs.org/callsites 49ms (cache miss)
3560 silly packumentCache full:https://registry.npmjs.org/callsites set size:undefined disposed:false
3561 silly placeDep ROOT argparse@2.0.1 OK for: js-yaml@4.1.1 want: ^2.0.1
3562 silly placeDep ROOT callsites@3.1.0 OK for: parent-module@1.0.1 want: ^3.0.0
3563 silly placeDep ROOT error-ex@1.3.4 OK for: parse-json@5.2.0 want: ^1.3.1
3564 silly placeDep node_modules/parse-json json-parse-even-better-errors@2.3.1 OK for: parse-json@5.2.0 want: ^2.3.0
3565 silly placeDep ROOT lines-and-columns@1.2.4 OK for: parse-json@5.2.0 want: ^1.1.6
3566 silly fetch manifest is-arrayish@^0.2.1
3567 silly packumentCache full:https://registry.npmjs.org/is-arrayish cache-miss
3568 http fetch GET 200 https://registry.npmjs.org/is-arrayish 44ms (cache miss)
3569 silly packumentCache full:https://registry.npmjs.org/is-arrayish set size:undefined disposed:false
3570 silly placeDep ROOT is-arrayish@0.2.1 OK for: error-ex@1.3.4 want: ^0.2.1
3571 silly placeDep ROOT postcss-selector-parser@7.1.1 OK for: postcss-modules-local-by-default@4.2.0 want: ^7.0.0
3572 silly fetch manifest cssesc@^3.0.0
3573 silly packumentCache full:https://registry.npmjs.org/cssesc cache-miss
3574 silly fetch manifest util-deprecate@^1.0.2
3575 silly packumentCache full:https://registry.npmjs.org/util-deprecate cache-miss
3576 http fetch GET 200 https://registry.npmjs.org/cssesc 49ms (cache miss)
3577 silly packumentCache full:https://registry.npmjs.org/cssesc set size:undefined disposed:false
3578 http fetch GET 200 https://registry.npmjs.org/util-deprecate 76ms (cache revalidated)
3579 silly packumentCache full:https://registry.npmjs.org/util-deprecate set size:6674 disposed:false
3580 silly placeDep ROOT cssesc@3.0.0 OK for: postcss-selector-parser@7.1.1 want: ^3.0.0
3581 silly placeDep ROOT util-deprecate@1.0.2 OK for: postcss-selector-parser@7.1.1 want: ^1.0.2
3582 silly placeDep ROOT err-code@2.0.3 OK for: promise-retry@2.0.1 want: ^2.0.2
3583 silly placeDep ROOT retry@0.12.0 OK for: promise-retry@2.0.1 want: ^0.12.0
3584 silly placeDep ROOT string_decoder@1.3.0 OK for: readable-stream@3.6.2 want: ^1.1.1
3585 silly fetch manifest safe-buffer@~5.2.0
3586 silly packumentCache full:https://registry.npmjs.org/safe-buffer cache-miss
3587 http fetch GET 200 https://registry.npmjs.org/safe-buffer 54ms (cache miss)
3588 silly packumentCache full:https://registry.npmjs.org/safe-buffer set size:undefined disposed:false
3589 silly placeDep ROOT regenerate@1.4.2 OK for: regexpu-core@6.4.0 want: ^1.4.2
3590 silly placeDep ROOT regenerate-unicode-properties@10.2.2 OK for: regexpu-core@6.4.0 want: ^10.2.2
3591 silly placeDep ROOT regjsgen@0.8.0 OK for: regexpu-core@6.4.0 want: ^0.8.0
3592 silly placeDep ROOT regjsparser@0.13.1 OK for: regexpu-core@6.4.0 want: ^0.13.0
3593 silly placeDep ROOT unicode-match-property-ecmascript@2.0.0 OK for: regexpu-core@6.4.0 want: ^2.0.0
3594 silly placeDep ROOT unicode-match-property-value-ecmascript@2.2.1 OK for: regexpu-core@6.4.0 want: ^2.2.1
3595 silly fetch manifest unicode-canonical-property-names-ecmascript@^2.0.0
3596 silly packumentCache full:https://registry.npmjs.org/unicode-canonical-property-names-ecmascript cache-miss
3597 silly fetch manifest unicode-property-aliases-ecmascript@^2.0.0
3598 silly packumentCache full:https://registry.npmjs.org/unicode-property-aliases-ecmascript cache-miss
3599 http fetch GET 200 https://registry.npmjs.org/unicode-canonical-property-names-ecmascript 52ms (cache miss)
3600 silly packumentCache full:https://registry.npmjs.org/unicode-canonical-property-names-ecmascript set size:undefined disposed:false
3601 http fetch GET 200 https://registry.npmjs.org/unicode-property-aliases-ecmascript 55ms (cache miss)
3602 silly packumentCache full:https://registry.npmjs.org/unicode-property-aliases-ecmascript set size:undefined disposed:false
3603 silly placeDep ROOT is-core-module@2.16.1 OK for: resolve@1.22.8 want: ^2.13.0
3604 silly placeDep ROOT path-parse@1.0.7 OK for: resolve@1.22.8 want: ^1.0.7
3605 silly placeDep ROOT supports-preserve-symlinks-flag@1.0.0 OK for: resolve@1.22.8 want: ^1.0.0
3606 silly fetch manifest hasown@^2.0.2
3607 silly packumentCache full:https://registry.npmjs.org/hasown cache-miss
3608 http fetch GET 200 https://registry.npmjs.org/hasown 50ms (cache miss)
3609 silly packumentCache full:https://registry.npmjs.org/hasown set size:undefined disposed:false
3610 silly placeDep ROOT hasown@2.0.3 OK for: is-core-module@2.16.1 want: ^2.0.2
3611 silly fetch manifest function-bind@^1.1.2
3612 silly packumentCache full:https://registry.npmjs.org/function-bind cache-miss
3613 http fetch GET 200 https://registry.npmjs.org/function-bind 52ms (cache miss)
3614 silly packumentCache full:https://registry.npmjs.org/function-bind set size:undefined disposed:false
3615 silly placeDep ROOT function-bind@1.1.2 OK for: hasown@2.0.3 want: ^1.1.2
3616 silly placeDep ROOT adjust-sourcemap-loader@4.0.0 OK for: resolve-url-loader@5.0.0 want: ^4.0.0
3617 silly placeDep node_modules/resolve-url-loader loader-utils@2.0.4 OK for: resolve-url-loader@5.0.0 want: ^2.0.0
3618 silly placeDep node_modules/resolve-url-loader source-map@0.6.1 OK for: resolve-url-loader@5.0.0 want: 0.6.1
3619 silly fetch manifest regex-parser@^2.2.11
3620 silly packumentCache full:https://registry.npmjs.org/regex-parser cache-miss
3621 silly fetch manifest big.js@^5.2.2
3622 silly packumentCache full:https://registry.npmjs.org/big.js cache-miss
3623 silly fetch manifest emojis-list@^3.0.0
3624 silly packumentCache full:https://registry.npmjs.org/emojis-list cache-miss
3625 http fetch GET 200 https://registry.npmjs.org/emojis-list 63ms (cache miss)
3626 silly packumentCache full:https://registry.npmjs.org/emojis-list set size:undefined disposed:false
3627 http fetch GET 200 https://registry.npmjs.org/regex-parser 68ms (cache miss)
3628 silly packumentCache full:https://registry.npmjs.org/regex-parser set size:undefined disposed:false
3629 http fetch GET 200 https://registry.npmjs.org/big.js 72ms (cache miss)
3630 silly packumentCache full:https://registry.npmjs.org/big.js set size:undefined disposed:false
3631 silly placeDep node_modules/adjust-sourcemap-loader loader-utils@2.0.4 OK for: adjust-sourcemap-loader@4.0.0 want: ^2.0.0
3632 silly placeDep ROOT regex-parser@2.3.1 OK for: adjust-sourcemap-loader@4.0.0 want: ^2.2.11
3633 silly placeDep ROOT onetime@7.0.0 OK for: restore-cursor@5.1.0 want: ^7.0.0
3634 silly fetch manifest mimic-function@^5.0.0
3635 silly packumentCache full:https://registry.npmjs.org/mimic-function cache-miss
3636 http fetch GET 200 https://registry.npmjs.org/mimic-function 38ms (cache miss)
3637 silly packumentCache full:https://registry.npmjs.org/mimic-function set size:undefined disposed:false
3638 silly placeDep ROOT mimic-function@5.0.1 OK for: onetime@7.0.0 want: ^5.0.0
3639 silly placeDep ROOT @rollup/rollup-android-arm-eabi@4.22.4 OK for: rollup@4.22.4 want: 4.22.4
3640 silly placeDep ROOT @rollup/rollup-android-arm64@4.22.4 OK for: rollup@4.22.4 want: 4.22.4
3641 silly placeDep ROOT @rollup/rollup-darwin-arm64@4.22.4 OK for: rollup@4.22.4 want: 4.22.4
3642 silly placeDep ROOT @rollup/rollup-darwin-x64@4.22.4 OK for: rollup@4.22.4 want: 4.22.4
3643 silly placeDep ROOT @rollup/rollup-linux-arm-gnueabihf@4.22.4 OK for: rollup@4.22.4 want: 4.22.4
3644 silly placeDep ROOT @rollup/rollup-linux-arm-musleabihf@4.22.4 OK for: rollup@4.22.4 want: 4.22.4
3645 silly placeDep ROOT @rollup/rollup-linux-arm64-gnu@4.22.4 OK for: rollup@4.22.4 want: 4.22.4
3646 silly placeDep ROOT @rollup/rollup-linux-arm64-musl@4.22.4 OK for: rollup@4.22.4 want: 4.22.4
3647 silly placeDep ROOT @rollup/rollup-linux-powerpc64le-gnu@4.22.4 OK for: rollup@4.22.4 want: 4.22.4
3648 silly placeDep ROOT @rollup/rollup-linux-riscv64-gnu@4.22.4 OK for: rollup@4.22.4 want: 4.22.4
3649 silly placeDep ROOT @rollup/rollup-linux-s390x-gnu@4.22.4 OK for: rollup@4.22.4 want: 4.22.4
3650 silly placeDep ROOT @rollup/rollup-linux-x64-gnu@4.22.4 OK for: rollup@4.22.4 want: 4.22.4
3651 silly placeDep ROOT @rollup/rollup-linux-x64-musl@4.22.4 OK for: rollup@4.22.4 want: 4.22.4
3652 silly placeDep ROOT @rollup/rollup-win32-arm64-msvc@4.22.4 OK for: rollup@4.22.4 want: 4.22.4
3653 silly placeDep ROOT @rollup/rollup-win32-ia32-msvc@4.22.4 OK for: rollup@4.22.4 want: 4.22.4
3654 silly placeDep ROOT @rollup/rollup-win32-x64-msvc@4.22.4 OK for: rollup@4.22.4 want: 4.22.4
3655 silly placeDep ROOT @types/estree@1.0.5 OK for: rollup@4.22.4 want: 1.0.5
3656 silly placeDep ROOT fsevents@2.3.3 OK for: rollup@4.22.4 want: ~2.3.2
3657 silly placeDep ROOT queue-microtask@1.2.3 OK for: run-parallel@1.2.0 want: ^1.2.2
3658 silly placeDep node_modules/sass chokidar@3.6.0 OK for: sass@1.77.6 want: >=3.0.0 <4.0.0
3659 silly placeDep ROOT immutable@4.3.8 OK for: sass@1.77.6 want: ^4.0.0
3660 silly fetch manifest anymatch@~3.1.2
3661 silly packumentCache full:https://registry.npmjs.org/anymatch cache-miss
3662 silly fetch manifest readdirp@~3.6.0
3663 silly packumentCache full:https://registry.npmjs.org/readdirp cache-miss
3664 silly fetch manifest glob-parent@~5.1.2
3665 silly packumentCache full:https://registry.npmjs.org/glob-parent cache-hit
3666 silly fetch manifest is-binary-path@~2.1.0
3667 silly packumentCache full:https://registry.npmjs.org/is-binary-path cache-miss
3668 http fetch GET 200 https://registry.npmjs.org/is-binary-path 52ms (cache miss)
3669 silly packumentCache full:https://registry.npmjs.org/is-binary-path set size:undefined disposed:false
3670 http fetch GET 200 https://registry.npmjs.org/anymatch 59ms (cache miss)
3671 silly packumentCache full:https://registry.npmjs.org/anymatch set size:undefined disposed:false
3672 http fetch GET 200 https://registry.npmjs.org/readdirp 68ms (cache revalidated)
3673 silly packumentCache full:https://registry.npmjs.org/readdirp set size:107589 disposed:false
3674 silly placeDep ROOT neo-async@2.6.2 OK for: sass-loader@16.0.0 want: ^2.6.2
3675 silly fetch manifest ajv@^8.9.0
3676 silly packumentCache full:https://registry.npmjs.org/ajv cache-miss
3677 http fetch GET 200 https://registry.npmjs.org/ajv 80ms (cache revalidated)
3678 silly packumentCache full:https://registry.npmjs.org/ajv set size:1120197 disposed:false
3679 silly placeDep ROOT @types/json-schema@7.0.15 OK for: schema-utils@4.3.3 want: ^7.0.9
3680 silly placeDep node_modules/schema-utils ajv-formats@2.1.1 OK for: schema-utils@4.3.3 want: ^2.1.1
3681 silly placeDep ROOT ajv-keywords@5.1.0 OK for: schema-utils@4.3.3 want: ^5.1.0
3682 silly placeDep ROOT randombytes@2.1.0 OK for: serialize-javascript@6.0.2 want: ^2.1.0
3683 silly fetch manifest safe-buffer@^5.1.0
3684 silly packumentCache full:https://registry.npmjs.org/safe-buffer cache-miss
3685 http fetch GET 200 https://registry.npmjs.org/safe-buffer 66ms (cache revalidated)
3686 silly packumentCache full:https://registry.npmjs.org/safe-buffer set size:41183 disposed:false
3687 silly placeDep ROOT safe-buffer@5.2.1 OK for: randombytes@2.1.0 want: ^5.1.0
3688 silly placeDep ROOT shebang-regex@3.0.0 OK for: shebang-command@2.0.0 want: ^3.0.0
3689 silly placeDep ROOT @sigstore/bundle@2.3.2 OK for: sigstore@2.3.1 want: ^2.3.2
3690 silly placeDep ROOT @sigstore/core@1.1.0 OK for: sigstore@2.3.1 want: ^1.0.0
3691 silly placeDep ROOT @sigstore/protobuf-specs@0.3.3 OK for: sigstore@2.3.1 want: ^0.3.2
3692 silly placeDep ROOT @sigstore/sign@2.3.2 OK for: sigstore@2.3.1 want: ^2.3.2
3693 silly placeDep ROOT @sigstore/tuf@2.3.4 OK for: sigstore@2.3.1 want: ^2.3.4
3694 silly placeDep ROOT @sigstore/verify@1.2.1 OK for: sigstore@2.3.1 want: ^1.2.1
3695 silly fetch manifest tuf-js@^2.2.1
3696 silly packumentCache full:https://registry.npmjs.org/tuf-js cache-miss
3697 http fetch GET 200 https://registry.npmjs.org/tuf-js 68ms (cache miss)
3698 silly packumentCache full:https://registry.npmjs.org/tuf-js set size:undefined disposed:false
3699 silly placeDep ROOT tuf-js@2.2.1 OK for: @sigstore/tuf@2.3.4 want: ^2.2.1
3700 silly fetch manifest @tufjs/models@2.0.1
3701 silly packumentCache full:https://registry.npmjs.org/@tufjs%2fmodels cache-miss
3702 http fetch GET 200 https://registry.npmjs.org/@tufjs%2fmodels 65ms (cache miss)
3703 silly packumentCache full:https://registry.npmjs.org/@tufjs%2fmodels set size:undefined disposed:false
3704 silly placeDep node_modules/slice-ansi ansi-styles@6.2.3 OK for: slice-ansi@5.0.0 want: ^6.0.0
3705 silly placeDep ROOT is-fullwidth-code-point@4.0.0 OK for: slice-ansi@5.0.0 want: ^4.0.0
3706 silly placeDep node_modules/sockjs-client debug@3.2.7 OK for: sockjs-client@1.6.1 want: ^3.2.7
3707 silly placeDep ROOT eventsource@2.0.2 OK for: sockjs-client@1.6.1 want: ^2.0.2
3708 silly placeDep ROOT faye-websocket@0.11.4 OK for: sockjs-client@1.6.1 want: ^0.11.4
3709 silly placeDep ROOT url-parse@1.5.10 OK for: sockjs-client@1.6.1 want: ^1.5.10
3710 silly fetch manifest websocket-driver@>=0.5.1
3711 silly packumentCache full:https://registry.npmjs.org/websocket-driver cache-miss
3712 silly fetch manifest querystringify@^2.1.1
3713 silly packumentCache full:https://registry.npmjs.org/querystringify cache-miss
3714 http fetch GET 200 https://registry.npmjs.org/websocket-driver 57ms (cache miss)
3715 silly packumentCache full:https://registry.npmjs.org/websocket-driver set size:undefined disposed:false
3716 http fetch GET 200 https://registry.npmjs.org/querystringify 71ms (cache miss)
3717 silly packumentCache full:https://registry.npmjs.org/querystringify set size:undefined disposed:false
3718 silly placeDep ROOT websocket-driver@0.7.4 OK for: faye-websocket@0.11.4 want: >=0.5.1
3719 silly fetch manifest http-parser-js@>=0.5.1
3720 silly packumentCache full:https://registry.npmjs.org/http-parser-js cache-miss
3721 silly fetch manifest websocket-extensions@>=0.1.1
3722 silly packumentCache full:https://registry.npmjs.org/websocket-extensions cache-miss
3723 http fetch GET 200 https://registry.npmjs.org/http-parser-js 64ms (cache miss)
3724 silly packumentCache full:https://registry.npmjs.org/http-parser-js set size:undefined disposed:false
3725 http fetch GET 200 https://registry.npmjs.org/websocket-extensions 67ms (cache miss)
3726 silly packumentCache full:https://registry.npmjs.org/websocket-extensions set size:undefined disposed:false
3727 silly placeDep ROOT socks@2.8.7 OK for: socks-proxy-agent@8.0.5 want: ^2.8.3
3728 silly fetch manifest ip-address@^10.0.1
3729 silly packumentCache full:https://registry.npmjs.org/ip-address cache-miss
3730 silly fetch manifest smart-buffer@^4.2.0
3731 silly packumentCache full:https://registry.npmjs.org/smart-buffer cache-miss
3732 http fetch GET 200 https://registry.npmjs.org/smart-buffer 63ms (cache miss)
3733 silly packumentCache full:https://registry.npmjs.org/smart-buffer set size:undefined disposed:false
3734 http fetch GET 200 https://registry.npmjs.org/ip-address 70ms (cache miss)
3735 silly packumentCache full:https://registry.npmjs.org/ip-address set size:undefined disposed:false
3736 silly placeDep ROOT ip-address@10.1.0 OK for: socks@2.8.7 want: ^10.0.1
3737 silly placeDep ROOT smart-buffer@4.2.0 OK for: socks@2.8.7 want: ^4.2.0
3738 silly placeDep node_modules/source-map-loader iconv-lite@0.6.3 OK for: source-map-loader@5.0.0 want: ^0.6.3
3739 silly placeDep ROOT buffer-from@1.1.2 OK for: source-map-support@0.5.21 want: ^1.0.0
3740 silly placeDep node_modules/source-map-support source-map@0.6.1 OK for: source-map-support@0.5.21 want: ^0.6.0
3741 silly placeDep ROOT emoji-regex@10.6.0 OK for: string-width@7.2.0 want: ^10.3.0
3742 silly placeDep ROOT get-east-asian-width@1.5.0 OK for: string-width@7.2.0 want: ^1.0.0
3743 silly placeDep node_modules/string-width strip-ansi@7.2.0 OK for: string-width@7.2.0 want: ^7.1.0
3744 silly placeDep node_modules/string-width-cjs emoji-regex@8.0.0 OK for: string-width@4.2.3 want: ^8.0.0
3745 silly placeDep node_modules/string-width-cjs is-fullwidth-code-point@3.0.0 OK for: string-width@4.2.3 want: ^3.0.0
3746 silly placeDep ROOT ansi-regex@5.0.1 OK for: strip-ansi@6.0.1 want: ^5.0.1
3747 silly placeDep ROOT has-flag@4.0.0 OK for: supports-color@7.2.0 want: ^4.0.0
3748 silly placeDep ROOT chownr@2.0.0 OK for: tar@6.2.1 want: ^2.0.0
3749 silly placeDep node_modules/tar fs-minipass@2.1.0 OK for: tar@6.2.1 want: ^2.0.0
3750 silly placeDep node_modules/tar minipass@5.0.0 OK for: tar@6.2.1 want: ^5.0.0
3751 silly placeDep ROOT mkdirp@1.0.4 OK for: tar@6.2.1 want: ^1.0.3
3752 silly placeDep node_modules/tar yallist@4.0.0 OK for: tar@6.2.1 want: ^4.0.0
3753 silly placeDep ROOT @jridgewell/source-map@0.3.11 OK for: terser@5.31.6 want: ^0.3.3
3754 silly placeDep ROOT acorn@8.16.0 OK for: terser@5.31.6 want: ^8.8.2
3755 silly placeDep ROOT commander@2.20.3 OK for: terser@5.31.6 want: ^2.20.0
3756 silly placeDep ROOT os-tmpdir@1.0.2 OK for: tmp@0.0.33 want: ~1.0.2
3757 silly placeDep ROOT is-number@7.0.0 OK for: to-regex-range@5.0.1 want: ^7.0.0
3758 silly placeDep ROOT @tufjs/models@2.0.1 OK for: tuf-js@2.2.1 want: 2.0.1
3759 silly fetch manifest @tufjs/canonical-json@2.0.0
3760 silly packumentCache full:https://registry.npmjs.org/@tufjs%2fcanonical-json cache-miss
3761 http fetch GET 200 https://registry.npmjs.org/@tufjs%2fcanonical-json 69ms (cache miss)
3762 silly packumentCache full:https://registry.npmjs.org/@tufjs%2fcanonical-json set size:undefined disposed:false
3763 silly placeDep ROOT @tufjs/canonical-json@2.0.0 OK for: @tufjs/models@2.0.1 want: 2.0.0
3764 silly placeDep ROOT unicode-canonical-property-names-ecmascript@2.0.1 OK for: unicode-match-property-ecmascript@2.0.0 want: ^2.0.0
3765 silly placeDep ROOT unicode-property-aliases-ecmascript@2.2.0 OK for: unicode-match-property-ecmascript@2.0.0 want: ^2.0.0
3766 silly placeDep ROOT unique-slug@4.0.0 OK for: unique-filename@3.0.0 want: ^4.0.0
3767 silly fetch manifest imurmurhash@^0.1.4
3768 silly packumentCache full:https://registry.npmjs.org/imurmurhash cache-miss
3769 http fetch GET 200 https://registry.npmjs.org/imurmurhash 44ms (cache miss)
3770 silly packumentCache full:https://registry.npmjs.org/imurmurhash set size:undefined disposed:false
3771 silly placeDep ROOT imurmurhash@0.1.4 OK for: unique-slug@4.0.0 want: ^0.1.4
3772 silly placeDep ROOT escalade@3.2.0 OK for: update-browserslist-db@1.2.3 want: ^3.2.0
3773 silly placeDep ROOT querystringify@2.2.0 OK for: url-parse@1.5.10 want: ^2.1.1
3774 silly placeDep ROOT spdx-correct@3.2.0 OK for: validate-npm-package-license@3.0.4 want: ^3.0.0
3775 silly placeDep ROOT spdx-expression-parse@3.0.1 OK for: validate-npm-package-license@3.0.4 want: ^3.0.0
3776 silly fetch manifest spdx-license-ids@^3.0.0
3777 silly packumentCache full:https://registry.npmjs.org/spdx-license-ids cache-miss
3778 silly fetch manifest spdx-exceptions@^2.1.0
3779 silly packumentCache full:https://registry.npmjs.org/spdx-exceptions cache-miss
3780 silly fetch manifest spdx-license-ids@^3.0.0
3781 silly packumentCache full:https://registry.npmjs.org/spdx-license-ids cache-miss
3782 http fetch GET 200 https://registry.npmjs.org/spdx-exceptions 75ms (cache miss)
3783 silly packumentCache full:https://registry.npmjs.org/spdx-exceptions set size:undefined disposed:false
3784 http fetch GET 200 https://registry.npmjs.org/spdx-license-ids 78ms (cache miss)
3785 silly packumentCache full:https://registry.npmjs.org/spdx-license-ids set size:undefined disposed:false
3786 http fetch GET 200 https://registry.npmjs.org/spdx-license-ids 82ms (cache miss)
3787 silly packumentCache full:https://registry.npmjs.org/spdx-license-ids set size:undefined disposed:false
3788 silly placeDep ROOT spdx-license-ids@3.0.23 OK for: spdx-correct@3.2.0 want: ^3.0.0
3789 silly placeDep ROOT spdx-exceptions@2.5.0 OK for: spdx-expression-parse@3.0.1 want: ^2.1.0
3790 silly placeDep node_modules/vite esbuild@0.21.5 OK for: vite@5.4.21 want: ^0.21.3
3791 silly placeDep node_modules/vite postcss@8.5.10 OK for: vite@5.4.21 want: ^8.4.43
3792 silly fetch manifest @esbuild/aix-ppc64@0.21.5
3793 silly packumentCache full:https://registry.npmjs.org/@esbuild%2faix-ppc64 cache-miss
3794 silly fetch manifest @esbuild/linux-arm@0.21.5
3795 silly packumentCache full:https://registry.npmjs.org/@esbuild%2flinux-arm cache-miss
3796 silly fetch manifest @esbuild/linux-x64@0.21.5
3797 silly packumentCache full:https://registry.npmjs.org/@esbuild%2flinux-x64 cache-miss
3798 http fetch GET 200 https://registry.npmjs.org/@esbuild%2faix-ppc64 80ms (cache revalidated)
3799 silly packumentCache full:https://registry.npmjs.org/@esbuild%2faix-ppc64 set size:64314 disposed:false
3800 silly fetch manifest @esbuild/sunos-x64@0.21.5
3801 silly packumentCache full:https://registry.npmjs.org/@esbuild%2fsunos-x64 cache-miss
3802 http fetch GET 200 https://registry.npmjs.org/@esbuild%2flinux-x64 90ms (cache revalidated)
3803 silly packumentCache full:https://registry.npmjs.org/@esbuild%2flinux-x64 set size:195479 disposed:false
3804 silly fetch manifest @esbuild/win32-x64@0.21.5
3805 silly packumentCache full:https://registry.npmjs.org/@esbuild%2fwin32-x64 cache-miss
3806 http fetch GET 200 https://registry.npmjs.org/@esbuild%2flinux-arm 119ms (cache revalidated)
3807 silly packumentCache full:https://registry.npmjs.org/@esbuild%2flinux-arm set size:195140 disposed:false
3808 silly fetch manifest @esbuild/darwin-x64@0.21.5
3809 silly packumentCache full:https://registry.npmjs.org/@esbuild%2fdarwin-x64 cache-miss
3810 http fetch GET 200 https://registry.npmjs.org/@esbuild%2fwin32-x64 103ms (cache revalidated)
3811 silly packumentCache full:https://registry.npmjs.org/@esbuild%2fwin32-x64 set size:194073 disposed:false
3812 silly fetch manifest @esbuild/linux-ia32@0.21.5
3813 silly packumentCache full:https://registry.npmjs.org/@esbuild%2flinux-ia32 cache-miss
3814 http fetch GET 200 https://registry.npmjs.org/@esbuild%2fdarwin-x64 94ms (cache revalidated)
3815 silly packumentCache full:https://registry.npmjs.org/@esbuild%2fdarwin-x64 set size:196195 disposed:false
3816 silly fetch manifest @esbuild/netbsd-x64@0.21.5
3817 silly packumentCache full:https://registry.npmjs.org/@esbuild%2fnetbsd-x64 cache-miss
3818 http fetch GET 200 https://registry.npmjs.org/@esbuild%2flinux-ia32 78ms (cache revalidated)
3819 silly packumentCache full:https://registry.npmjs.org/@esbuild%2flinux-ia32 set size:196150 disposed:false
3820 silly fetch manifest @esbuild/win32-ia32@0.21.5
3821 silly packumentCache full:https://registry.npmjs.org/@esbuild%2fwin32-ia32 cache-miss
3822 http fetch GET 200 https://registry.npmjs.org/@esbuild%2fnetbsd-x64 84ms (cache revalidated)
3823 silly packumentCache full:https://registry.npmjs.org/@esbuild%2fnetbsd-x64 set size:193883 disposed:false
3824 silly fetch manifest @esbuild/android-arm@0.21.5
3825 silly packumentCache full:https://registry.npmjs.org/@esbuild%2fandroid-arm cache-miss
3826 http fetch GET 200 https://registry.npmjs.org/@esbuild%2fandroid-arm 94ms (cache revalidated)
3827 silly packumentCache full:https://registry.npmjs.org/@esbuild%2fandroid-arm set size:221749 disposed:false
3828 silly fetch manifest @esbuild/android-x64@0.21.5
3829 silly packumentCache full:https://registry.npmjs.org/@esbuild%2fandroid-x64 cache-miss
3830 http fetch GET 200 https://registry.npmjs.org/@esbuild%2fsunos-x64 377ms (cache revalidated)
3831 silly packumentCache full:https://registry.npmjs.org/@esbuild%2fsunos-x64 set size:195721 disposed:false
3832 silly fetch manifest @esbuild/freebsd-x64@0.21.5
3833 silly packumentCache full:https://registry.npmjs.org/@esbuild%2ffreebsd-x64 cache-miss
3834 http fetch GET 200 https://registry.npmjs.org/@esbuild%2fandroid-x64 84ms (cache revalidated)
3835 silly packumentCache full:https://registry.npmjs.org/@esbuild%2fandroid-x64 set size:195551 disposed:false
3836 silly fetch manifest @esbuild/linux-arm64@0.21.5
3837 silly packumentCache full:https://registry.npmjs.org/@esbuild%2flinux-arm64 cache-miss
3838 http fetch GET 200 https://registry.npmjs.org/@esbuild%2ffreebsd-x64 78ms (cache revalidated)
3839 silly packumentCache full:https://registry.npmjs.org/@esbuild%2ffreebsd-x64 set size:197070 disposed:false
3840 silly fetch manifest @esbuild/linux-ppc64@0.21.5
3841 silly packumentCache full:https://registry.npmjs.org/@esbuild%2flinux-ppc64 cache-miss
3842 http fetch GET 200 https://registry.npmjs.org/@esbuild%2flinux-arm64 100ms (cache revalidated)
3843 silly packumentCache full:https://registry.npmjs.org/@esbuild%2flinux-arm64 set size:197274 disposed:false
3844 silly fetch manifest @esbuild/linux-s390x@0.21.5
3845 silly packumentCache full:https://registry.npmjs.org/@esbuild%2flinux-s390x cache-miss
3846 http fetch GET 200 https://registry.npmjs.org/@esbuild%2fwin32-ia32 365ms (cache revalidated)
3847 silly packumentCache full:https://registry.npmjs.org/@esbuild%2fwin32-ia32 set size:196374 disposed:false
3848 silly fetch manifest @esbuild/openbsd-x64@0.21.5
3849 silly packumentCache full:https://registry.npmjs.org/@esbuild%2fopenbsd-x64 cache-miss
3850 http fetch GET 200 https://registry.npmjs.org/@esbuild%2flinux-ppc64 121ms (cache revalidated)
3851 silly packumentCache full:https://registry.npmjs.org/@esbuild%2flinux-ppc64 set size:199310 disposed:false
3852 silly fetch manifest @esbuild/win32-arm64@0.21.5
3853 silly packumentCache full:https://registry.npmjs.org/@esbuild%2fwin32-arm64 cache-miss
3854 http fetch GET 200 https://registry.npmjs.org/@esbuild%2flinux-s390x 149ms (cache revalidated)
3855 silly packumentCache full:https://registry.npmjs.org/@esbuild%2flinux-s390x set size:198784 disposed:false
3856 silly fetch manifest @esbuild/darwin-arm64@0.21.5
3857 silly packumentCache full:https://registry.npmjs.org/@esbuild%2fdarwin-arm64 cache-miss
3858 http fetch GET 200 https://registry.npmjs.org/@esbuild%2fopenbsd-x64 115ms (cache revalidated)
3859 silly packumentCache full:https://registry.npmjs.org/@esbuild%2fopenbsd-x64 set size:197080 disposed:false
3860 silly fetch manifest @esbuild/android-arm64@0.21.5
3861 silly packumentCache full:https://registry.npmjs.org/@esbuild%2fandroid-arm64 cache-miss
3862 http fetch GET 200 https://registry.npmjs.org/@esbuild%2fwin32-arm64 130ms (cache revalidated)
3863 silly packumentCache full:https://registry.npmjs.org/@esbuild%2fwin32-arm64 set size:197504 disposed:false
3864 silly fetch manifest @esbuild/freebsd-arm64@0.21.5
3865 silly packumentCache full:https://registry.npmjs.org/@esbuild%2ffreebsd-arm64 cache-miss
3866 http fetch GET 200 https://registry.npmjs.org/@esbuild%2fandroid-arm64 92ms (cache revalidated)
3867 silly packumentCache full:https://registry.npmjs.org/@esbuild%2fandroid-arm64 set size:200684 disposed:false
3868 silly fetch manifest @esbuild/linux-loong64@0.21.5
3869 silly packumentCache full:https://registry.npmjs.org/@esbuild%2flinux-loong64 cache-miss
3870 http fetch GET 200 https://registry.npmjs.org/@esbuild%2fdarwin-arm64 113ms (cache revalidated)
3871 silly packumentCache full:https://registry.npmjs.org/@esbuild%2fdarwin-arm64 set size:197958 disposed:false
3872 silly fetch manifest @esbuild/linux-riscv64@0.21.5
3873 silly packumentCache full:https://registry.npmjs.org/@esbuild%2flinux-riscv64 cache-miss
3874 http fetch GET 200 https://registry.npmjs.org/@esbuild%2ffreebsd-arm64 100ms (cache revalidated)
3875 silly packumentCache full:https://registry.npmjs.org/@esbuild%2ffreebsd-arm64 set size:198853 disposed:false
3876 silly fetch manifest @esbuild/linux-mips64el@0.21.5
3877 silly packumentCache full:https://registry.npmjs.org/@esbuild%2flinux-mips64el cache-miss
3878 http fetch GET 200 https://registry.npmjs.org/@esbuild%2flinux-riscv64 94ms (cache revalidated)
3879 silly packumentCache full:https://registry.npmjs.org/@esbuild%2flinux-riscv64 set size:198981 disposed:false
3880 http fetch GET 200 https://registry.npmjs.org/@esbuild%2flinux-mips64el 92ms (cache revalidated)
3881 silly packumentCache full:https://registry.npmjs.org/@esbuild%2flinux-mips64el set size:201062 disposed:false
3882 http fetch GET 200 https://registry.npmjs.org/@esbuild%2flinux-loong64 175ms (cache revalidated)
3883 silly packumentCache full:https://registry.npmjs.org/@esbuild%2flinux-loong64 set size:252211 disposed:false
3884 silly placeDep ROOT glob-to-regexp@0.4.1 OK for: watchpack@2.4.1 want: ^0.4.1
3885 silly placeDep ROOT defaults@1.0.4 OK for: wcwidth@1.0.1 want: ^1.0.3
3886 silly fetch manifest clone@^1.0.2
3887 silly packumentCache full:https://registry.npmjs.org/clone cache-miss
3888 http fetch GET 200 https://registry.npmjs.org/clone 60ms (cache miss)
3889 silly packumentCache full:https://registry.npmjs.org/clone set size:undefined disposed:false
3890 silly placeDep ROOT clone@1.0.4 OK for: defaults@1.0.4 want: ^1.0.2
3891 silly fetch manifest webpack@^5.1.0
3892 silly packumentCache full:https://registry.npmjs.org/webpack cache-miss
3893 http fetch GET 200 https://registry.npmjs.org/webpack 167ms (cache revalidated)
3894 silly packumentCache full:https://registry.npmjs.org/webpack set size:5004069 disposed:false
3895 silly placeDep ROOT @webassemblyjs/ast@1.14.1 OK for: webpack@5.94.0 want: ^1.12.1
3896 silly placeDep ROOT @webassemblyjs/wasm-edit@1.14.1 OK for: webpack@5.94.0 want: ^1.12.1
3897 silly placeDep ROOT @webassemblyjs/wasm-parser@1.14.1 OK for: webpack@5.94.0 want: ^1.12.1
3898 silly placeDep ROOT acorn-import-attributes@1.9.5 OK for: webpack@5.94.0 want: ^1.9.5
3899 silly placeDep ROOT chrome-trace-event@1.0.4 OK for: webpack@5.94.0 want: ^1.0.2
3900 silly placeDep ROOT enhanced-resolve@5.20.1 OK for: webpack@5.94.0 want: ^5.17.1
3901 silly placeDep ROOT es-module-lexer@1.7.0 OK for: webpack@5.94.0 want: ^1.2.1
3902 silly placeDep ROOT eslint-scope@5.1.1 OK for: webpack@5.94.0 want: 5.1.1
3903 silly placeDep ROOT events@3.3.0 OK for: webpack@5.94.0 want: ^3.2.0
3904 silly placeDep node_modules/webpack json-parse-even-better-errors@2.3.1 OK for: webpack@5.94.0 want: ^2.3.1
3905 silly placeDep ROOT loader-runner@4.3.1 OK for: webpack@5.94.0 want: ^4.2.0
3906 silly placeDep ROOT mime-types@2.1.35 OK for: webpack@5.94.0 want: ^2.1.27
3907 silly placeDep node_modules/webpack schema-utils@3.3.0 OK for: webpack@5.94.0 want: ^3.2.0
3908 silly placeDep ROOT terser-webpack-plugin@5.4.0 OK for: webpack@5.94.0 want: ^5.3.10
3909 silly fetch manifest @webassemblyjs/helper-numbers@1.13.2
3910 silly packumentCache full:https://registry.npmjs.org/@webassemblyjs%2fhelper-numbers cache-miss
3911 silly fetch manifest @webassemblyjs/helper-wasm-bytecode@1.13.2
3912 silly packumentCache full:https://registry.npmjs.org/@webassemblyjs%2fhelper-wasm-bytecode cache-miss
3913 silly fetch manifest @webassemblyjs/helper-buffer@1.14.1
3914 silly packumentCache full:https://registry.npmjs.org/@webassemblyjs%2fhelper-buffer cache-miss
3915 http fetch GET 200 https://registry.npmjs.org/@webassemblyjs%2fhelper-numbers 65ms (cache miss)
3916 silly packumentCache full:https://registry.npmjs.org/@webassemblyjs%2fhelper-numbers set size:undefined disposed:false
3917 silly fetch manifest @webassemblyjs/helper-wasm-bytecode@1.13.2
3918 silly packumentCache full:https://registry.npmjs.org/@webassemblyjs%2fhelper-wasm-bytecode cache-miss
3919 http fetch GET 200 https://registry.npmjs.org/@webassemblyjs%2fhelper-buffer 91ms (cache miss)
3920 silly packumentCache full:https://registry.npmjs.org/@webassemblyjs%2fhelper-buffer set size:undefined disposed:false
3921 silly fetch manifest @webassemblyjs/helper-wasm-section@1.14.1
3922 silly packumentCache full:https://registry.npmjs.org/@webassemblyjs%2fhelper-wasm-section cache-miss
3923 http fetch GET 200 https://registry.npmjs.org/@webassemblyjs%2fhelper-wasm-bytecode 106ms (cache miss)
3924 silly packumentCache full:https://registry.npmjs.org/@webassemblyjs%2fhelper-wasm-bytecode set size:undefined disposed:false
3925 silly fetch manifest @webassemblyjs/wasm-gen@1.14.1
3926 silly packumentCache full:https://registry.npmjs.org/@webassemblyjs%2fwasm-gen cache-miss
3927 http fetch GET 200 https://registry.npmjs.org/@webassemblyjs%2fhelper-wasm-bytecode 91ms (cache miss)
3928 silly packumentCache full:https://registry.npmjs.org/@webassemblyjs%2fhelper-wasm-bytecode set size:undefined disposed:false
3929 silly fetch manifest @webassemblyjs/wasm-opt@1.14.1
3930 silly packumentCache full:https://registry.npmjs.org/@webassemblyjs%2fwasm-opt cache-miss
3931 http fetch GET 200 https://registry.npmjs.org/@webassemblyjs%2fhelper-wasm-section 103ms (cache miss)
3932 silly packumentCache full:https://registry.npmjs.org/@webassemblyjs%2fhelper-wasm-section set size:undefined disposed:false
3933 silly fetch manifest @webassemblyjs/wasm-parser@1.14.1
3934 silly packumentCache full:https://registry.npmjs.org/@webassemblyjs%2fwasm-parser cache-miss
3935 http fetch GET 200 https://registry.npmjs.org/@webassemblyjs%2fwasm-gen 131ms (cache miss)
3936 silly packumentCache full:https://registry.npmjs.org/@webassemblyjs%2fwasm-gen set size:undefined disposed:false
3937 silly fetch manifest @webassemblyjs/wast-printer@1.14.1
3938 silly packumentCache full:https://registry.npmjs.org/@webassemblyjs%2fwast-printer cache-miss
3939 http fetch GET 200 https://registry.npmjs.org/@webassemblyjs%2fwasm-opt 86ms (cache miss)
3940 silly packumentCache full:https://registry.npmjs.org/@webassemblyjs%2fwasm-opt set size:undefined disposed:false
3941 silly fetch manifest @webassemblyjs/helper-api-error@1.13.2
3942 silly packumentCache full:https://registry.npmjs.org/@webassemblyjs%2fhelper-api-error cache-miss
3943 http fetch GET 200 https://registry.npmjs.org/@webassemblyjs%2fwasm-parser 73ms (cache revalidated)
3944 silly packumentCache full:https://registry.npmjs.org/@webassemblyjs%2fwasm-parser set size:214115 disposed:false
3945 silly fetch manifest @webassemblyjs/ieee754@1.13.2
3946 silly packumentCache full:https://registry.npmjs.org/@webassemblyjs%2fieee754 cache-miss
3947 http fetch GET 200 https://registry.npmjs.org/@webassemblyjs%2fwast-printer 71ms (cache miss)
3948 silly packumentCache full:https://registry.npmjs.org/@webassemblyjs%2fwast-printer set size:undefined disposed:false
3949 silly fetch manifest @webassemblyjs/leb128@1.13.2
3950 silly packumentCache full:https://registry.npmjs.org/@webassemblyjs%2fleb128 cache-miss
3951 http fetch GET 200 https://registry.npmjs.org/@webassemblyjs%2fhelper-api-error 69ms (cache miss)
3952 silly packumentCache full:https://registry.npmjs.org/@webassemblyjs%2fhelper-api-error set size:undefined disposed:false
3953 silly fetch manifest @webassemblyjs/utf8@1.13.2
3954 silly packumentCache full:https://registry.npmjs.org/@webassemblyjs%2futf8 cache-miss
3955 http fetch GET 200 https://registry.npmjs.org/@webassemblyjs%2fieee754 68ms (cache miss)
3956 silly packumentCache full:https://registry.npmjs.org/@webassemblyjs%2fieee754 set size:undefined disposed:false
3957 silly fetch manifest esrecurse@^4.3.0
3958 silly packumentCache full:https://registry.npmjs.org/esrecurse cache-miss
3959 http fetch GET 200 https://registry.npmjs.org/@webassemblyjs%2futf8 87ms (cache miss)
3960 silly packumentCache full:https://registry.npmjs.org/@webassemblyjs%2futf8 set size:undefined disposed:false
3961 silly fetch manifest estraverse@^4.1.1
3962 silly packumentCache full:https://registry.npmjs.org/estraverse cache-miss
3963 http fetch GET 200 https://registry.npmjs.org/esrecurse 71ms (cache miss)
3964 silly packumentCache full:https://registry.npmjs.org/esrecurse set size:undefined disposed:false
3965 silly fetch manifest mime-db@1.52.0
3966 silly packumentCache full:https://registry.npmjs.org/mime-db cache-miss
3967 http fetch GET 200 https://registry.npmjs.org/@webassemblyjs%2fleb128 113ms (cache miss)
3968 silly packumentCache full:https://registry.npmjs.org/@webassemblyjs%2fleb128 set size:undefined disposed:false
3969 silly fetch manifest ajv@^6.12.5
3970 silly packumentCache full:https://registry.npmjs.org/ajv cache-miss
3971 http fetch GET 200 https://registry.npmjs.org/estraverse 56ms (cache miss)
3972 silly packumentCache full:https://registry.npmjs.org/estraverse set size:undefined disposed:false
3973 silly fetch manifest ajv-keywords@^3.5.2
3974 silly packumentCache full:https://registry.npmjs.org/ajv-keywords cache-miss
3975 http fetch GET 200 https://registry.npmjs.org/ajv 66ms (cache revalidated)
3976 silly packumentCache full:https://registry.npmjs.org/ajv set size:1120197 disposed:false
3977 silly fetch manifest jest-worker@^27.4.5
3978 silly packumentCache full:https://registry.npmjs.org/jest-worker cache-miss
3979 http fetch GET 200 https://registry.npmjs.org/mime-db 115ms (cache miss)
3980 silly packumentCache full:https://registry.npmjs.org/mime-db set size:undefined disposed:false
3981 http fetch GET 200 https://registry.npmjs.org/ajv-keywords 134ms (cache revalidated)
3982 silly packumentCache full:https://registry.npmjs.org/ajv-keywords set size:310004 disposed:false
3983 http fetch GET 200 https://registry.npmjs.org/jest-worker 95ms (cache miss)
3984 silly packumentCache full:https://registry.npmjs.org/jest-worker set size:undefined disposed:false
3985 silly placeDep ROOT @webassemblyjs/helper-numbers@1.13.2 OK for: @webassemblyjs/ast@1.14.1 want: 1.13.2
3986 silly placeDep ROOT @webassemblyjs/helper-wasm-bytecode@1.13.2 OK for: @webassemblyjs/ast@1.14.1 want: 1.13.2
3987 silly fetch manifest @xtuc/long@4.2.2
3988 silly packumentCache full:https://registry.npmjs.org/@xtuc%2flong cache-miss
3989 silly fetch manifest @webassemblyjs/floating-point-hex-parser@1.13.2
3990 silly packumentCache full:https://registry.npmjs.org/@webassemblyjs%2ffloating-point-hex-parser cache-miss
3991 http fetch GET 200 https://registry.npmjs.org/@xtuc%2flong 63ms (cache miss)
3992 silly packumentCache full:https://registry.npmjs.org/@xtuc%2flong set size:undefined disposed:false
3993 http fetch GET 200 https://registry.npmjs.org/@webassemblyjs%2ffloating-point-hex-parser 67ms (cache miss)
3994 silly packumentCache full:https://registry.npmjs.org/@webassemblyjs%2ffloating-point-hex-parser set size:undefined disposed:false
3995 silly placeDep ROOT @webassemblyjs/floating-point-hex-parser@1.13.2 OK for: @webassemblyjs/helper-numbers@1.13.2 want: 1.13.2
3996 silly placeDep ROOT @webassemblyjs/helper-api-error@1.13.2 OK for: @webassemblyjs/helper-numbers@1.13.2 want: 1.13.2
3997 silly placeDep ROOT @xtuc/long@4.2.2 OK for: @webassemblyjs/helper-numbers@1.13.2 want: 4.2.2
3998 silly placeDep ROOT @webassemblyjs/helper-buffer@1.14.1 OK for: @webassemblyjs/wasm-edit@1.14.1 want: 1.14.1
3999 silly placeDep ROOT @webassemblyjs/helper-wasm-section@1.14.1 OK for: @webassemblyjs/wasm-edit@1.14.1 want: 1.14.1
4000 silly placeDep ROOT @webassemblyjs/wasm-gen@1.14.1 OK for: @webassemblyjs/wasm-edit@1.14.1 want: 1.14.1
4001 silly placeDep ROOT @webassemblyjs/wasm-opt@1.14.1 OK for: @webassemblyjs/wasm-edit@1.14.1 want: 1.14.1
4002 silly placeDep ROOT @webassemblyjs/wast-printer@1.14.1 OK for: @webassemblyjs/wasm-edit@1.14.1 want: 1.14.1
4003 silly placeDep ROOT @webassemblyjs/ieee754@1.13.2 OK for: @webassemblyjs/wasm-gen@1.14.1 want: 1.13.2
4004 silly placeDep ROOT @webassemblyjs/leb128@1.13.2 OK for: @webassemblyjs/wasm-gen@1.14.1 want: 1.13.2
4005 silly placeDep ROOT @webassemblyjs/utf8@1.13.2 OK for: @webassemblyjs/wasm-gen@1.14.1 want: 1.13.2
4006 silly fetch manifest @xtuc/ieee754@^1.2.0
4007 silly packumentCache full:https://registry.npmjs.org/@xtuc%2fieee754 cache-miss
4008 http fetch GET 200 https://registry.npmjs.org/@xtuc%2fieee754 69ms (cache miss)
4009 silly packumentCache full:https://registry.npmjs.org/@xtuc%2fieee754 set size:undefined disposed:false
4010 silly placeDep ROOT @xtuc/ieee754@1.2.0 OK for: @webassemblyjs/ieee754@1.13.2 want: ^1.2.0
4011 silly placeDep ROOT esrecurse@4.3.0 OK for: eslint-scope@5.1.1 want: ^4.3.0
4012 silly placeDep ROOT estraverse@4.3.0 OK for: eslint-scope@5.1.1 want: ^4.1.1
4013 silly fetch manifest estraverse@^5.2.0
4014 silly packumentCache full:https://registry.npmjs.org/estraverse cache-miss
4015 http fetch GET 200 https://registry.npmjs.org/estraverse 57ms (cache revalidated)
4016 silly packumentCache full:https://registry.npmjs.org/estraverse set size:62412 disposed:false
4017 silly placeDep node_modules/esrecurse estraverse@5.3.0 OK for: esrecurse@4.3.0 want: ^5.2.0
4018 silly placeDep ROOT mime-db@1.52.0 OK for: mime-types@2.1.35 want: 1.52.0
4019 silly placeDep ROOT jest-worker@27.5.1 OK for: terser-webpack-plugin@5.4.0 want: ^27.4.5
4020 silly fetch manifest merge-stream@^2.0.0
4021 silly packumentCache full:https://registry.npmjs.org/merge-stream cache-miss
4022 silly fetch manifest supports-color@^8.0.0
4023 silly packumentCache full:https://registry.npmjs.org/supports-color cache-miss
4024 http fetch GET 200 https://registry.npmjs.org/merge-stream 62ms (cache miss)
4025 silly packumentCache full:https://registry.npmjs.org/merge-stream set size:undefined disposed:false
4026 http fetch GET 200 https://registry.npmjs.org/supports-color 83ms (cache revalidated)
4027 silly packumentCache full:https://registry.npmjs.org/supports-color set size:118680 disposed:false
4028 silly placeDep ROOT merge-stream@2.0.0 OK for: jest-worker@27.5.1 want: ^2.0.0
4029 silly placeDep node_modules/jest-worker supports-color@8.1.1 OK for: jest-worker@27.5.1 want: ^8.0.0
4030 silly placeDep ROOT memfs@4.57.2 OK for: webpack-dev-middleware@7.4.2 want: ^4.6.0
4031 silly placeDep ROOT on-finished@2.4.1 OK for: webpack-dev-middleware@7.4.2 want: ^2.4.1
4032 silly placeDep ROOT range-parser@1.2.1 OK for: webpack-dev-middleware@7.4.2 want: ^1.2.1
4033 silly fetch manifest @jsonjoy.com/fs-core@4.57.2
4034 silly packumentCache full:https://registry.npmjs.org/@jsonjoy.com%2ffs-core cache-miss
4035 silly fetch manifest @jsonjoy.com/fs-fsa@4.57.2
4036 silly packumentCache full:https://registry.npmjs.org/@jsonjoy.com%2ffs-fsa cache-miss
4037 silly fetch manifest @jsonjoy.com/fs-node@4.57.2
4038 silly packumentCache full:https://registry.npmjs.org/@jsonjoy.com%2ffs-node cache-miss
4039 http fetch GET 200 https://registry.npmjs.org/@jsonjoy.com%2ffs-core 84ms (cache miss)
4040 silly packumentCache full:https://registry.npmjs.org/@jsonjoy.com%2ffs-core set size:undefined disposed:false
4041 silly fetch manifest @jsonjoy.com/fs-node-builtins@4.57.2
4042 silly packumentCache full:https://registry.npmjs.org/@jsonjoy.com%2ffs-node-builtins cache-miss
4043 http fetch GET 200 https://registry.npmjs.org/@jsonjoy.com%2ffs-fsa 96ms (cache miss)
4044 silly packumentCache full:https://registry.npmjs.org/@jsonjoy.com%2ffs-fsa set size:undefined disposed:false
4045 silly fetch manifest @jsonjoy.com/fs-node-to-fsa@4.57.2
4046 silly packumentCache full:https://registry.npmjs.org/@jsonjoy.com%2ffs-node-to-fsa cache-miss
4047 http fetch GET 200 https://registry.npmjs.org/@jsonjoy.com%2ffs-node 112ms (cache miss)
4048 silly packumentCache full:https://registry.npmjs.org/@jsonjoy.com%2ffs-node set size:undefined disposed:false
4049 silly fetch manifest @jsonjoy.com/fs-node-utils@4.57.2
4050 silly packumentCache full:https://registry.npmjs.org/@jsonjoy.com%2ffs-node-utils cache-miss
4051 http fetch GET 200 https://registry.npmjs.org/@jsonjoy.com%2ffs-node-builtins 73ms (cache miss)
4052 silly packumentCache full:https://registry.npmjs.org/@jsonjoy.com%2ffs-node-builtins set size:undefined disposed:false
4053 silly fetch manifest @jsonjoy.com/fs-print@4.57.2
4054 silly packumentCache full:https://registry.npmjs.org/@jsonjoy.com%2ffs-print cache-miss
4055 http fetch GET 200 https://registry.npmjs.org/@jsonjoy.com%2ffs-node-to-fsa 71ms (cache miss)
4056 silly packumentCache full:https://registry.npmjs.org/@jsonjoy.com%2ffs-node-to-fsa set size:undefined disposed:false
4057 silly fetch manifest @jsonjoy.com/fs-snapshot@4.57.2
4058 silly packumentCache full:https://registry.npmjs.org/@jsonjoy.com%2ffs-snapshot cache-miss
4059 http fetch GET 200 https://registry.npmjs.org/@jsonjoy.com%2ffs-node-utils 72ms (cache miss)
4060 silly packumentCache full:https://registry.npmjs.org/@jsonjoy.com%2ffs-node-utils set size:undefined disposed:false
4061 silly fetch manifest @jsonjoy.com/json-pack@^1.11.0
4062 silly packumentCache full:https://registry.npmjs.org/@jsonjoy.com%2fjson-pack cache-miss
4063 http fetch GET 200 https://registry.npmjs.org/@jsonjoy.com%2ffs-print 64ms (cache miss)
4064 silly packumentCache full:https://registry.npmjs.org/@jsonjoy.com%2ffs-print set size:undefined disposed:false
4065 silly fetch manifest @jsonjoy.com/util@^1.9.0
4066 silly packumentCache full:https://registry.npmjs.org/@jsonjoy.com%2futil cache-miss
4067 http fetch GET 200 https://registry.npmjs.org/@jsonjoy.com%2ffs-snapshot 65ms (cache miss)
4068 silly packumentCache full:https://registry.npmjs.org/@jsonjoy.com%2ffs-snapshot set size:undefined disposed:false
4069 silly fetch manifest glob-to-regex.js@^1.0.1
4070 silly packumentCache full:https://registry.npmjs.org/glob-to-regex.js cache-miss
4071 http fetch GET 200 https://registry.npmjs.org/@jsonjoy.com%2fjson-pack 81ms (cache miss)
4072 silly packumentCache full:https://registry.npmjs.org/@jsonjoy.com%2fjson-pack set size:undefined disposed:false
4073 silly fetch manifest thingies@^2.5.0
4074 silly packumentCache full:https://registry.npmjs.org/thingies cache-miss
4075 http fetch GET 200 https://registry.npmjs.org/glob-to-regex.js 66ms (cache miss)
4076 silly packumentCache full:https://registry.npmjs.org/glob-to-regex.js set size:undefined disposed:false
4077 silly fetch manifest tree-dump@^1.0.3
4078 silly packumentCache full:https://registry.npmjs.org/tree-dump cache-miss
4079 http fetch GET 200 https://registry.npmjs.org/@jsonjoy.com%2futil 84ms (cache miss)
4080 silly packumentCache full:https://registry.npmjs.org/@jsonjoy.com%2futil set size:undefined disposed:false
4081 silly fetch manifest ee-first@1.1.1
4082 silly packumentCache full:https://registry.npmjs.org/ee-first cache-miss
4083 http fetch GET 200 https://registry.npmjs.org/thingies 69ms (cache miss)
4084 silly packumentCache full:https://registry.npmjs.org/thingies set size:undefined disposed:false
4085 http fetch GET 200 https://registry.npmjs.org/ee-first 62ms (cache miss)
4086 silly packumentCache full:https://registry.npmjs.org/ee-first set size:undefined disposed:false
4087 http fetch GET 200 https://registry.npmjs.org/tree-dump 75ms (cache miss)
4088 silly packumentCache full:https://registry.npmjs.org/tree-dump set size:undefined disposed:false
4089 silly fetch manifest tslib@^2.0.0
4090 silly packumentCache full:https://registry.npmjs.org/tslib cache-hit
4091 silly placeDep ROOT @jsonjoy.com/fs-core@4.57.2 OK for: memfs@4.57.2 want: 4.57.2
4092 silly placeDep ROOT @jsonjoy.com/fs-fsa@4.57.2 OK for: memfs@4.57.2 want: 4.57.2
4093 silly placeDep ROOT @jsonjoy.com/fs-node@4.57.2 OK for: memfs@4.57.2 want: 4.57.2
4094 silly placeDep ROOT @jsonjoy.com/fs-node-builtins@4.57.2 OK for: memfs@4.57.2 want: 4.57.2
4095 silly placeDep ROOT @jsonjoy.com/fs-node-to-fsa@4.57.2 OK for: memfs@4.57.2 want: 4.57.2
4096 silly placeDep ROOT @jsonjoy.com/fs-node-utils@4.57.2 OK for: memfs@4.57.2 want: 4.57.2
4097 silly placeDep ROOT @jsonjoy.com/fs-print@4.57.2 OK for: memfs@4.57.2 want: 4.57.2
4098 silly placeDep ROOT @jsonjoy.com/fs-snapshot@4.57.2 OK for: memfs@4.57.2 want: 4.57.2
4099 silly placeDep ROOT @jsonjoy.com/json-pack@1.21.0 OK for: memfs@4.57.2 want: ^1.11.0
4100 silly placeDep ROOT @jsonjoy.com/util@1.9.0 OK for: memfs@4.57.2 want: ^1.9.0
4101 silly placeDep ROOT glob-to-regex.js@1.2.0 OK for: memfs@4.57.2 want: ^1.0.1
4102 silly placeDep ROOT thingies@2.6.0 OK for: memfs@4.57.2 want: ^2.5.0
4103 silly placeDep ROOT tree-dump@1.1.0 OK for: memfs@4.57.2 want: ^1.0.3
4104 silly fetch manifest glob-to-regex.js@^1.0.0
4105 silly packumentCache full:https://registry.npmjs.org/glob-to-regex.js cache-miss
4106 silly fetch manifest tree-dump@^1.1.0
4107 silly packumentCache full:https://registry.npmjs.org/tree-dump cache-miss
4108 silly fetch manifest @jsonjoy.com/buffers@^17.65.0
4109 silly packumentCache full:https://registry.npmjs.org/@jsonjoy.com%2fbuffers cache-miss
4110 http fetch GET 200 https://registry.npmjs.org/glob-to-regex.js 57ms (cache revalidated)
4111 silly packumentCache full:https://registry.npmjs.org/glob-to-regex.js set size:13062 disposed:false
4112 silly fetch manifest @jsonjoy.com/json-pack@^17.65.0
4113 silly packumentCache full:https://registry.npmjs.org/@jsonjoy.com%2fjson-pack cache-miss
4114 http fetch GET 200 https://registry.npmjs.org/tree-dump 66ms (cache revalidated)
4115 silly packumentCache full:https://registry.npmjs.org/tree-dump set size:17522 disposed:false
4116 silly fetch manifest @jsonjoy.com/util@^17.65.0
4117 silly packumentCache full:https://registry.npmjs.org/@jsonjoy.com%2futil cache-miss
4118 http fetch GET 200 https://registry.npmjs.org/@jsonjoy.com%2fbuffers 110ms (cache miss)
4119 silly packumentCache full:https://registry.npmjs.org/@jsonjoy.com%2fbuffers set size:undefined disposed:false
4120 silly fetch manifest hyperdyperid@^1.2.0
4121 silly packumentCache full:https://registry.npmjs.org/hyperdyperid cache-miss
4122 http fetch GET 200 https://registry.npmjs.org/@jsonjoy.com%2fjson-pack 91ms (cache revalidated)
4123 silly packumentCache full:https://registry.npmjs.org/@jsonjoy.com%2fjson-pack set size:242704 disposed:false
4124 silly fetch manifest @jsonjoy.com/base64@^1.1.2
4125 silly packumentCache full:https://registry.npmjs.org/@jsonjoy.com%2fbase64 cache-miss
4126 http fetch GET 200 https://registry.npmjs.org/@jsonjoy.com%2futil 111ms (cache revalidated)
4127 silly packumentCache full:https://registry.npmjs.org/@jsonjoy.com%2futil set size:112465 disposed:false
4128 silly fetch manifest @jsonjoy.com/buffers@^1.2.0
4129 silly packumentCache full:https://registry.npmjs.org/@jsonjoy.com%2fbuffers cache-miss
4130 http fetch GET 200 https://registry.npmjs.org/hyperdyperid 80ms (cache miss)
4131 silly packumentCache full:https://registry.npmjs.org/hyperdyperid set size:undefined disposed:false
4132 silly fetch manifest @jsonjoy.com/codegen@^1.0.0
4133 silly packumentCache full:https://registry.npmjs.org/@jsonjoy.com%2fcodegen cache-miss
4134 http fetch GET 200 https://registry.npmjs.org/@jsonjoy.com%2fbase64 69ms (cache miss)
4135 silly packumentCache full:https://registry.npmjs.org/@jsonjoy.com%2fbase64 set size:undefined disposed:false
4136 silly fetch manifest @jsonjoy.com/json-pointer@^1.0.2
4137 silly packumentCache full:https://registry.npmjs.org/@jsonjoy.com%2fjson-pointer cache-miss
4138 http fetch GET 200 https://registry.npmjs.org/@jsonjoy.com%2fbuffers 85ms (cache revalidated)
4139 silly packumentCache full:https://registry.npmjs.org/@jsonjoy.com%2fbuffers set size:92036 disposed:false
4140 silly fetch manifest @jsonjoy.com/buffers@^1.0.0
4141 silly packumentCache full:https://registry.npmjs.org/@jsonjoy.com%2fbuffers cache-hit
4142 silly fetch manifest @jsonjoy.com/codegen@^1.0.0
4143 silly packumentCache full:https://registry.npmjs.org/@jsonjoy.com%2fcodegen cache-miss
4144 http fetch GET 200 https://registry.npmjs.org/@jsonjoy.com%2fcodegen 111ms (cache miss)
4145 silly packumentCache full:https://registry.npmjs.org/@jsonjoy.com%2fcodegen set size:undefined disposed:false
4146 http fetch GET 200 https://registry.npmjs.org/@jsonjoy.com%2fjson-pointer 89ms (cache miss)
4147 silly packumentCache full:https://registry.npmjs.org/@jsonjoy.com%2fjson-pointer set size:undefined disposed:false
4148 http fetch GET 200 https://registry.npmjs.org/@jsonjoy.com%2fcodegen 69ms (cache miss)
4149 silly packumentCache full:https://registry.npmjs.org/@jsonjoy.com%2fcodegen set size:undefined disposed:false
4150 silly fetch manifest tslib@2
4151 silly packumentCache full:https://registry.npmjs.org/tslib cache-hit
4152 silly placeDep ROOT @jsonjoy.com/buffers@17.67.0 OK for: @jsonjoy.com/fs-snapshot@4.57.2 want: ^17.65.0
4153 silly placeDep node_modules/@jsonjoy.com/fs-snapshot @jsonjoy.com/json-pack@17.67.0 OK for: @jsonjoy.com/fs-snapshot@4.57.2 want: ^17.65.0
4154 silly placeDep node_modules/@jsonjoy.com/fs-snapshot @jsonjoy.com/util@17.67.0 OK for: @jsonjoy.com/fs-snapshot@4.57.2 want: ^17.65.0
4155 silly fetch manifest @jsonjoy.com/util@17.67.0
4156 silly packumentCache full:https://registry.npmjs.org/@jsonjoy.com%2futil cache-hit
4157 silly fetch manifest @jsonjoy.com/base64@17.67.0
4158 silly packumentCache full:https://registry.npmjs.org/@jsonjoy.com%2fbase64 cache-miss
4159 silly fetch manifest @jsonjoy.com/codegen@17.67.0
4160 silly packumentCache full:https://registry.npmjs.org/@jsonjoy.com%2fcodegen cache-miss
4161 silly fetch manifest @jsonjoy.com/json-pointer@17.67.0
4162 silly packumentCache full:https://registry.npmjs.org/@jsonjoy.com%2fjson-pointer cache-miss
4163 http fetch GET 200 https://registry.npmjs.org/@jsonjoy.com%2fcodegen 73ms (cache revalidated)
4164 silly packumentCache full:https://registry.npmjs.org/@jsonjoy.com%2fcodegen set size:72529 disposed:false
4165 http fetch GET 200 https://registry.npmjs.org/@jsonjoy.com%2fbase64 85ms (cache revalidated)
4166 silly packumentCache full:https://registry.npmjs.org/@jsonjoy.com%2fbase64 set size:74042 disposed:false
4167 http fetch GET 200 https://registry.npmjs.org/@jsonjoy.com%2fjson-pointer 97ms (cache revalidated)
4168 silly packumentCache full:https://registry.npmjs.org/@jsonjoy.com%2fjson-pointer set size:75062 disposed:false
4169 silly placeDep ROOT @jsonjoy.com/base64@1.1.2 OK for: @jsonjoy.com/json-pack@1.21.0 want: ^1.1.2
4170 silly placeDep node_modules/@jsonjoy.com/json-pack @jsonjoy.com/buffers@1.2.1 OK for: @jsonjoy.com/json-pack@1.21.0 want: ^1.2.0
4171 silly placeDep ROOT @jsonjoy.com/codegen@1.0.0 OK for: @jsonjoy.com/json-pack@1.21.0 want: ^1.0.0
4172 silly placeDep ROOT @jsonjoy.com/json-pointer@1.0.2 OK for: @jsonjoy.com/json-pack@1.21.0 want: ^1.0.2
4173 silly placeDep ROOT hyperdyperid@1.2.0 OK for: @jsonjoy.com/json-pack@1.21.0 want: ^1.2.0
4174 silly placeDep node_modules/@jsonjoy.com/util @jsonjoy.com/buffers@1.2.1 OK for: @jsonjoy.com/util@1.9.0 want: ^1.0.0
4175 silly placeDep ROOT ee-first@1.1.1 OK for: on-finished@2.4.1 want: 1.1.1
4176 silly fetch manifest bufferutil@^4.0.1
4177 silly packumentCache full:https://registry.npmjs.org/bufferutil cache-miss
4178 http fetch GET 200 https://registry.npmjs.org/bufferutil 51ms (cache miss)
4179 silly packumentCache full:https://registry.npmjs.org/bufferutil set size:undefined disposed:false
4180 silly fetch manifest utf-8-validate@>=5.0.2
4181 silly packumentCache full:https://registry.npmjs.org/utf-8-validate cache-miss
4182 http fetch GET 200 https://registry.npmjs.org/utf-8-validate 55ms (cache miss)
4183 silly packumentCache full:https://registry.npmjs.org/utf-8-validate set size:undefined disposed:false
4184 silly placeDep ROOT @types/bonjour@3.5.13 OK for: webpack-dev-server@5.2.2 want: ^3.5.13
4185 silly placeDep ROOT @types/connect-history-api-fallback@1.5.4 OK for: webpack-dev-server@5.2.2 want: ^1.5.4
4186 silly placeDep ROOT @types/express@4.17.25 OK for: webpack-dev-server@5.2.2 want: ^4.17.21
4187 silly placeDep ROOT @types/express-serve-static-core@4.19.8 OK for: webpack-dev-server@5.2.2 want: ^4.17.21
4188 silly placeDep ROOT @types/serve-index@1.9.4 OK for: webpack-dev-server@5.2.2 want: ^1.9.4
4189 silly placeDep ROOT @types/serve-static@1.15.10 OK for: webpack-dev-server@5.2.2 want: ^1.15.5
4190 silly placeDep ROOT @types/sockjs@0.3.36 OK for: webpack-dev-server@5.2.2 want: ^0.3.36
4191 silly placeDep ROOT @types/ws@8.18.1 OK for: webpack-dev-server@5.2.2 want: ^8.5.10
4192 silly placeDep ROOT ansi-html-community@0.0.8 OK for: webpack-dev-server@5.2.2 want: ^0.0.8
4193 silly placeDep ROOT bonjour-service@1.3.0 OK for: webpack-dev-server@5.2.2 want: ^1.2.1
4194 silly placeDep node_modules/webpack-dev-server chokidar@3.6.0 OK for: webpack-dev-server@5.2.2 want: ^3.6.0
4195 silly placeDep ROOT compression@1.8.1 OK for: webpack-dev-server@5.2.2 want: ^1.7.4
4196 silly placeDep ROOT connect-history-api-fallback@2.0.0 OK for: webpack-dev-server@5.2.2 want: ^2.0.0
4197 silly placeDep ROOT express@4.22.1 OK for: webpack-dev-server@5.2.2 want: ^4.21.2
4198 silly placeDep node_modules/webpack-dev-server http-proxy-middleware@2.0.9 OK for: webpack-dev-server@5.2.2 want: ^2.0.9
4199 silly placeDep ROOT ipaddr.js@2.3.0 OK for: webpack-dev-server@5.2.2 want: ^2.1.0
4200 silly placeDep ROOT launch-editor@2.13.2 OK for: webpack-dev-server@5.2.2 want: ^2.6.1
4201 silly placeDep ROOT p-retry@6.2.1 OK for: webpack-dev-server@5.2.2 want: ^6.2.0
4202 silly placeDep ROOT selfsigned@2.4.1 OK for: webpack-dev-server@5.2.2 want: ^2.4.1
4203 silly placeDep ROOT serve-index@1.9.2 OK for: webpack-dev-server@5.2.2 want: ^1.9.1
4204 silly placeDep ROOT sockjs@0.3.24 OK for: webpack-dev-server@5.2.2 want: ^0.3.24
4205 silly placeDep ROOT spdy@4.0.2 OK for: webpack-dev-server@5.2.2 want: ^4.0.2
4206 silly placeDep ROOT ws@8.20.0 OK for: webpack-dev-server@5.2.2 want: ^8.18.0
4207 silly fetch manifest @types/express-serve-static-core@*
4208 silly packumentCache full:https://registry.npmjs.org/@types%2fexpress-serve-static-core cache-miss
4209 silly fetch manifest @types/qs@*
4210 silly packumentCache full:https://registry.npmjs.org/@types%2fqs cache-miss
4211 silly fetch manifest @types/body-parser@*
4212 silly packumentCache full:https://registry.npmjs.org/@types%2fbody-parser cache-miss
4213 http fetch GET 200 https://registry.npmjs.org/@types%2fqs 82ms (cache miss)
4214 silly packumentCache full:https://registry.npmjs.org/@types%2fqs set size:undefined disposed:false
4215 silly fetch manifest @types/serve-static@^1
4216 silly packumentCache full:https://registry.npmjs.org/@types%2fserve-static cache-miss
4217 http fetch GET 200 https://registry.npmjs.org/@types%2fexpress-serve-static-core 95ms (cache revalidated)
4218 silly packumentCache full:https://registry.npmjs.org/@types%2fexpress-serve-static-core set size:264345 disposed:false
4219 silly fetch manifest @types/express-serve-static-core@^4.17.33
4220 silly packumentCache full:https://registry.npmjs.org/@types%2fexpress-serve-static-core cache-hit
4221 silly fetch manifest @types/send@*
4222 silly packumentCache full:https://registry.npmjs.org/@types%2fsend cache-miss
4223 http fetch GET 200 https://registry.npmjs.org/@types%2fbody-parser 117ms (cache miss)
4224 silly packumentCache full:https://registry.npmjs.org/@types%2fbody-parser set size:undefined disposed:false
4225 silly fetch manifest @types/range-parser@*
4226 silly packumentCache full:https://registry.npmjs.org/@types%2frange-parser cache-miss
4227 http fetch GET 200 https://registry.npmjs.org/@types%2fsend 67ms (cache miss)
4228 silly packumentCache full:https://registry.npmjs.org/@types%2fsend set size:undefined disposed:false
4229 silly fetch manifest @types/send@<1
4230 silly packumentCache full:https://registry.npmjs.org/@types%2fsend cache-miss
4231 http fetch GET 200 https://registry.npmjs.org/@types%2frange-parser 78ms (cache miss)
4232 silly packumentCache full:https://registry.npmjs.org/@types%2frange-parser set size:undefined disposed:false
4233 silly fetch manifest @types/http-errors@*
4234 silly packumentCache full:https://registry.npmjs.org/@types%2fhttp-errors cache-miss
4235 http fetch GET 200 https://registry.npmjs.org/@types%2fserve-static 126ms (cache revalidated)
4236 silly packumentCache full:https://registry.npmjs.org/@types%2fserve-static set size:70859 disposed:false
4237 silly fetch manifest multicast-dns@^7.2.5
4238 silly packumentCache full:https://registry.npmjs.org/multicast-dns cache-miss
4239 http fetch GET 200 https://registry.npmjs.org/@types%2fhttp-errors 68ms (cache miss)
4240 silly packumentCache full:https://registry.npmjs.org/@types%2fhttp-errors set size:undefined disposed:false
4241 silly fetch manifest vary@~1.1.2
4242 silly packumentCache full:https://registry.npmjs.org/vary cache-miss
4243 http fetch GET 200 https://registry.npmjs.org/@types%2fsend 107ms (cache revalidated)
4244 silly packumentCache full:https://registry.npmjs.org/@types%2fsend set size:29985 disposed:false
4245 silly fetch manifest bytes@3.1.2
4246 silly packumentCache full:https://registry.npmjs.org/bytes cache-miss
4247 http fetch GET 200 https://registry.npmjs.org/multicast-dns 74ms (cache miss)
4248 silly packumentCache full:https://registry.npmjs.org/multicast-dns set size:undefined disposed:false
4249 silly fetch manifest debug@2.6.9
4250 silly packumentCache full:https://registry.npmjs.org/debug cache-hit
4251 silly fetch manifest on-headers@~1.1.0
4252 silly packumentCache full:https://registry.npmjs.org/on-headers cache-miss
4253 http fetch GET 200 https://registry.npmjs.org/vary 58ms (cache miss)
4254 silly packumentCache full:https://registry.npmjs.org/vary set size:undefined disposed:false
4255 silly fetch manifest compressible@~2.0.18
4256 silly packumentCache full:https://registry.npmjs.org/compressible cache-miss
4257 http fetch GET 200 https://registry.npmjs.org/bytes 59ms (cache miss)
4258 silly packumentCache full:https://registry.npmjs.org/bytes set size:undefined disposed:false
4259 silly fetch manifest qs@~6.14.0
4260 silly packumentCache full:https://registry.npmjs.org/qs cache-miss
4261 http fetch GET 200 https://registry.npmjs.org/compressible 52ms (cache miss)
4262 silly packumentCache full:https://registry.npmjs.org/compressible set size:undefined disposed:false
4263 silly fetch manifest depd@2.0.0
4264 silly packumentCache full:https://registry.npmjs.org/depd cache-miss
4265 http fetch GET 200 https://registry.npmjs.org/qs 73ms (cache miss)
4266 silly packumentCache full:https://registry.npmjs.org/qs set size:undefined disposed:false
4267 silly fetch manifest etag@~1.8.1
4268 silly packumentCache full:https://registry.npmjs.org/etag cache-miss
4269 http fetch GET 200 https://registry.npmjs.org/depd 74ms (cache miss)
4270 silly packumentCache full:https://registry.npmjs.org/depd set size:undefined disposed:false
4271 silly fetch manifest send@~0.19.0
4272 silly packumentCache full:https://registry.npmjs.org/send cache-miss
4273 http fetch GET 200 https://registry.npmjs.org/etag 59ms (cache miss)
4274 silly packumentCache full:https://registry.npmjs.org/etag set size:undefined disposed:false
4275 silly fetch manifest fresh@~0.5.2
4276 silly packumentCache full:https://registry.npmjs.org/fresh cache-miss
4277 http fetch GET 200 https://registry.npmjs.org/send 95ms (cache miss)
4278 silly packumentCache full:https://registry.npmjs.org/send set size:undefined disposed:false
4279 silly fetch manifest cookie@~0.7.1
4280 silly packumentCache full:https://registry.npmjs.org/cookie cache-miss
4281 http fetch GET 200 https://registry.npmjs.org/fresh 86ms (cache miss)
4282 silly packumentCache full:https://registry.npmjs.org/fresh set size:undefined disposed:false
4283 silly fetch manifest accepts@~1.3.8
4284 silly packumentCache full:https://registry.npmjs.org/accepts cache-miss
4285 http fetch GET 200 https://registry.npmjs.org/on-headers 326ms (cache miss)
4286 silly packumentCache full:https://registry.npmjs.org/on-headers set size:undefined disposed:false
4287 silly fetch manifest methods@~1.1.2
4288 silly packumentCache full:https://registry.npmjs.org/methods cache-miss
4289 http fetch GET 200 https://registry.npmjs.org/cookie 89ms (cache miss)
4290 silly packumentCache full:https://registry.npmjs.org/cookie set size:undefined disposed:false
4291 silly fetch manifest type-is@~1.6.18
4292 silly packumentCache full:https://registry.npmjs.org/type-is cache-miss
4293 http fetch GET 200 https://registry.npmjs.org/accepts 86ms (cache miss)
4294 silly packumentCache full:https://registry.npmjs.org/accepts set size:undefined disposed:false
4295 silly fetch manifest parseurl@~1.3.3
4296 silly packumentCache full:https://registry.npmjs.org/parseurl cache-miss
4297 http fetch GET 200 https://registry.npmjs.org/methods 84ms (cache miss)
4298 silly packumentCache full:https://registry.npmjs.org/methods set size:undefined disposed:false
4299 silly fetch manifest statuses@~2.0.1
4300 silly packumentCache full:https://registry.npmjs.org/statuses cache-miss
4301 http fetch GET 200 https://registry.npmjs.org/parseurl 89ms (cache miss)
4302 silly packumentCache full:https://registry.npmjs.org/parseurl set size:undefined disposed:false
4303 silly fetch manifest encodeurl@~2.0.0
4304 silly packumentCache full:https://registry.npmjs.org/encodeurl cache-miss
4305 http fetch GET 200 https://registry.npmjs.org/type-is 121ms (cache miss)
4306 silly packumentCache full:https://registry.npmjs.org/type-is set size:undefined disposed:false
4307 silly fetch manifest proxy-addr@~2.0.7
4308 silly packumentCache full:https://registry.npmjs.org/proxy-addr cache-miss
4309 http fetch GET 200 https://registry.npmjs.org/statuses 98ms (cache miss)
4310 silly packumentCache full:https://registry.npmjs.org/statuses set size:undefined disposed:false
4311 silly fetch manifest body-parser@~1.20.3
4312 silly packumentCache full:https://registry.npmjs.org/body-parser cache-miss
4313 http fetch GET 200 https://registry.npmjs.org/encodeurl 81ms (cache miss)
4314 silly packumentCache full:https://registry.npmjs.org/encodeurl set size:undefined disposed:false
4315 silly fetch manifest escape-html@~1.0.3
4316 silly packumentCache full:https://registry.npmjs.org/escape-html cache-miss
4317 http fetch GET 200 https://registry.npmjs.org/proxy-addr 86ms (cache miss)
4318 silly packumentCache full:https://registry.npmjs.org/proxy-addr set size:undefined disposed:false
4319 silly fetch manifest http-errors@~2.0.0
4320 silly packumentCache full:https://registry.npmjs.org/http-errors cache-miss
4321 http fetch GET 200 https://registry.npmjs.org/body-parser 93ms (cache miss)
4322 silly packumentCache full:https://registry.npmjs.org/body-parser set size:undefined disposed:false
4323 silly fetch manifest utils-merge@1.0.1
4324 silly packumentCache full:https://registry.npmjs.org/utils-merge cache-miss
4325 http fetch GET 200 https://registry.npmjs.org/escape-html 77ms (cache miss)
4326 silly packumentCache full:https://registry.npmjs.org/escape-html set size:undefined disposed:false
4327 silly fetch manifest content-type@~1.0.4
4328 silly packumentCache full:https://registry.npmjs.org/content-type cache-miss
4329 http fetch GET 200 https://registry.npmjs.org/http-errors 68ms (cache miss)
4330 silly packumentCache full:https://registry.npmjs.org/http-errors set size:undefined disposed:false
4331 silly fetch manifest finalhandler@~1.3.1
4332 silly packumentCache full:https://registry.npmjs.org/finalhandler cache-miss
4333 http fetch GET 200 https://registry.npmjs.org/utils-merge 61ms (cache miss)
4334 silly packumentCache full:https://registry.npmjs.org/utils-merge set size:undefined disposed:false
4335 silly fetch manifest serve-static@~1.16.2
4336 silly packumentCache full:https://registry.npmjs.org/serve-static cache-miss
4337 http fetch GET 200 https://registry.npmjs.org/content-type 47ms (cache miss)
4338 silly packumentCache full:https://registry.npmjs.org/content-type set size:undefined disposed:false
4339 silly fetch manifest array-flatten@1.1.1
4340 silly packumentCache full:https://registry.npmjs.org/array-flatten cache-miss
4341 http fetch GET 200 https://registry.npmjs.org/serve-static 54ms (cache miss)
4342 silly packumentCache full:https://registry.npmjs.org/serve-static set size:undefined disposed:false
4343 silly fetch manifest path-to-regexp@~0.1.12
4344 silly packumentCache full:https://registry.npmjs.org/path-to-regexp cache-miss
4345 http fetch GET 200 https://registry.npmjs.org/path-to-regexp 53ms (cache miss)
4346 silly packumentCache full:https://registry.npmjs.org/path-to-regexp set size:undefined disposed:false
4347 silly fetch manifest setprototypeof@1.2.0
4348 silly packumentCache full:https://registry.npmjs.org/setprototypeof cache-miss
4349 http fetch GET 200 https://registry.npmjs.org/finalhandler 179ms (cache miss)
4350 silly packumentCache full:https://registry.npmjs.org/finalhandler set size:undefined disposed:false
4351 silly fetch manifest cookie-signature@~1.0.6
4352 silly packumentCache full:https://registry.npmjs.org/cookie-signature cache-miss
4353 http fetch GET 200 https://registry.npmjs.org/array-flatten 146ms (cache miss)
4354 silly packumentCache full:https://registry.npmjs.org/array-flatten set size:undefined disposed:false
4355 silly fetch manifest merge-descriptors@1.0.3
4356 silly packumentCache full:https://registry.npmjs.org/merge-descriptors cache-miss
4357 http fetch GET 200 https://registry.npmjs.org/setprototypeof 69ms (cache miss)
4358 silly packumentCache full:https://registry.npmjs.org/setprototypeof set size:undefined disposed:false
4359 silly fetch manifest content-disposition@~0.5.4
4360 silly packumentCache full:https://registry.npmjs.org/content-disposition cache-miss
4361 http fetch GET 200 https://registry.npmjs.org/cookie-signature 53ms (cache miss)
4362 silly packumentCache full:https://registry.npmjs.org/cookie-signature set size:undefined disposed:false
4363 silly fetch manifest is-plain-obj@^3.0.0
4364 silly packumentCache full:https://registry.npmjs.org/is-plain-obj cache-miss
4365 http fetch GET 200 https://registry.npmjs.org/content-disposition 58ms (cache miss)
4366 silly packumentCache full:https://registry.npmjs.org/content-disposition set size:undefined disposed:false
4367 silly fetch manifest shell-quote@^1.8.3
4368 silly packumentCache full:https://registry.npmjs.org/shell-quote cache-miss
4369 http fetch GET 200 https://registry.npmjs.org/merge-descriptors 86ms (cache miss)
4370 silly packumentCache full:https://registry.npmjs.org/merge-descriptors set size:undefined disposed:false
4371 silly fetch manifest retry@^0.13.1
4372 silly packumentCache full:https://registry.npmjs.org/retry cache-miss
4373 http fetch GET 200 https://registry.npmjs.org/is-plain-obj 62ms (cache miss)
4374 silly packumentCache full:https://registry.npmjs.org/is-plain-obj set size:undefined disposed:false
4375 silly fetch manifest @types/retry@0.12.2
4376 silly packumentCache full:https://registry.npmjs.org/@types%2fretry cache-miss
4377 http fetch GET 200 https://registry.npmjs.org/shell-quote 58ms (cache miss)
4378 silly packumentCache full:https://registry.npmjs.org/shell-quote set size:undefined disposed:false
4379 silly fetch manifest is-network-error@^1.0.0
4380 silly packumentCache full:https://registry.npmjs.org/is-network-error cache-miss
4381 http fetch GET 200 https://registry.npmjs.org/retry 69ms (cache revalidated)
4382 silly packumentCache full:https://registry.npmjs.org/retry set size:31161 disposed:false
4383 silly fetch manifest node-forge@^1
4384 silly packumentCache full:https://registry.npmjs.org/node-forge cache-miss
4385 http fetch GET 200 https://registry.npmjs.org/is-network-error 56ms (cache miss)
4386 silly packumentCache full:https://registry.npmjs.org/is-network-error set size:undefined disposed:false
4387 silly fetch manifest @types/node-forge@^1.3.0
4388 silly packumentCache full:https://registry.npmjs.org/@types%2fnode-forge cache-miss
4389 http fetch GET 200 https://registry.npmjs.org/node-forge 65ms (cache miss)
4390 silly packumentCache full:https://registry.npmjs.org/node-forge set size:undefined disposed:false
4391 silly fetch manifest batch@0.6.1
4392 silly packumentCache full:https://registry.npmjs.org/batch cache-miss
4393 http fetch GET 200 https://registry.npmjs.org/@types%2fnode-forge 80ms (cache miss)
4394 silly packumentCache full:https://registry.npmjs.org/@types%2fnode-forge set size:undefined disposed:false
4395 silly fetch manifest http-errors@~1.8.0
4396 silly packumentCache full:https://registry.npmjs.org/http-errors cache-miss
4397 http fetch GET 200 https://registry.npmjs.org/batch 56ms (cache miss)
4398 silly packumentCache full:https://registry.npmjs.org/batch set size:undefined disposed:false
4399 silly fetch manifest uuid@^8.3.2
4400 silly packumentCache full:https://registry.npmjs.org/uuid cache-miss
4401 http fetch GET 200 https://registry.npmjs.org/http-errors 62ms (cache revalidated)
4402 silly packumentCache full:https://registry.npmjs.org/http-errors set size:71987 disposed:false
4403 silly fetch manifest handle-thing@^2.0.0
4404 silly packumentCache full:https://registry.npmjs.org/handle-thing cache-miss
4405 http fetch GET 200 https://registry.npmjs.org/uuid 80ms (cache miss)
4406 silly packumentCache full:https://registry.npmjs.org/uuid set size:undefined disposed:false
4407 silly fetch manifest http-deceiver@^1.2.7
4408 silly packumentCache full:https://registry.npmjs.org/http-deceiver cache-miss
4409 http fetch GET 200 https://registry.npmjs.org/handle-thing 61ms (cache miss)
4410 silly packumentCache full:https://registry.npmjs.org/handle-thing set size:undefined disposed:false
4411 silly fetch manifest select-hose@^2.0.0
4412 silly packumentCache full:https://registry.npmjs.org/select-hose cache-miss
4413 http fetch GET 200 https://registry.npmjs.org/http-deceiver 48ms (cache miss)
4414 silly packumentCache full:https://registry.npmjs.org/http-deceiver set size:undefined disposed:false
4415 silly fetch manifest spdy-transport@^3.0.0
4416 silly packumentCache full:https://registry.npmjs.org/spdy-transport cache-miss
4417 http fetch GET 200 https://registry.npmjs.org/select-hose 44ms (cache miss)
4418 silly packumentCache full:https://registry.npmjs.org/select-hose set size:undefined disposed:false
4419 http fetch GET 200 https://registry.npmjs.org/spdy-transport 56ms (cache miss)
4420 silly packumentCache full:https://registry.npmjs.org/spdy-transport set size:undefined disposed:false
4421 http fetch GET 200 https://registry.npmjs.org/@types%2fretry 796ms (cache miss)
4422 silly packumentCache full:https://registry.npmjs.org/@types%2fretry set size:undefined disposed:false
4423 silly placeDep ROOT @types/body-parser@1.19.6 OK for: @types/express@4.17.25 want: *
4424 silly placeDep ROOT @types/qs@6.15.0 OK for: @types/express@4.17.25 want: *
4425 silly fetch manifest @types/connect@*
4426 silly packumentCache full:https://registry.npmjs.org/@types%2fconnect cache-miss
4427 http fetch GET 200 https://registry.npmjs.org/@types%2fconnect 62ms (cache miss)
4428 silly packumentCache full:https://registry.npmjs.org/@types%2fconnect set size:undefined disposed:false
4429 silly placeDep ROOT @types/connect@3.4.38 OK for: @types/body-parser@1.19.6 want: *
4430 silly placeDep ROOT @types/range-parser@1.2.7 OK for: @types/express-serve-static-core@4.19.8 want: *
4431 silly placeDep ROOT @types/send@1.2.1 OK for: @types/express-serve-static-core@4.19.8 want: *
4432 silly placeDep ROOT @types/http-errors@2.0.5 OK for: @types/serve-static@1.15.10 want: *
4433 silly placeDep node_modules/@types/serve-static @types/send@0.17.6 OK for: @types/serve-static@1.15.10 want: <1
4434 silly fetch manifest @types/mime@^1
4435 silly packumentCache full:https://registry.npmjs.org/@types%2fmime cache-miss
4436 http fetch GET 200 https://registry.npmjs.org/@types%2fmime 63ms (cache miss)
4437 silly packumentCache full:https://registry.npmjs.org/@types%2fmime set size:undefined disposed:false
4438 silly placeDep ROOT multicast-dns@7.2.5 OK for: bonjour-service@1.3.0 want: ^7.2.5
4439 silly fetch manifest thunky@^1.0.2
4440 silly packumentCache full:https://registry.npmjs.org/thunky cache-miss
4441 silly fetch manifest dns-packet@^5.2.2
4442 silly packumentCache full:https://registry.npmjs.org/dns-packet cache-miss
4443 http fetch GET 200 https://registry.npmjs.org/thunky 49ms (cache miss)
4444 silly packumentCache full:https://registry.npmjs.org/thunky set size:undefined disposed:false
4445 http fetch GET 200 https://registry.npmjs.org/dns-packet 72ms (cache miss)
4446 silly packumentCache full:https://registry.npmjs.org/dns-packet set size:undefined disposed:false
4447 silly placeDep ROOT bytes@3.1.2 OK for: compression@1.8.1 want: 3.1.2
4448 silly placeDep ROOT compressible@2.0.18 OK for: compression@1.8.1 want: ~2.0.18
4449 silly placeDep node_modules/compression debug@2.6.9 OK for: compression@1.8.1 want: 2.6.9
4450 silly placeDep ROOT on-headers@1.1.0 OK for: compression@1.8.1 want: ~1.1.0
4451 silly placeDep ROOT vary@1.1.2 OK for: compression@1.8.1 want: ~1.1.2
4452 silly fetch manifest ms@2.0.0
4453 silly packumentCache full:https://registry.npmjs.org/ms cache-miss
4454 http fetch GET 200 https://registry.npmjs.org/ms 55ms (cache revalidated)
4455 silly packumentCache full:https://registry.npmjs.org/ms set size:92208 disposed:false
4456 silly placeDep ROOT accepts@1.3.8 OK for: express@4.22.1 want: ~1.3.8
4457 silly placeDep ROOT array-flatten@1.1.1 OK for: express@4.22.1 want: 1.1.1
4458 silly placeDep ROOT body-parser@1.20.4 OK for: express@4.22.1 want: ~1.20.3
4459 silly placeDep ROOT content-disposition@0.5.4 OK for: express@4.22.1 want: ~0.5.4
4460 silly placeDep ROOT content-type@1.0.5 OK for: express@4.22.1 want: ~1.0.4
4461 silly placeDep ROOT cookie@0.7.2 OK for: express@4.22.1 want: ~0.7.1
4462 silly placeDep ROOT cookie-signature@1.0.7 OK for: express@4.22.1 want: ~1.0.6
4463 silly placeDep node_modules/express debug@2.6.9 OK for: express@4.22.1 want: 2.6.9
4464 silly placeDep ROOT depd@2.0.0 OK for: express@4.22.1 want: 2.0.0
4465 silly placeDep ROOT encodeurl@2.0.0 OK for: express@4.22.1 want: ~2.0.0
4466 silly placeDep ROOT escape-html@1.0.3 OK for: express@4.22.1 want: ~1.0.3
4467 silly placeDep ROOT etag@1.8.1 OK for: express@4.22.1 want: ~1.8.1
4468 silly placeDep ROOT finalhandler@1.3.2 OK for: express@4.22.1 want: ~1.3.1
4469 silly placeDep ROOT fresh@0.5.2 OK for: express@4.22.1 want: ~0.5.2
4470 silly placeDep ROOT http-errors@2.0.1 OK for: express@4.22.1 want: ~2.0.0
4471 silly placeDep ROOT merge-descriptors@1.0.3 OK for: express@4.22.1 want: 1.0.3
4472 silly placeDep ROOT methods@1.1.2 OK for: express@4.22.1 want: ~1.1.2
4473 silly placeDep ROOT parseurl@1.3.3 OK for: express@4.22.1 want: ~1.3.3
4474 silly placeDep ROOT path-to-regexp@0.1.13 OK for: express@4.22.1 want: ~0.1.12
4475 silly placeDep ROOT proxy-addr@2.0.7 OK for: express@4.22.1 want: ~2.0.7
4476 silly placeDep ROOT qs@6.14.2 OK for: express@4.22.1 want: ~6.14.0
4477 silly placeDep ROOT send@0.19.2 OK for: express@4.22.1 want: ~0.19.0
4478 silly placeDep ROOT serve-static@1.16.3 OK for: express@4.22.1 want: ~1.16.2
4479 silly placeDep ROOT setprototypeof@1.2.0 OK for: express@4.22.1 want: 1.2.0
4480 silly placeDep ROOT statuses@2.0.2 OK for: express@4.22.1 want: ~2.0.1
4481 silly placeDep ROOT type-is@1.6.18 OK for: express@4.22.1 want: ~1.6.18
4482 silly placeDep ROOT utils-merge@1.0.1 OK for: express@4.22.1 want: 1.0.1
4483 silly fetch manifest negotiator@0.6.3
4484 silly packumentCache full:https://registry.npmjs.org/negotiator cache-miss
4485 silly fetch manifest unpipe@~1.0.0
4486 silly packumentCache full:https://registry.npmjs.org/unpipe cache-miss
4487 silly fetch manifest destroy@~1.2.0
4488 silly packumentCache full:https://registry.npmjs.org/destroy cache-miss
4489 http fetch GET 200 https://registry.npmjs.org/negotiator 65ms (cache revalidated)
4490 silly packumentCache full:https://registry.npmjs.org/negotiator set size:48046 disposed:false
4491 silly fetch manifest raw-body@~2.5.3
4492 silly packumentCache full:https://registry.npmjs.org/raw-body cache-miss
4493 http fetch GET 200 https://registry.npmjs.org/unpipe 70ms (cache miss)
4494 silly packumentCache full:https://registry.npmjs.org/unpipe set size:undefined disposed:false
4495 silly fetch manifest http-errors@~2.0.1
4496 silly packumentCache full:https://registry.npmjs.org/http-errors cache-hit
4497 silly fetch manifest content-type@~1.0.5
4498 silly packumentCache full:https://registry.npmjs.org/content-type cache-miss
4499 http fetch GET 200 https://registry.npmjs.org/raw-body 51ms (cache miss)
4500 silly packumentCache full:https://registry.npmjs.org/raw-body set size:undefined disposed:false
4501 silly fetch manifest statuses@~2.0.2
4502 silly packumentCache full:https://registry.npmjs.org/statuses cache-miss
4503 http fetch GET 200 https://registry.npmjs.org/content-type 62ms (cache revalidated)
4504 silly packumentCache full:https://registry.npmjs.org/content-type set size:17311 disposed:false
4505 silly fetch manifest setprototypeof@~1.2.0
4506 silly packumentCache full:https://registry.npmjs.org/setprototypeof cache-miss
4507 http fetch GET 200 https://registry.npmjs.org/statuses 79ms (cache revalidated)
4508 silly packumentCache full:https://registry.npmjs.org/statuses set size:37117 disposed:false
4509 silly fetch manifest toidentifier@~1.0.1
4510 silly packumentCache full:https://registry.npmjs.org/toidentifier cache-miss
4511 http fetch GET 200 https://registry.npmjs.org/setprototypeof 68ms (cache revalidated)
4512 silly packumentCache full:https://registry.npmjs.org/setprototypeof set size:14532 disposed:false
4513 silly fetch manifest forwarded@0.2.0
4514 silly packumentCache full:https://registry.npmjs.org/forwarded cache-miss
4515 http fetch GET 200 https://registry.npmjs.org/forwarded 62ms (cache miss)
4516 silly packumentCache full:https://registry.npmjs.org/forwarded set size:undefined disposed:false
4517 silly fetch manifest ipaddr.js@1.9.1
4518 silly packumentCache full:https://registry.npmjs.org/ipaddr.js cache-miss
4519 http fetch GET 200 https://registry.npmjs.org/toidentifier 70ms (cache miss)
4520 silly packumentCache full:https://registry.npmjs.org/toidentifier set size:undefined disposed:false
4521 silly fetch manifest side-channel@^1.1.0
4522 silly packumentCache full:https://registry.npmjs.org/side-channel cache-miss
4523 http fetch GET 200 https://registry.npmjs.org/destroy 331ms (cache miss)
4524 silly packumentCache full:https://registry.npmjs.org/destroy set size:undefined disposed:false
4525 silly fetch manifest destroy@1.2.0
4526 silly packumentCache full:https://registry.npmjs.org/destroy cache-miss
4527 http fetch GET 200 https://registry.npmjs.org/side-channel 72ms (cache miss)
4528 silly packumentCache full:https://registry.npmjs.org/side-channel set size:undefined disposed:false
4529 silly fetch manifest media-typer@0.3.0
4530 silly packumentCache full:https://registry.npmjs.org/media-typer cache-miss
4531 http fetch GET 200 https://registry.npmjs.org/ipaddr.js 106ms (cache revalidated)
4532 silly packumentCache full:https://registry.npmjs.org/ipaddr.js set size:67857 disposed:false
4533 http fetch GET 200 https://registry.npmjs.org/destroy 73ms (cache revalidated)
4534 silly packumentCache full:https://registry.npmjs.org/destroy set size:15738 disposed:false
4535 http fetch GET 200 https://registry.npmjs.org/media-typer 59ms (cache miss)
4536 silly packumentCache full:https://registry.npmjs.org/media-typer set size:undefined disposed:false
4537 silly placeDep node_modules/accepts negotiator@0.6.3 OK for: accepts@1.3.8 want: 0.6.3
4538 silly placeDep node_modules/body-parser debug@2.6.9 OK for: body-parser@1.20.4 want: 2.6.9
4539 silly placeDep ROOT destroy@1.2.0 OK for: body-parser@1.20.4 want: ~1.2.0
4540 silly placeDep ROOT raw-body@2.5.3 OK for: body-parser@1.20.4 want: ~2.5.3
4541 silly placeDep ROOT unpipe@1.0.0 OK for: body-parser@1.20.4 want: ~1.0.0
4542 silly placeDep node_modules/finalhandler debug@2.6.9 OK for: finalhandler@1.3.2 want: 2.6.9
4543 silly placeDep ROOT toidentifier@1.0.1 OK for: http-errors@2.0.1 want: ~1.0.1
4544 silly placeDep ROOT shell-quote@1.8.3 OK for: launch-editor@2.13.2 want: ^1.8.3
4545 silly placeDep ROOT dns-packet@5.6.1 OK for: multicast-dns@7.2.5 want: ^5.2.2
4546 silly placeDep ROOT thunky@1.1.0 OK for: multicast-dns@7.2.5 want: ^1.0.2
4547 silly fetch manifest @leichtgewicht/ip-codec@^2.0.1
4548 silly packumentCache full:https://registry.npmjs.org/@leichtgewicht%2fip-codec cache-miss
4549 http fetch GET 200 https://registry.npmjs.org/@leichtgewicht%2fip-codec 61ms (cache miss)
4550 silly packumentCache full:https://registry.npmjs.org/@leichtgewicht%2fip-codec set size:undefined disposed:false
4551 silly placeDep ROOT @leichtgewicht/ip-codec@2.0.5 OK for: dns-packet@5.6.1 want: ^2.0.1
4552 silly placeDep ROOT @types/retry@0.12.2 OK for: p-retry@6.2.1 want: 0.12.2
4553 silly placeDep ROOT is-network-error@1.3.1 OK for: p-retry@6.2.1 want: ^1.0.0
4554 silly placeDep node_modules/p-retry retry@0.13.1 OK for: p-retry@6.2.1 want: ^0.13.1
4555 silly placeDep ROOT forwarded@0.2.0 OK for: proxy-addr@2.0.7 want: 0.2.0
4556 silly placeDep node_modules/proxy-addr ipaddr.js@1.9.1 OK for: proxy-addr@2.0.7 want: 1.9.1
4557 silly placeDep ROOT side-channel@1.1.0 OK for: qs@6.14.2 want: ^1.1.0
4558 silly fetch manifest object-inspect@^1.13.3
4559 silly packumentCache full:https://registry.npmjs.org/object-inspect cache-miss
4560 silly fetch manifest side-channel-list@^1.0.0
4561 silly packumentCache full:https://registry.npmjs.org/side-channel-list cache-miss
4562 silly fetch manifest side-channel-map@^1.0.1
4563 silly packumentCache full:https://registry.npmjs.org/side-channel-map cache-miss
4564 http fetch GET 200 https://registry.npmjs.org/side-channel-map 61ms (cache miss)
4565 silly packumentCache full:https://registry.npmjs.org/side-channel-map set size:undefined disposed:false
4566 silly fetch manifest side-channel-weakmap@^1.0.2
4567 silly packumentCache full:https://registry.npmjs.org/side-channel-weakmap cache-miss
4568 http fetch GET 200 https://registry.npmjs.org/side-channel-list 69ms (cache miss)
4569 silly packumentCache full:https://registry.npmjs.org/side-channel-list set size:undefined disposed:false
4570 http fetch GET 200 https://registry.npmjs.org/object-inspect 75ms (cache miss)
4571 silly packumentCache full:https://registry.npmjs.org/object-inspect set size:undefined disposed:false
4572 http fetch GET 200 https://registry.npmjs.org/side-channel-weakmap 50ms (cache miss)
4573 silly packumentCache full:https://registry.npmjs.org/side-channel-weakmap set size:undefined disposed:false
4574 silly placeDep ROOT @types/node-forge@1.3.14 OK for: selfsigned@2.4.1 want: ^1.3.0
4575 silly placeDep ROOT node-forge@1.4.0 OK for: selfsigned@2.4.1 want: ^1
4576 silly placeDep node_modules/send debug@2.6.9 OK for: send@0.19.2 want: 2.6.9
4577 silly placeDep ROOT batch@0.6.1 OK for: serve-index@1.9.2 want: 0.6.1
4578 silly placeDep node_modules/serve-index debug@2.6.9 OK for: serve-index@1.9.2 want: 2.6.9
4579 silly placeDep node_modules/serve-index http-errors@1.8.1 OK for: serve-index@1.9.2 want: ~1.8.0
4580 silly fetch manifest depd@~1.1.2
4581 silly packumentCache full:https://registry.npmjs.org/depd cache-miss
4582 silly fetch manifest statuses@>= 1.5.0 < 2
4583 silly packumentCache full:https://registry.npmjs.org/statuses cache-hit
4584 http fetch GET 200 https://registry.npmjs.org/depd 55ms (cache revalidated)
4585 silly packumentCache full:https://registry.npmjs.org/depd set size:40182 disposed:false
4586 silly placeDep ROOT es-errors@1.3.0 OK for: side-channel@1.1.0 want: ^1.3.0
4587 silly placeDep ROOT object-inspect@1.13.4 OK for: side-channel@1.1.0 want: ^1.13.3
4588 silly placeDep ROOT side-channel-list@1.0.1 OK for: side-channel@1.1.0 want: ^1.0.0
4589 silly placeDep ROOT side-channel-map@1.0.1 OK for: side-channel@1.1.0 want: ^1.0.1
4590 silly placeDep ROOT side-channel-weakmap@1.0.2 OK for: side-channel@1.1.0 want: ^1.0.2
4591 silly fetch manifest call-bound@^1.0.2
4592 silly packumentCache full:https://registry.npmjs.org/call-bound cache-miss
4593 silly fetch manifest get-intrinsic@^1.2.5
4594 silly packumentCache full:https://registry.npmjs.org/get-intrinsic cache-miss
4595 silly fetch manifest call-bound@^1.0.2
4596 silly packumentCache full:https://registry.npmjs.org/call-bound cache-miss
4597 http fetch GET 200 https://registry.npmjs.org/call-bound 59ms (cache miss)
4598 silly packumentCache full:https://registry.npmjs.org/call-bound set size:undefined disposed:false
4599 silly fetch manifest get-intrinsic@^1.2.5
4600 silly packumentCache full:https://registry.npmjs.org/get-intrinsic cache-miss
4601 http fetch GET 200 https://registry.npmjs.org/get-intrinsic 64ms (cache miss)
4602 silly packumentCache full:https://registry.npmjs.org/get-intrinsic set size:undefined disposed:false
4603 http fetch GET 200 https://registry.npmjs.org/call-bound 77ms (cache miss)
4604 silly packumentCache full:https://registry.npmjs.org/call-bound set size:undefined disposed:false
4605 http fetch GET 200 https://registry.npmjs.org/get-intrinsic 62ms (cache revalidated)
4606 silly packumentCache full:https://registry.npmjs.org/get-intrinsic set size:60985 disposed:false
4607 silly placeDep ROOT call-bound@1.0.4 OK for: side-channel-map@1.0.1 want: ^1.0.2
4608 silly placeDep ROOT get-intrinsic@1.3.0 OK for: side-channel-map@1.0.1 want: ^1.2.5
4609 silly fetch manifest call-bind-apply-helpers@^1.0.2
4610 silly packumentCache full:https://registry.npmjs.org/call-bind-apply-helpers cache-miss
4611 silly fetch manifest get-intrinsic@^1.3.0
4612 silly packumentCache full:https://registry.npmjs.org/get-intrinsic cache-hit
4613 silly fetch manifest gopd@^1.2.0
4614 silly packumentCache full:https://registry.npmjs.org/gopd cache-miss
4615 silly fetch manifest get-proto@^1.0.1
4616 silly packumentCache full:https://registry.npmjs.org/get-proto cache-miss
4617 http fetch GET 200 https://registry.npmjs.org/call-bind-apply-helpers 63ms (cache miss)
4618 silly packumentCache full:https://registry.npmjs.org/call-bind-apply-helpers set size:undefined disposed:false
4619 silly fetch manifest has-symbols@^1.1.0
4620 silly packumentCache full:https://registry.npmjs.org/has-symbols cache-miss
4621 http fetch GET 200 https://registry.npmjs.org/gopd 69ms (cache miss)
4622 silly packumentCache full:https://registry.npmjs.org/gopd set size:undefined disposed:false
4623 silly fetch manifest es-object-atoms@^1.1.1
4624 silly packumentCache full:https://registry.npmjs.org/es-object-atoms cache-miss
4625 http fetch GET 200 https://registry.npmjs.org/get-proto 70ms (cache miss)
4626 silly packumentCache full:https://registry.npmjs.org/get-proto set size:undefined disposed:false
4627 silly fetch manifest math-intrinsics@^1.1.0
4628 silly packumentCache full:https://registry.npmjs.org/math-intrinsics cache-miss
4629 http fetch GET 200 https://registry.npmjs.org/has-symbols 61ms (cache miss)
4630 silly packumentCache full:https://registry.npmjs.org/has-symbols set size:undefined disposed:false
4631 silly fetch manifest es-define-property@^1.0.1
4632 silly packumentCache full:https://registry.npmjs.org/es-define-property cache-miss
4633 http fetch GET 200 https://registry.npmjs.org/es-object-atoms 63ms (cache miss)
4634 silly packumentCache full:https://registry.npmjs.org/es-object-atoms set size:undefined disposed:false
4635 http fetch GET 200 https://registry.npmjs.org/math-intrinsics 68ms (cache miss)
4636 silly packumentCache full:https://registry.npmjs.org/math-intrinsics set size:undefined disposed:false
4637 http fetch GET 200 https://registry.npmjs.org/es-define-property 43ms (cache miss)
4638 silly packumentCache full:https://registry.npmjs.org/es-define-property set size:undefined disposed:false
4639 silly placeDep ROOT call-bind-apply-helpers@1.0.2 OK for: call-bound@1.0.4 want: ^1.0.2
4640 silly placeDep ROOT es-define-property@1.0.1 OK for: get-intrinsic@1.3.0 want: ^1.0.1
4641 silly placeDep ROOT es-object-atoms@1.1.1 OK for: get-intrinsic@1.3.0 want: ^1.1.1
4642 silly placeDep ROOT get-proto@1.0.1 OK for: get-intrinsic@1.3.0 want: ^1.0.1
4643 silly placeDep ROOT gopd@1.2.0 OK for: get-intrinsic@1.3.0 want: ^1.2.0
4644 silly placeDep ROOT has-symbols@1.1.0 OK for: get-intrinsic@1.3.0 want: ^1.1.0
4645 silly placeDep ROOT math-intrinsics@1.1.0 OK for: get-intrinsic@1.3.0 want: ^1.1.0
4646 silly fetch manifest dunder-proto@^1.0.1
4647 silly packumentCache full:https://registry.npmjs.org/dunder-proto cache-miss
4648 http fetch GET 200 https://registry.npmjs.org/dunder-proto 52ms (cache miss)
4649 silly packumentCache full:https://registry.npmjs.org/dunder-proto set size:undefined disposed:false
4650 silly placeDep ROOT dunder-proto@1.0.1 OK for: get-proto@1.0.1 want: ^1.0.1
4651 silly placeDep ROOT uuid@8.3.2 OK for: sockjs@0.3.24 want: ^8.3.2
4652 silly placeDep ROOT handle-thing@2.0.1 OK for: spdy@4.0.2 want: ^2.0.0
4653 silly placeDep ROOT http-deceiver@1.2.7 OK for: spdy@4.0.2 want: ^1.2.7
4654 silly placeDep ROOT select-hose@2.0.0 OK for: spdy@4.0.2 want: ^2.0.0
4655 silly placeDep ROOT spdy-transport@3.0.0 OK for: spdy@4.0.2 want: ^3.0.0
4656 silly fetch manifest detect-node@^2.0.4
4657 silly packumentCache full:https://registry.npmjs.org/detect-node cache-miss
4658 silly fetch manifest hpack.js@^2.1.6
4659 silly packumentCache full:https://registry.npmjs.org/hpack.js cache-miss
4660 silly fetch manifest obuf@^1.1.2
4661 silly packumentCache full:https://registry.npmjs.org/obuf cache-miss
4662 http fetch GET 200 https://registry.npmjs.org/hpack.js 78ms (cache miss)
4663 silly packumentCache full:https://registry.npmjs.org/hpack.js set size:undefined disposed:false
4664 silly fetch manifest wbuf@^1.7.3
4665 silly packumentCache full:https://registry.npmjs.org/wbuf cache-miss
4666 http fetch GET 200 https://registry.npmjs.org/obuf 81ms (cache miss)
4667 silly packumentCache full:https://registry.npmjs.org/obuf set size:undefined disposed:false
4668 http fetch GET 200 https://registry.npmjs.org/detect-node 90ms (cache miss)
4669 silly packumentCache full:https://registry.npmjs.org/detect-node set size:undefined disposed:false
4670 http fetch GET 200 https://registry.npmjs.org/wbuf 79ms (cache miss)
4671 silly packumentCache full:https://registry.npmjs.org/wbuf set size:undefined disposed:false
4672 silly placeDep ROOT detect-node@2.1.0 OK for: spdy-transport@3.0.0 want: ^2.0.4
4673 silly placeDep ROOT hpack.js@2.1.6 OK for: spdy-transport@3.0.0 want: ^2.1.6
4674 silly placeDep ROOT obuf@1.1.2 OK for: spdy-transport@3.0.0 want: ^1.1.2
4675 silly placeDep ROOT wbuf@1.7.3 OK for: spdy-transport@3.0.0 want: ^1.7.3
4676 silly fetch manifest obuf@^1.0.0
4677 silly packumentCache full:https://registry.npmjs.org/obuf cache-miss
4678 silly fetch manifest readable-stream@^2.0.1
4679 silly packumentCache full:https://registry.npmjs.org/readable-stream cache-miss
4680 silly fetch manifest wbuf@^1.1.0
4681 silly packumentCache full:https://registry.npmjs.org/wbuf cache-miss
4682 http fetch GET 200 https://registry.npmjs.org/obuf 80ms (cache revalidated)
4683 silly packumentCache full:https://registry.npmjs.org/obuf set size:14024 disposed:false
4684 silly fetch manifest minimalistic-assert@^1.0.0
4685 silly packumentCache full:https://registry.npmjs.org/minimalistic-assert cache-miss
4686 http fetch GET 200 https://registry.npmjs.org/wbuf 102ms (cache revalidated)
4687 silly packumentCache full:https://registry.npmjs.org/wbuf set size:20540 disposed:false
4688 http fetch GET 200 https://registry.npmjs.org/readable-stream 134ms (cache revalidated)
4689 silly packumentCache full:https://registry.npmjs.org/readable-stream set size:261096 disposed:false
4690 http fetch GET 200 https://registry.npmjs.org/minimalistic-assert 81ms (cache miss)
4691 silly packumentCache full:https://registry.npmjs.org/minimalistic-assert set size:undefined disposed:false
4692 silly placeDep node_modules/hpack.js readable-stream@2.3.8 OK for: hpack.js@2.1.6 want: ^2.0.1
4693 silly fetch manifest isarray@~1.0.0
4694 silly packumentCache full:https://registry.npmjs.org/isarray cache-miss
4695 silly fetch manifest safe-buffer@~5.1.1
4696 silly packumentCache full:https://registry.npmjs.org/safe-buffer cache-hit
4697 silly fetch manifest core-util-is@~1.0.0
4698 silly packumentCache full:https://registry.npmjs.org/core-util-is cache-miss
4699 silly fetch manifest string_decoder@~1.1.1
4700 silly packumentCache full:https://registry.npmjs.org/string_decoder cache-miss
4701 http fetch GET 200 https://registry.npmjs.org/core-util-is 72ms (cache miss)
4702 silly packumentCache full:https://registry.npmjs.org/core-util-is set size:undefined disposed:false
4703 silly fetch manifest process-nextick-args@~2.0.0
4704 silly packumentCache full:https://registry.npmjs.org/process-nextick-args cache-miss
4705 http fetch GET 200 https://registry.npmjs.org/isarray 96ms (cache miss)
4706 silly packumentCache full:https://registry.npmjs.org/isarray set size:undefined disposed:false
4707 http fetch GET 200 https://registry.npmjs.org/string_decoder 100ms (cache revalidated)
4708 silly packumentCache full:https://registry.npmjs.org/string_decoder set size:28441 disposed:false
4709 http fetch GET 200 https://registry.npmjs.org/process-nextick-args 63ms (cache miss)
4710 silly packumentCache full:https://registry.npmjs.org/process-nextick-args set size:undefined disposed:false
4711 silly placeDep ROOT media-typer@0.3.0 OK for: type-is@1.6.18 want: 0.3.0
4712 silly placeDep ROOT minimalistic-assert@1.0.1 OK for: wbuf@1.7.3 want: ^1.0.0
4713 silly placeDep ROOT clone-deep@4.0.1 OK for: webpack-merge@6.0.1 want: ^4.0.1
4714 silly placeDep ROOT flat@5.0.2 OK for: webpack-merge@6.0.1 want: ^5.0.2
4715 silly placeDep ROOT wildcard@2.0.1 OK for: webpack-merge@6.0.1 want: ^2.0.1
4716 silly fetch manifest is-plain-object@^2.0.4
4717 silly packumentCache full:https://registry.npmjs.org/is-plain-object cache-miss
4718 silly fetch manifest kind-of@^6.0.2
4719 silly packumentCache full:https://registry.npmjs.org/kind-of cache-miss
4720 silly fetch manifest shallow-clone@^3.0.0
4721 silly packumentCache full:https://registry.npmjs.org/shallow-clone cache-miss
4722 http fetch GET 200 https://registry.npmjs.org/kind-of 88ms (cache miss)
4723 silly packumentCache full:https://registry.npmjs.org/kind-of set size:undefined disposed:false
4724 http fetch GET 200 https://registry.npmjs.org/shallow-clone 104ms (cache miss)
4725 silly packumentCache full:https://registry.npmjs.org/shallow-clone set size:undefined disposed:false
4726 http fetch GET 200 https://registry.npmjs.org/is-plain-object 124ms (cache revalidated)
4727 silly packumentCache full:https://registry.npmjs.org/is-plain-object set size:47016 disposed:false
4728 silly placeDep node_modules/clone-deep is-plain-object@2.0.4 OK for: clone-deep@4.0.1 want: ^2.0.4
4729 silly placeDep ROOT kind-of@6.0.3 OK for: clone-deep@4.0.1 want: ^6.0.2
4730 silly placeDep ROOT shallow-clone@3.0.1 OK for: clone-deep@4.0.1 want: ^3.0.0
4731 silly fetch manifest isobject@^3.0.1
4732 silly packumentCache full:https://registry.npmjs.org/isobject cache-miss
4733 http fetch GET 200 https://registry.npmjs.org/isobject 58ms (cache miss)
4734 silly packumentCache full:https://registry.npmjs.org/isobject set size:undefined disposed:false
4735 silly placeDep ROOT typed-assert@1.0.9 OK for: webpack-subresource-integrity@5.1.0 want: ^1.0.8
4736 silly placeDep ROOT http-parser-js@0.5.10 OK for: websocket-driver@0.7.4 want: >=0.5.1
4737 silly placeDep ROOT websocket-extensions@0.1.4 OK for: websocket-driver@0.7.4 want: >=0.1.1
4738 silly placeDep ROOT isexe@3.1.5 OK for: which@4.0.0 want: ^3.1.1
4739 silly placeDep node_modules/wrap-ansi string-width@4.2.3 OK for: wrap-ansi@6.2.0 want: ^4.1.0
4740 silly placeDep node_modules/wrap-ansi-cjs string-width@4.2.3 OK for: wrap-ansi@7.0.0 want: ^4.1.0
4741 silly placeDep ROOT cliui@8.0.1 OK for: yargs@17.7.2 want: ^8.0.1
4742 silly placeDep ROOT get-caller-file@2.0.5 OK for: yargs@17.7.2 want: ^2.0.5
4743 silly placeDep ROOT require-directory@2.1.1 OK for: yargs@17.7.2 want: ^2.1.1
4744 silly placeDep node_modules/yargs string-width@4.2.3 OK for: yargs@17.7.2 want: ^4.2.3
4745 silly placeDep ROOT y18n@5.0.8 OK for: yargs@17.7.2 want: ^5.0.5
4746 silly placeDep ROOT yargs-parser@21.1.1 OK for: yargs@17.7.2 want: ^21.1.1
4747 silly fetch manifest wrap-ansi@^7.0.0
4748 silly packumentCache full:https://registry.npmjs.org/wrap-ansi cache-hit
4749 silly fetch manifest string-width@^4.2.0
4750 silly packumentCache full:https://registry.npmjs.org/string-width cache-hit
4751 silly placeDep node_modules/cliui string-width@4.2.3 OK for: cliui@8.0.1 want: ^4.2.0
4752 silly placeDep node_modules/cliui wrap-ansi@7.0.0 OK for: cliui@8.0.1 want: ^7.0.0
4753 silly placeDep node_modules/@angular/build convert-source-map@2.0.0 OK for: @babel/core@7.25.2 want: ^2.0.0
4754 silly placeDep node_modules/@angular/build/node_modules/@babel/core semver@6.3.1 OK for: @babel/core@7.25.2 want: ^6.3.1
4755 silly placeDep node_modules/@angular/compiler-cli/node_modules/@babel/core convert-source-map@2.0.0 OK for: @babel/core@7.25.2 want: ^2.0.0
4756 silly placeDep node_modules/@angular/compiler-cli/node_modules/@babel/core semver@6.3.1 OK for: @babel/core@7.25.2 want: ^6.3.1
4757 silly placeDep ROOT eastasianwidth@0.2.0 OK for: string-width@5.1.2 want: ^0.2.0
4758 silly placeDep node_modules/@isaacs/cliui emoji-regex@9.2.2 OK for: string-width@5.1.2 want: ^9.2.2
4759 silly placeDep node_modules/@isaacs/cliui ansi-regex@6.2.2 OK for: strip-ansi@7.2.0 want: ^6.2.2
4760 silly placeDep node_modules/@isaacs/cliui ansi-styles@6.2.3 OK for: wrap-ansi@8.1.0 want: ^6.1.0
4761 silly placeDep node_modules/@jsonjoy.com/fs-snapshot @jsonjoy.com/base64@17.67.0 OK for: @jsonjoy.com/json-pack@17.67.0 want: 17.67.0
4762 silly placeDep node_modules/@jsonjoy.com/fs-snapshot @jsonjoy.com/codegen@17.67.0 OK for: @jsonjoy.com/json-pack@17.67.0 want: 17.67.0
4763 silly placeDep node_modules/@jsonjoy.com/fs-snapshot @jsonjoy.com/json-pointer@17.67.0 OK for: @jsonjoy.com/json-pack@17.67.0 want: 17.67.0
4764 silly placeDep ROOT @types/mime@1.3.5 OK for: @types/send@0.17.6 want: ^1
4765 silly placeDep ROOT big.js@5.2.2 OK for: loader-utils@2.0.4 want: ^5.2.2
4766 silly placeDep ROOT emojis-list@3.0.0 OK for: loader-utils@2.0.4 want: ^3.0.0
4767 silly placeDep node_modules/body-parser ms@2.0.0 OK for: debug@2.6.9 want: 2.0.0
4768 silly placeDep node_modules/cliui emoji-regex@8.0.0 OK for: string-width@4.2.3 want: ^8.0.0
4769 silly placeDep node_modules/cliui is-fullwidth-code-point@3.0.0 OK for: string-width@4.2.3 want: ^3.0.0
4770 silly placeDep ROOT isobject@3.0.1 OK for: is-plain-object@2.0.4 want: ^3.0.1
4771 silly placeDep node_modules/compression ms@2.0.0 OK for: debug@2.6.9 want: 2.0.0
4772 silly placeDep node_modules/cross-spawn isexe@2.0.0 OK for: which@2.0.2 want: ^2.0.0
4773 silly placeDep node_modules/express ms@2.0.0 OK for: debug@2.6.9 want: 2.0.0
4774 silly placeDep node_modules/finalhandler ms@2.0.0 OK for: debug@2.6.9 want: 2.0.0
4775 silly placeDep node_modules/globby glob-parent@5.1.2 OK for: fast-glob@3.3.3 want: ^5.1.2
4776 silly placeDep ROOT core-util-is@1.0.3 OK for: readable-stream@2.3.8 want: ~1.0.0
4777 silly placeDep ROOT isarray@1.0.0 OK for: readable-stream@2.3.8 want: ~1.0.0
4778 silly placeDep ROOT process-nextick-args@2.0.1 OK for: readable-stream@2.3.8 want: ~2.0.0
4779 silly placeDep node_modules/hpack.js safe-buffer@5.1.2 OK for: readable-stream@2.3.8 want: ~5.1.1
4780 silly placeDep node_modules/hpack.js string_decoder@1.1.1 OK for: readable-stream@2.3.8 want: ~1.1.1
4781 silly placeDep node_modules/listr2 ansi-styles@6.2.3 OK for: wrap-ansi@9.0.2 want: ^6.2.1
4782 silly placeDep node_modules/listr2 strip-ansi@7.2.0 OK for: wrap-ansi@9.0.2 want: ^7.1.0
4783 silly placeDep node_modules/listr2 ansi-regex@6.2.2 OK for: strip-ansi@7.2.0 want: ^6.2.2
4784 silly placeDep ROOT environment@1.1.0 OK for: ansi-escapes@7.3.0 want: ^1.0.0
4785 silly placeDep node_modules/log-update ansi-styles@6.2.3 OK for: slice-ansi@7.1.2 want: ^6.2.1
4786 silly placeDep node_modules/log-update is-fullwidth-code-point@5.1.0 OK for: slice-ansi@7.1.2 want: ^5.0.0
4787 silly placeDep node_modules/log-update ansi-regex@6.2.2 OK for: strip-ansi@7.2.0 want: ^6.2.2
4788 silly placeDep node_modules/minipass-flush yallist@4.0.0 OK for: minipass@3.3.6 want: ^4.0.0
4789 silly placeDep node_modules/minipass-pipeline yallist@4.0.0 OK for: minipass@3.3.6 want: ^4.0.0
4790 silly placeDep node_modules/minipass-sized yallist@4.0.0 OK for: minipass@3.3.6 want: ^4.0.0
4791 silly placeDep node_modules/ora restore-cursor@3.1.0 OK for: cli-cursor@3.1.0 want: ^3.1.0
4792 silly fetch manifest onetime@^5.1.0
4793 silly packumentCache full:https://registry.npmjs.org/onetime cache-miss
4794 silly fetch manifest signal-exit@^3.0.2
4795 silly packumentCache full:https://registry.npmjs.org/signal-exit cache-miss
4796 http fetch GET 200 https://registry.npmjs.org/onetime 110ms (cache revalidated)
4797 silly packumentCache full:https://registry.npmjs.org/onetime set size:32314 disposed:false
4798 http fetch GET 200 https://registry.npmjs.org/signal-exit 140ms (cache revalidated)
4799 silly packumentCache full:https://registry.npmjs.org/signal-exit set size:53489 disposed:false
4800 silly placeDep node_modules/ora onetime@5.1.2 OK for: restore-cursor@3.1.0 want: ^5.1.0
4801 silly placeDep node_modules/ora signal-exit@3.0.7 OK for: restore-cursor@3.1.0 want: ^3.0.2
4802 silly fetch manifest mimic-fn@^2.1.0
4803 silly packumentCache full:https://registry.npmjs.org/mimic-fn cache-miss
4804 http fetch GET 200 https://registry.npmjs.org/mimic-fn 55ms (cache miss)
4805 silly packumentCache full:https://registry.npmjs.org/mimic-fn set size:undefined disposed:false
4806 silly placeDep ROOT mimic-fn@2.1.0 OK for: onetime@5.1.2 want: ^2.1.0
4807 silly placeDep ROOT anymatch@3.1.3 OK for: chokidar@3.6.0 want: ~3.1.2
4808 silly placeDep node_modules/sass glob-parent@5.1.2 OK for: chokidar@3.6.0 want: ~5.1.2
4809 silly placeDep ROOT is-binary-path@2.1.0 OK for: chokidar@3.6.0 want: ~2.1.0
4810 silly placeDep node_modules/sass readdirp@3.6.0 OK for: chokidar@3.6.0 want: ~3.6.0
4811 silly fetch manifest picomatch@^2.0.4
4812 silly packumentCache full:https://registry.npmjs.org/picomatch cache-hit
4813 silly fetch manifest binary-extensions@^2.0.0
4814 silly packumentCache full:https://registry.npmjs.org/binary-extensions cache-miss
4815 silly fetch manifest picomatch@^2.2.1
4816 silly packumentCache full:https://registry.npmjs.org/picomatch cache-hit
4817 http fetch GET 200 https://registry.npmjs.org/binary-extensions 61ms (cache miss)
4818 silly packumentCache full:https://registry.npmjs.org/binary-extensions set size:undefined disposed:false
4819 silly placeDep node_modules/anymatch picomatch@2.3.2 OK for: anymatch@3.1.3 want: ^2.0.4
4820 silly placeDep ROOT binary-extensions@2.3.0 OK for: is-binary-path@2.1.0 want: ^2.0.0
4821 silly placeDep node_modules/sass picomatch@2.3.2 OK for: readdirp@3.6.0 want: ^2.2.1
4822 silly placeDep node_modules/send/node_modules/debug ms@2.0.0 OK for: debug@2.6.9 want: 2.0.0
4823 silly placeDep node_modules/serve-index ms@2.0.0 OK for: debug@2.6.9 want: 2.0.0
4824 silly placeDep node_modules/serve-index depd@1.1.2 OK for: http-errors@1.8.1 want: ~1.1.2
4825 silly placeDep node_modules/serve-index statuses@1.5.0 OK for: http-errors@1.8.1 want: >= 1.5.0 < 2
4826 silly placeDep node_modules/string-width ansi-regex@6.2.2 OK for: strip-ansi@7.2.0 want: ^6.2.2
4827 silly placeDep node_modules/tar/node_modules/fs-minipass minipass@3.3.6 OK for: fs-minipass@2.1.0 want: ^3.0.0
4828 silly placeDep node_modules/vite @esbuild/aix-ppc64@0.21.5 OK for: esbuild@0.21.5 want: 0.21.5
4829 silly placeDep node_modules/vite @esbuild/android-arm@0.21.5 OK for: esbuild@0.21.5 want: 0.21.5
4830 silly placeDep node_modules/vite @esbuild/android-arm64@0.21.5 OK for: esbuild@0.21.5 want: 0.21.5
4831 silly placeDep node_modules/vite @esbuild/android-x64@0.21.5 OK for: esbuild@0.21.5 want: 0.21.5
4832 silly placeDep node_modules/vite @esbuild/darwin-arm64@0.21.5 OK for: esbuild@0.21.5 want: 0.21.5
4833 silly placeDep node_modules/vite @esbuild/darwin-x64@0.21.5 OK for: esbuild@0.21.5 want: 0.21.5
4834 silly placeDep node_modules/vite @esbuild/freebsd-arm64@0.21.5 OK for: esbuild@0.21.5 want: 0.21.5
4835 silly placeDep node_modules/vite @esbuild/freebsd-x64@0.21.5 OK for: esbuild@0.21.5 want: 0.21.5
4836 silly placeDep node_modules/vite @esbuild/linux-arm@0.21.5 OK for: esbuild@0.21.5 want: 0.21.5
4837 silly placeDep node_modules/vite @esbuild/linux-arm64@0.21.5 OK for: esbuild@0.21.5 want: 0.21.5
4838 silly placeDep node_modules/vite @esbuild/linux-ia32@0.21.5 OK for: esbuild@0.21.5 want: 0.21.5
4839 silly placeDep node_modules/vite @esbuild/linux-loong64@0.21.5 OK for: esbuild@0.21.5 want: 0.21.5
4840 silly placeDep node_modules/vite @esbuild/linux-mips64el@0.21.5 OK for: esbuild@0.21.5 want: 0.21.5
4841 silly placeDep node_modules/vite @esbuild/linux-ppc64@0.21.5 OK for: esbuild@0.21.5 want: 0.21.5
4842 silly placeDep node_modules/vite @esbuild/linux-riscv64@0.21.5 OK for: esbuild@0.21.5 want: 0.21.5
4843 silly placeDep node_modules/vite @esbuild/linux-s390x@0.21.5 OK for: esbuild@0.21.5 want: 0.21.5
4844 silly placeDep node_modules/vite @esbuild/linux-x64@0.21.5 OK for: esbuild@0.21.5 want: 0.21.5
4845 silly placeDep node_modules/vite @esbuild/netbsd-x64@0.21.5 OK for: esbuild@0.21.5 want: 0.21.5
4846 silly placeDep node_modules/vite @esbuild/openbsd-x64@0.21.5 OK for: esbuild@0.21.5 want: 0.21.5
4847 silly placeDep node_modules/vite @esbuild/sunos-x64@0.21.5 OK for: esbuild@0.21.5 want: 0.21.5
4848 silly placeDep node_modules/vite @esbuild/win32-arm64@0.21.5 OK for: esbuild@0.21.5 want: 0.21.5
4849 silly placeDep node_modules/vite @esbuild/win32-ia32@0.21.5 OK for: esbuild@0.21.5 want: 0.21.5
4850 silly placeDep node_modules/vite @esbuild/win32-x64@0.21.5 OK for: esbuild@0.21.5 want: 0.21.5
4851 silly placeDep node_modules/webpack-dev-server glob-parent@5.1.2 OK for: chokidar@3.6.0 want: ~5.1.2
4852 silly placeDep node_modules/webpack-dev-server readdirp@3.6.0 OK for: chokidar@3.6.0 want: ~3.6.0
4853 silly placeDep ROOT is-plain-obj@3.0.0 OK for: http-proxy-middleware@2.0.9 want: ^3.0.0
4854 silly placeDep node_modules/webpack-dev-server picomatch@2.3.2 OK for: readdirp@3.6.0 want: ^2.2.1
4855 silly placeDep node_modules/webpack ajv@6.14.0 OK for: schema-utils@3.3.0 want: ^6.12.5
4856 silly placeDep node_modules/webpack ajv-keywords@3.5.2 OK for: schema-utils@3.3.0 want: ^3.5.2
4857 silly fetch manifest fast-json-stable-stringify@^2.0.0
4858 silly packumentCache full:https://registry.npmjs.org/fast-json-stable-stringify cache-miss
4859 silly fetch manifest json-schema-traverse@^0.4.1
4860 silly packumentCache full:https://registry.npmjs.org/json-schema-traverse cache-miss
4861 silly fetch manifest uri-js@^4.2.2
4862 silly packumentCache full:https://registry.npmjs.org/uri-js cache-miss
4863 http fetch GET 200 https://registry.npmjs.org/fast-json-stable-stringify 75ms (cache miss)
4864 silly packumentCache full:https://registry.npmjs.org/fast-json-stable-stringify set size:undefined disposed:false
4865 http fetch GET 200 https://registry.npmjs.org/uri-js 87ms (cache miss)
4866 silly packumentCache full:https://registry.npmjs.org/uri-js set size:undefined disposed:false
4867 http fetch GET 200 https://registry.npmjs.org/json-schema-traverse 104ms (cache revalidated)
4868 silly packumentCache full:https://registry.npmjs.org/json-schema-traverse set size:23537 disposed:false
4869 silly placeDep ROOT fast-json-stable-stringify@2.1.0 OK for: ajv@6.14.0 want: ^2.0.0
4870 silly placeDep node_modules/webpack json-schema-traverse@0.4.1 OK for: ajv@6.14.0 want: ^0.4.1
4871 silly placeDep ROOT uri-js@4.4.1 OK for: ajv@6.14.0 want: ^4.2.2
4872 silly fetch manifest punycode@^2.1.0
4873 silly packumentCache full:https://registry.npmjs.org/punycode cache-miss
4874 http fetch GET 200 https://registry.npmjs.org/punycode 63ms (cache miss)
4875 silly packumentCache full:https://registry.npmjs.org/punycode set size:undefined disposed:false
4876 silly placeDep ROOT punycode@2.3.1 OK for: uri-js@4.4.1 want: ^2.1.0
4877 silly placeDep node_modules/wrap-ansi-cjs emoji-regex@8.0.0 OK for: string-width@4.2.3 want: ^8.0.0
4878 silly placeDep node_modules/wrap-ansi-cjs is-fullwidth-code-point@3.0.0 OK for: string-width@4.2.3 want: ^3.0.0
4879 silly placeDep node_modules/wrap-ansi emoji-regex@8.0.0 OK for: string-width@4.2.3 want: ^8.0.0
4880 silly placeDep node_modules/wrap-ansi is-fullwidth-code-point@3.0.0 OK for: string-width@4.2.3 want: ^3.0.0
4881 silly placeDep node_modules/yargs emoji-regex@8.0.0 OK for: string-width@4.2.3 want: ^8.0.0
4882 silly placeDep node_modules/yargs is-fullwidth-code-point@3.0.0 OK for: string-width@4.2.3 want: ^3.0.0
4883 silly reify moves {}
4884 silly audit bulk request {
4884 silly audit   '@angular-devkit/build-angular': [ '18.2.21' ],
4884 silly audit   typescript: [ '5.5.4' ],
4884 silly audit   '@angular/compiler-cli': [ '18.2.14' ],
4884 silly audit   '@angular/compiler': [ '18.2.14' ],
4884 silly audit   '@angular/animations': [ '18.2.14' ],
4884 silly audit   '@angular/core': [ '18.2.14' ],
4884 silly audit   rxjs: [ '7.8.2', '7.8.1' ],
4884 silly audit   'zone.js': [ '0.14.10' ],
4884 silly audit   '@angular/cli': [ '18.2.21' ],
4884 silly audit   '@angular/common': [ '18.2.14' ],
4884 silly audit   '@angular/forms': [ '18.2.14' ],
4884 silly audit   '@angular/platform-browser': [ '18.2.14' ],
4884 silly audit   '@angular/platform-browser-dynamic': [ '18.2.14' ],
4884 silly audit   '@angular/router': [ '18.2.14' ],
4884 silly audit   '@stomp/stompjs': [ '7.3.0' ],
4884 silly audit   '@types/node': [ '22.19.17' ],
4884 silly audit   '@types/sockjs-client': [ '1.5.4' ],
4884 silly audit   'sockjs-client': [ '1.6.1' ],
4884 silly audit   tslib: [ '2.8.1', '2.6.3' ],
4884 silly audit   '@ampproject/remapping': [ '2.3.0' ],
4884 silly audit   '@angular-devkit/architect': [ '0.1802.21' ],
4884 silly audit   '@angular-devkit/build-webpack': [ '0.1802.21' ],
4884 silly audit   webpack: [ '5.94.0' ],
4884 silly audit   'webpack-dev-server': [ '5.2.2' ],
4884 silly audit   '@angular-devkit/core': [ '18.2.21' ],
4884 silly audit   '@angular/build': [ '18.2.21' ],
4884 silly audit   '@babel/core': [ '7.26.10', '7.25.2' ],
4884 silly audit   '@babel/generator': [ '7.26.10', '7.29.1' ],
4884 silly audit   '@babel/helper-annotate-as-pure': [ '7.25.9', '7.24.7', '7.27.3' ],
4884 silly audit   '@babel/helper-split-export-declaration': [ '7.24.7' ],
4884 silly audit   '@babel/plugin-transform-async-generator-functions': [ '7.26.8' ],
4884 silly audit   '@babel/plugin-transform-async-to-generator': [ '7.25.9' ],
4884 silly audit   '@babel/plugin-transform-runtime': [ '7.26.10' ],
4884 silly audit   '@babel/preset-env': [ '7.26.9' ],
4884 silly audit   '@babel/runtime': [ '7.26.10' ],
4884 silly audit   '@discoveryjs/json-ext': [ '0.6.1' ],
4884 silly audit   '@ngtools/webpack': [ '18.2.21' ],
4884 silly audit   'ansi-colors': [ '4.1.3' ],
4884 silly audit   autoprefixer: [ '10.4.20' ],
4884 silly audit   postcss: [ '8.4.41', '8.5.10' ],
4884 silly audit   'babel-loader': [ '9.1.3' ],
4884 silly audit   browserslist: [ '4.28.2' ],
4884 silly audit   'copy-webpack-plugin': [ '12.0.2' ],
4884 silly audit   critters: [ '0.0.24' ],
4884 silly audit   'css-loader': [ '7.1.2' ],
4884 silly audit   esbuild: [ '0.23.0', '0.21.5' ],
4884 silly audit   'esbuild-wasm': [ '0.23.0' ],
4884 silly audit   'fast-glob': [ '3.3.2', '3.3.3' ],
4884 silly audit   'http-proxy-middleware': [ '3.0.5', '2.0.9' ],
4884 silly audit   'https-proxy-agent': [ '7.0.5' ],
4884 silly audit   'istanbul-lib-instrument': [ '6.0.3' ],
4884 silly audit   'jsonc-parser': [ '3.3.1' ],
4884 silly audit   'karma-source-map-support': [ '1.4.0' ],
4884 silly audit   less: [ '4.2.0' ],
4884 silly audit   'less-loader': [ '12.2.0' ],
4884 silly audit   'license-webpack-plugin': [ '4.0.2' ],
4884 silly audit   'loader-utils': [ '3.3.1', '2.0.4' ],
4884 silly audit   'magic-string': [ '0.30.11' ],
4884 silly audit   'mini-css-extract-plugin': [ '2.9.0' ],
4884 silly audit   mrmime: [ '2.0.0' ],
4884 silly audit   open: [ '10.1.0' ],
4884 silly audit   ora: [ '5.4.1' ],
4884 silly audit   'parse5-html-rewriting-stream': [ '7.0.0' ],
4884 silly audit   picomatch: [ '4.0.2', '2.3.2' ],
4884 silly audit   piscina: [ '4.6.1' ],
4884 silly audit   'postcss-loader': [ '8.1.1' ],
4884 silly audit   'resolve-url-loader': [ '5.0.0' ],
4884 silly audit   sass: [ '1.77.6' ],
4884 silly audit   'sass-loader': [ '16.0.0' ],
4884 silly audit   semver: [ '7.6.3', '6.3.1', '5.7.2' ],
4884 silly audit   'source-map-loader': [ '5.0.0' ],
4884 silly audit   'source-map-support': [ '0.5.21' ],
4884 silly audit   terser: [ '5.31.6' ],
4884 silly audit   'tree-kill': [ '1.2.2' ],
4884 silly audit   watchpack: [ '2.4.1' ],
4884 silly audit   'webpack-dev-middleware': [ '7.4.2' ],
4884 silly audit   'webpack-merge': [ '6.0.1' ],
4884 silly audit   'webpack-subresource-integrity': [ '5.1.0' ],
4884 silly audit   '@jridgewell/gen-mapping': [ '0.3.13' ],
4884 silly audit   '@jridgewell/trace-mapping': [ '0.3.31' ],
4884 silly audit   ajv: [ '8.17.1', '6.14.0' ],
4884 silly audit   'ajv-formats': [ '3.0.1', '2.1.1' ],
4884 silly audit   'source-map': [ '0.7.4', '0.6.1' ],
4884 silly audit   '@babel/plugin-syntax-import-attributes': [ '7.24.7', '7.28.6' ],
4884 silly audit   '@inquirer/confirm': [ '3.1.22' ],
4884 silly audit   '@vitejs/plugin-basic-ssl': [ '1.1.0' ],
4884 silly audit   vite: [ '5.4.21' ],
4884 silly audit   listr2: [ '8.2.4' ],
4884 silly audit   lmdb: [ '3.0.13' ],
4884 silly audit   rollup: [ '4.22.4' ],
4884 silly audit   '@angular-devkit/schematics': [ '18.2.21' ],
4884 silly audit   '@inquirer/prompts': [ '5.3.8' ],
4884 silly audit   '@listr2/prompt-adapter-inquirer': [ '2.0.15' ],
4884 silly audit   '@schematics/angular': [ '18.2.21' ],
4884 silly audit   '@yarnpkg/lockfile': [ '1.1.0' ],
4884 silly audit   ini: [ '4.1.3' ],
4884 silly audit   'npm-package-arg': [ '11.0.3' ],
4884 silly audit   'npm-pick-manifest': [ '9.1.0' ],
4884 silly audit   pacote: [ '18.0.6' ],
4884 silly audit   resolve: [ '1.22.8', '1.22.12' ],
4884 silly audit   'symbol-observable': [ '4.0.0' ],
4884 silly audit   yargs: [ '17.7.2' ],
4884 silly audit   '@jridgewell/sourcemap-codec': [ '1.5.5' ],
4884 silly audit   chokidar: [ '4.0.3', '3.6.0' ],
4884 silly audit   'convert-source-map': [ '1.9.0', '2.0.0' ],
4884 silly audit   'reflect-metadata': [ '0.2.2' ],
4884 silly audit   '@babel/code-frame': [ '7.29.0' ],
4884 silly audit   '@babel/helper-compilation-targets': [ '7.28.6' ],
4884 silly audit   '@babel/helper-module-transforms': [ '7.28.6' ],
4884 silly audit   '@babel/helpers': [ '7.29.2' ],
4884 silly audit   '@babel/parser': [ '7.29.2' ],
4884 silly audit   '@babel/template': [ '7.28.6' ],
4884 silly audit   '@babel/traverse': [ '7.29.0' ],
4884 silly audit   '@babel/types': [ '7.29.0' ],
4884 silly audit   debug: [ '4.4.3', '3.2.7', '2.6.9' ],
4884 silly audit   gensync: [ '1.0.0-beta.2' ],
4884 silly audit   json5: [ '2.2.3' ],
4884 silly audit   '@babel/helper-validator-identifier': [ '7.28.5' ],
4884 silly audit   'js-tokens': [ '4.0.0' ],
4884 silly audit   picocolors: [ '1.1.1' ],
4884 silly audit   jsesc: [ '3.1.0' ],
4884 silly audit   '@babel/compat-data': [ '7.29.0' ],
4884 silly audit   '@babel/helper-validator-option': [ '7.27.1' ],
4884 silly audit   'lru-cache': [ '5.1.1', '10.4.3' ],
4884 silly audit   '@babel/helper-module-imports': [ '7.28.6' ],
4884 silly audit   '@babel/helper-plugin-utils': [ '7.28.6' ],
4884 silly audit   '@babel/helper-remap-async-to-generator': [ '7.27.1' ],
4884 silly audit   '@babel/helper-wrap-function': [ '7.28.6' ],
4884 silly audit   'babel-plugin-polyfill-corejs2': [ '0.4.17' ],
4884 silly audit   'babel-plugin-polyfill-corejs3': [ '0.11.1' ],
4884 silly audit   'babel-plugin-polyfill-regenerator': [ '0.6.8' ],
4884 silly audit   '@babel/plugin-bugfix-firefox-class-in-computed-class-key': [ '7.28.5' ],
4884 silly audit   '@babel/plugin-bugfix-safari-class-field-initializer-scope': [ '7.27.1' ],
4884 silly audit   '@babel/plugin-bugfix-safari-id-destructuring-collision-in-function-expression': [ '7.27.1' ],
4884 silly audit   '@babel/plugin-bugfix-v8-spread-parameters-in-optional-chaining': [ '7.27.1' ],
4884 silly audit   '@babel/plugin-bugfix-v8-static-class-fields-redefine-readonly': [ '7.28.6' ],
4884 silly audit   '@babel/plugin-proposal-private-property-in-object': [ '7.21.0-placeholder-for-preset-env.2' ],
4884 silly audit   '@babel/plugin-syntax-import-assertions': [ '7.28.6' ],
4884 silly audit   '@babel/plugin-syntax-unicode-sets-regex': [ '7.18.6' ],
4884 silly audit   '@babel/plugin-transform-arrow-functions': [ '7.27.1' ],
4884 silly audit   '@babel/plugin-transform-block-scoped-functions': [ '7.27.1' ],
4884 silly audit   '@babel/plugin-transform-block-scoping': [ '7.28.6' ],
4884 silly audit   '@babel/plugin-transform-class-properties': [ '7.28.6' ],
4884 silly audit   '@babel/plugin-transform-class-static-block': [ '7.28.6' ],
4884 silly audit   '@babel/plugin-transform-classes': [ '7.28.6' ],
4884 silly audit   '@babel/plugin-transform-computed-properties': [ '7.28.6' ],
4884 silly audit   '@babel/plugin-transform-destructuring': [ '7.28.5' ],
4884 silly audit   '@babel/plugin-transform-dotall-regex': [ '7.28.6' ],
4884 silly audit   '@babel/plugin-transform-duplicate-keys': [ '7.27.1' ],
4884 silly audit   '@babel/plugin-transform-duplicate-named-capturing-groups-regex': [ '7.29.0' ],
4884 silly audit   '@babel/plugin-transform-dynamic-import': [ '7.27.1' ],
4884 silly audit   '@babel/plugin-transform-exponentiation-operator': [ '7.28.6' ],
4884 silly audit   '@babel/plugin-transform-export-namespace-from': [ '7.27.1' ],
4884 silly audit   '@babel/plugin-transform-for-of': [ '7.27.1' ],
4884 silly audit   '@babel/plugin-transform-function-name': [ '7.27.1' ],
4884 silly audit   '@babel/plugin-transform-json-strings': [ '7.28.6' ],
4884 silly audit   '@babel/plugin-transform-literals': [ '7.27.1' ],
4884 silly audit   '@babel/plugin-transform-logical-assignment-operators': [ '7.28.6' ],
4884 silly audit   '@babel/plugin-transform-member-expression-literals': [ '7.27.1' ],
4884 silly audit   '@babel/plugin-transform-modules-amd': [ '7.27.1' ],
4884 silly audit   '@babel/plugin-transform-modules-commonjs': [ '7.28.6' ],
4884 silly audit   '@babel/plugin-transform-modules-systemjs': [ '7.29.0' ],
4884 silly audit   '@babel/plugin-transform-modules-umd': [ '7.27.1' ],
4884 silly audit   '@babel/plugin-transform-named-capturing-groups-regex': [ '7.29.0' ],
4884 silly audit   '@babel/plugin-transform-new-target': [ '7.27.1' ],
4884 silly audit   '@babel/plugin-transform-nullish-coalescing-operator': [ '7.28.6' ],
4884 silly audit   '@babel/plugin-transform-numeric-separator': [ '7.28.6' ],
4884 silly audit   '@babel/plugin-transform-object-rest-spread': [ '7.28.6' ],
4884 silly audit   '@babel/plugin-transform-object-super': [ '7.27.1' ],
4884 silly audit   '@babel/plugin-transform-optional-catch-binding': [ '7.28.6' ],
4884 silly audit   '@babel/plugin-transform-optional-chaining': [ '7.28.6' ],
4884 silly audit   '@babel/plugin-transform-parameters': [ '7.27.7' ],
4884 silly audit   '@babel/plugin-transform-private-methods': [ '7.28.6' ],
4884 silly audit   '@babel/plugin-transform-private-property-in-object': [ '7.28.6' ],
4884 silly audit   '@babel/plugin-transform-property-literals': [ '7.27.1' ],
4884 silly audit   '@babel/plugin-transform-regenerator': [ '7.29.0' ],
4884 silly audit   '@babel/plugin-transform-regexp-modifiers': [ '7.28.6' ],
4884 silly audit   '@babel/plugin-transform-reserved-words': [ '7.27.1' ],
4884 silly audit   '@babel/plugin-transform-shorthand-properties': [ '7.27.1' ],
4884 silly audit   '@babel/plugin-transform-spread': [ '7.28.6' ],
4884 silly audit   '@babel/plugin-transform-sticky-regex': [ '7.27.1' ],
4884 silly audit   '@babel/plugin-transform-template-literals': [ '7.27.1' ],
4884 silly audit   '@babel/plugin-transform-typeof-symbol': [ '7.27.1' ],
4884 silly audit   '@babel/plugin-transform-unicode-escapes': [ '7.27.1' ],
4884 silly audit   '@babel/plugin-transform-unicode-property-regex': [ '7.28.6' ],
4884 silly audit   '@babel/plugin-transform-unicode-regex': [ '7.27.1' ],
4884 silly audit   '@babel/plugin-transform-unicode-sets-regex': [ '7.28.6' ],
4884 silly audit   '@babel/preset-modules': [ '0.1.6-no-external-plugins' ],
4884 silly audit   'core-js-compat': [ '3.49.0' ],
4884 silly audit   '@babel/helper-skip-transparent-expression-wrappers': [ '7.27.1' ],
4884 silly audit   '@babel/helper-create-regexp-features-plugin': [ '7.28.5' ],
4884 silly audit   'regexpu-core': [ '6.4.0' ],
4884 silly audit   '@babel/helper-create-class-features-plugin': [ '7.28.6' ],
4884 silly audit   '@babel/helper-member-expression-to-functions': [ '7.28.5' ],
4884 silly audit   '@babel/helper-optimise-call-expression': [ '7.27.1' ],
4884 silly audit   '@babel/helper-replace-supers': [ '7.28.6' ],
4884 silly audit   '@babel/helper-globals': [ '7.28.0' ],
4884 silly audit   esutils: [ '2.0.3' ],
4884 silly audit   'regenerator-runtime': [ '0.14.1' ],
4884 silly audit   '@babel/helper-string-parser': [ '7.27.1' ],
4884 silly audit   '@inquirer/core': [ '9.2.1' ],
4884 silly audit   '@inquirer/type': [ '1.5.5', '2.0.0' ],
4884 silly audit   '@inquirer/figures': [ '1.0.15' ],
4884 silly audit   '@types/mute-stream': [ '0.0.4' ],
4884 silly audit   '@types/wrap-ansi': [ '3.0.0' ],
4884 silly audit   'ansi-escapes': [ '4.3.2', '7.3.0' ],
4884 silly audit   'cli-width': [ '4.1.0' ],
4884 silly audit   'mute-stream': [ '1.0.0' ],
4884 silly audit   'signal-exit': [ '4.1.0', '3.0.7' ],
4884 silly audit   'strip-ansi': [ '6.0.1', '7.2.0' ],
4884 silly audit   'wrap-ansi': [ '6.2.0', '9.0.2', '8.1.0', '7.0.0' ],
4884 silly audit   'yoctocolors-cjs': [ '2.1.3' ],
4884 silly audit   '@inquirer/checkbox': [ '2.5.0' ],
4884 silly audit   '@inquirer/editor': [ '2.2.0' ],
4884 silly audit   '@inquirer/expand': [ '2.3.0' ],
4884 silly audit   '@inquirer/input': [ '2.3.0' ],
4884 silly audit   '@inquirer/number': [ '1.1.0' ],
4884 silly audit   '@inquirer/password': [ '2.2.0' ],
4884 silly audit   '@inquirer/rawlist': [ '2.3.0' ],
4884 silly audit   '@inquirer/search': [ '1.1.0' ],
4884 silly audit   '@inquirer/select': [ '2.5.0' ],
4884 silly audit   'external-editor': [ '3.1.0' ],
4884 silly audit   '@jridgewell/resolve-uri': [ '3.1.2' ],
4884 silly audit   'undici-types': [ '6.21.0' ],
4884 silly audit   'fast-deep-equal': [ '3.1.3' ],
4884 silly audit   'fast-uri': [ '3.1.0' ],
4884 silly audit   'json-schema-traverse': [ '1.0.0', '0.4.1' ],
4884 silly audit   'require-from-string': [ '2.0.2' ],
4884 silly audit   'type-fest': [ '0.21.3' ],
4884 silly audit   'caniuse-lite': [ '1.0.30001790' ],
4884 silly audit   'fraction.js': [ '4.3.7' ],
4884 silly audit   'normalize-range': [ '0.1.2' ],
4884 silly audit   'postcss-value-parser': [ '4.2.0' ],
4884 silly audit   'find-cache-dir': [ '4.0.0' ],
4884 silly audit   'schema-utils': [ '4.3.3', '3.3.0' ],
4884 silly audit   '@babel/helper-define-polyfill-provider': [ '0.6.8' ],
4884 silly audit   'lodash.debounce': [ '4.0.8' ],
4884 silly audit   'baseline-browser-mapping': [ '2.10.21' ],
4884 silly audit   'electron-to-chromium': [ '1.5.344' ],
4884 silly audit   'node-releases': [ '2.0.38' ],
4884 silly audit   'update-browserslist-db': [ '1.2.3' ],
4884 silly audit   readdirp: [ '4.1.2', '3.6.0' ],
4884 silly audit   'glob-parent': [ '6.0.2', '5.1.2' ],
4884 silly audit   globby: [ '14.1.0' ],
4884 silly audit   'normalize-path': [ '3.0.0' ],
4884 silly audit   'serialize-javascript': [ '6.0.2' ],
4884 silly audit   chalk: [ '4.1.2' ],
4884 silly audit   'css-select': [ '5.2.2' ],
4884 silly audit   'dom-serializer': [ '2.0.0' ],
4884 silly audit   domhandler: [ '5.0.3' ],
4884 silly audit   htmlparser2: [ '8.0.2' ],
4884 silly audit   'postcss-media-query-parser': [ '0.2.3' ],
4884 silly audit   'ansi-styles': [ '4.3.0', '6.2.3' ],
4884 silly audit   'supports-color': [ '7.2.0', '8.1.1' ],
4884 silly audit   'color-convert': [ '2.0.1' ],
4884 silly audit   'color-name': [ '1.1.4' ],
4884 silly audit   'icss-utils': [ '5.1.0' ],
4884 silly audit   'postcss-modules-extract-imports': [ '3.1.0' ],
4884 silly audit   'postcss-modules-local-by-default': [ '4.2.0' ],
4884 silly audit   'postcss-modules-scope': [ '3.2.1' ],
4884 silly audit   'postcss-modules-values': [ '4.0.0' ],
4884 silly audit   boolbase: [ '1.0.0' ],
4884 silly audit   'css-what': [ '6.2.2' ],
4884 silly audit   domutils: [ '3.2.2' ],
4884 silly audit   'nth-check': [ '2.1.1' ],
4884 silly audit   ms: [ '2.1.3', '2.0.0' ],
4884 silly audit   domelementtype: [ '2.3.0' ],
4884 silly audit   entities: [ '4.5.0', '6.0.1' ],
4884 silly audit   '@esbuild/aix-ppc64': [ '0.23.0', '0.21.5' ],
4884 silly audit   '@esbuild/android-arm': [ '0.23.0', '0.21.5' ],
4884 silly audit   '@esbuild/android-arm64': [ '0.23.0', '0.21.5' ],
4884 silly audit   '@esbuild/android-x64': [ '0.23.0', '0.21.5' ],
4884 silly audit   '@esbuild/darwin-arm64': [ '0.23.0', '0.21.5' ],
4884 silly audit   '@esbuild/darwin-x64': [ '0.23.0', '0.21.5' ],
4884 silly audit   '@esbuild/freebsd-arm64': [ '0.23.0', '0.21.5' ],
4884 silly audit   '@esbuild/freebsd-x64': [ '0.23.0', '0.21.5' ],
4884 silly audit   '@esbuild/linux-arm': [ '0.23.0', '0.21.5' ],
4884 silly audit   '@esbuild/linux-arm64': [ '0.23.0', '0.21.5' ],
4884 silly audit   '@esbuild/linux-ia32': [ '0.23.0', '0.21.5' ],
4884 silly audit   '@esbuild/linux-loong64': [ '0.23.0', '0.21.5' ],
4884 silly audit   '@esbuild/linux-mips64el': [ '0.23.0', '0.21.5' ],
4884 silly audit   '@esbuild/linux-ppc64': [ '0.23.0', '0.21.5' ],
4884 silly audit   '@esbuild/linux-riscv64': [ '0.23.0', '0.21.5' ],
4884 silly audit   '@esbuild/linux-s390x': [ '0.23.0', '0.21.5' ],
4884 silly audit   '@esbuild/linux-x64': [ '0.23.0', '0.21.5' ],
4884 silly audit   '@esbuild/netbsd-x64': [ '0.23.0', '0.21.5' ],
4884 silly audit   '@esbuild/openbsd-arm64': [ '0.23.0' ],
4884 silly audit   '@esbuild/openbsd-x64': [ '0.23.0', '0.21.5' ],
4884 silly audit   '@esbuild/sunos-x64': [ '0.23.0', '0.21.5' ],
4884 silly audit   '@esbuild/win32-arm64': [ '0.23.0', '0.21.5' ],
4884 silly audit   '@esbuild/win32-ia32': [ '0.23.0', '0.21.5' ],
4884 silly audit   '@esbuild/win32-x64': [ '0.23.0', '0.21.5' ],
4884 silly audit   chardet: [ '0.7.0' ],
4884 silly audit   'iconv-lite': [ '0.4.24', '0.6.3' ],
4884 silly audit   tmp: [ '0.0.33' ],
4884 silly audit   '@nodelib/fs.stat': [ '2.0.5' ],
4884 silly audit   '@nodelib/fs.walk': [ '1.2.8' ],
4884 silly audit   merge2: [ '1.4.1' ],
4884 silly audit   micromatch: [ '4.0.8' ],
4884 silly audit   '@nodelib/fs.scandir': [ '2.1.5' ],
4884 silly audit   fastq: [ '1.20.1' ],
4884 silly audit   'run-parallel': [ '1.2.0' ],
4884 silly audit   reusify: [ '1.1.0' ],
4884 silly audit   'common-path-prefix': [ '3.0.0' ],
4884 silly audit   'pkg-dir': [ '7.0.0' ],
4884 silly audit   'is-glob': [ '4.0.3' ],
4884 silly audit   '@sindresorhus/merge-streams': [ '2.3.0' ],
4884 silly audit   ignore: [ '7.0.5' ],
4884 silly audit   'path-type': [ '6.0.0' ],
4884 silly audit   slash: [ '5.1.0' ],
4884 silly audit   'unicorn-magic': [ '0.3.0' ],
4884 silly audit   '@types/http-proxy': [ '1.17.17' ],
4884 silly audit   'http-proxy': [ '1.18.1' ],
4884 silly audit   'is-plain-object': [ '5.0.0', '2.0.4' ],
4884 silly audit   eventemitter3: [ '4.0.7', '5.0.4' ],
4884 silly audit   'follow-redirects': [ '1.16.0' ],
4884 silly audit   'requires-port': [ '1.0.0' ],
4884 silly audit   'agent-base': [ '7.1.4' ],
4884 silly audit   'safer-buffer': [ '2.1.2' ],
4884 silly audit   'is-extglob': [ '2.1.1' ],
4884 silly audit   '@istanbuljs/schema': [ '0.1.6' ],
4884 silly audit   'istanbul-lib-coverage': [ '3.2.2' ],
4884 silly audit   'copy-anything': [ '2.0.6' ],
4884 silly audit   errno: [ '0.1.8' ],
4884 silly audit   'graceful-fs': [ '4.2.11' ],
4884 silly audit   'image-size': [ '0.5.5' ],
4884 silly audit   'make-dir': [ '2.1.0' ],
4884 silly audit   mime: [ '1.6.0' ],
4884 silly audit   needle: [ '3.5.0' ],
4884 silly audit   'parse-node-version': [ '1.0.1' ],
4884 silly audit   'is-what': [ '3.14.1' ],
4884 silly audit   prr: [ '1.0.1' ],
4884 silly audit   'webpack-sources': [ '3.3.4' ],
4884 silly audit   'cli-truncate': [ '4.0.0' ],
4884 silly audit   colorette: [ '2.0.20' ],
4884 silly audit   'log-update': [ '6.1.0' ],
4884 silly audit   rfdc: [ '1.4.1' ],
4884 silly audit   'slice-ansi': [ '5.0.0', '7.1.2' ],
4884 silly audit   'string-width': [ '7.2.0', '5.1.2', '4.2.3' ],
4884 silly audit   '@lmdb/lmdb-darwin-arm64': [ '3.0.13' ],
4884 silly audit   '@lmdb/lmdb-darwin-x64': [ '3.0.13' ],
4884 silly audit   '@lmdb/lmdb-linux-arm': [ '3.0.13' ],
4884 silly audit   '@lmdb/lmdb-linux-arm64': [ '3.0.13' ],
4884 silly audit   '@lmdb/lmdb-linux-x64': [ '3.0.13' ],
4884 silly audit   '@lmdb/lmdb-win32-x64': [ '3.0.13' ],
4884 silly audit   msgpackr: [ '1.11.10' ],
4884 silly audit   'node-addon-api': [ '6.1.0', '3.2.1' ],
4884 silly audit   'node-gyp-build-optional-packages': [ '5.2.2' ],
4884 silly audit   'ordered-binary': [ '1.6.1' ],
4884 silly audit   'weak-lru-cache': [ '1.2.2' ],
4884 silly audit   'cli-cursor': [ '5.0.0', '3.1.0' ],
4884 silly audit   'restore-cursor': [ '5.1.0', '3.1.0' ],
4884 silly audit   yallist: [ '3.1.1', '4.0.0' ],
4884 silly audit   pify: [ '4.0.1' ],
4884 silly audit   braces: [ '3.0.3' ],
4884 silly audit   'fill-range': [ '7.1.1' ],
4884 silly audit   'to-regex-range': [ '5.0.1' ],
4884 silly audit   tapable: [ '2.3.3' ],
4884 silly audit   'msgpackr-extract': [ '3.0.3' ],
4884 silly audit   '@msgpackr-extract/msgpackr-extract-darwin-arm64': [ '3.0.3' ],
4884 silly audit   '@msgpackr-extract/msgpackr-extract-darwin-x64': [ '3.0.3' ],
4884 silly audit   '@msgpackr-extract/msgpackr-extract-linux-arm': [ '3.0.3' ],
4884 silly audit   '@msgpackr-extract/msgpackr-extract-linux-arm64': [ '3.0.3' ],
4884 silly audit   '@msgpackr-extract/msgpackr-extract-linux-x64': [ '3.0.3' ],
4884 silly audit   '@msgpackr-extract/msgpackr-extract-win32-x64': [ '3.0.3' ],
4884 silly audit   sax: [ '1.6.0' ],
4884 silly audit   'detect-libc': [ '2.1.2' ],
4884 silly audit   'hosted-git-info': [ '7.0.2' ],
4884 silly audit   'proc-log': [ '4.2.0' ],
4884 silly audit   'validate-npm-package-name': [ '5.0.1' ],
4884 silly audit   'npm-install-checks': [ '6.3.0' ],
4884 silly audit   'npm-normalize-package-bin': [ '3.0.1' ],
4884 silly audit   'default-browser': [ '5.5.0' ],
4884 silly audit   'define-lazy-prop': [ '3.0.0' ],
4884 silly audit   'is-inside-container': [ '1.0.0' ],
4884 silly audit   'is-wsl': [ '3.1.1' ],
4884 silly audit   'bundle-name': [ '4.1.0' ],
4884 silly audit   'default-browser-id': [ '5.0.1' ],
4884 silly audit   'run-applescript': [ '7.1.0' ],
4884 silly audit   'is-docker': [ '3.0.0' ],
4884 silly audit   bl: [ '4.1.0' ],
4884 silly audit   'cli-spinners': [ '2.9.2' ],
4884 silly audit   'is-interactive': [ '1.0.0' ],
4884 silly audit   'is-unicode-supported': [ '0.1.0' ],
4884 silly audit   'log-symbols': [ '4.1.0' ],
4884 silly audit   wcwidth: [ '1.0.1' ],
4884 silly audit   buffer: [ '5.7.1' ],
4884 silly audit   inherits: [ '2.0.4' ],
4884 silly audit   'readable-stream': [ '3.6.2', '2.3.8' ],
4884 silly audit   'base64-js': [ '1.5.1' ],
4884 silly audit   ieee754: [ '1.2.1' ],
4884 silly audit   '@npmcli/git': [ '5.0.8' ],
4884 silly audit   '@npmcli/installed-package-contents': [ '2.1.0' ],
4884 silly audit   '@npmcli/package-json': [ '5.2.1' ],
4884 silly audit   '@npmcli/promise-spawn': [ '7.0.2' ],
4884 silly audit   '@npmcli/run-script': [ '8.1.0' ],
4884 silly audit   cacache: [ '18.0.4' ],
4884 silly audit   'fs-minipass': [ '3.0.3', '2.1.0' ],
4884 silly audit   minipass: [ '7.1.3', '3.3.6', '5.0.0' ],
4884 silly audit   'npm-packlist': [ '8.0.2' ],
4884 silly audit   'npm-registry-fetch': [ '17.1.0' ],
4884 silly audit   'promise-retry': [ '2.0.1' ],
4884 silly audit   sigstore: [ '2.3.1' ],
4884 silly audit   ssri: [ '10.0.6' ],
4884 silly audit   tar: [ '6.2.1' ],
4884 silly audit   'promise-inflight': [ '1.0.1' ],
4884 silly audit   which: [ '4.0.0', '2.0.2' ],
4884 silly audit   'npm-bundled': [ '3.0.1' ],
4884 silly audit   glob: [ '10.5.0' ],
4884 silly audit   'json-parse-even-better-errors': [ '3.0.2', '2.3.1' ],
4884 silly audit   'normalize-package-data': [ '6.0.2' ],
4884 silly audit   '@npmcli/node-gyp': [ '3.0.0' ],
4884 silly audit   'node-gyp': [ '10.3.1' ],
4884 silly audit   '@npmcli/fs': [ '3.1.1' ],
4884 silly audit   'minipass-collect': [ '2.0.1' ],
4884 silly audit   'minipass-flush': [ '1.0.7' ],
4884 silly audit   'minipass-pipeline': [ '1.2.4' ],
4884 silly audit   'p-map': [ '4.0.0' ],
4884 silly audit   'unique-filename': [ '3.0.0' ],
4884 silly audit   'foreground-child': [ '3.3.1' ],
4884 silly audit   jackspeak: [ '3.4.3' ],
4884 silly audit   minimatch: [ '9.0.9' ],
4884 silly audit   'package-json-from-dist': [ '1.0.1' ],
4884 silly audit   'path-scurry': [ '1.11.1' ],
4884 silly audit   'cross-spawn': [ '7.0.6' ],
4884 silly audit   'path-key': [ '3.1.1' ],
4884 silly audit   'shebang-command': [ '2.0.0' ],
4884 silly audit   '@isaacs/cliui': [ '8.0.2' ],
4884 silly audit   '@pkgjs/parseargs': [ '0.11.0' ],
4884 silly audit   'brace-expansion': [ '2.1.0' ],
4884 silly audit   'balanced-match': [ '1.0.2' ],
4884 silly audit   'env-paths': [ '2.2.1' ],
4884 silly audit   'exponential-backoff': [ '3.1.3' ],
4884 silly audit   'make-fetch-happen': [ '13.0.1' ],
4884 silly audit   nopt: [ '7.2.1' ],
4884 silly audit   '@npmcli/agent': [ '2.2.2' ],
4884 silly audit   'http-cache-semantics': [ '4.2.0' ],
4884 silly audit   'is-lambda': [ '1.0.1' ],
4884 silly audit   'minipass-fetch': [ '3.0.5' ],
4884 silly audit   negotiator: [ '0.6.4', '0.6.3' ],
4884 silly audit   'http-proxy-agent': [ '7.0.2' ],
4884 silly audit   'socks-proxy-agent': [ '8.0.5' ],
4884 silly audit   encoding: [ '0.1.13' ],
4884 silly audit   'minipass-sized': [ '1.0.3' ],
4884 silly audit   minizlib: [ '2.1.2' ],
4884 silly audit   abbrev: [ '2.0.0' ],
4884 silly audit   'validate-npm-package-license': [ '3.0.4' ],
4884 silly audit   'ignore-walk': [ '6.0.5' ],
4884 silly audit   '@npmcli/redact': [ '2.0.1' ],
4884 silly audit   jsonparse: [ '1.3.1' ],
4884 silly audit   'aggregate-error': [ '3.1.0' ],
4884 silly audit   'clean-stack': [ '2.2.0' ],
4884 silly audit   'indent-string': [ '4.0.0' ],
4884 silly audit   parse5: [ '7.3.0' ],
4884 silly audit   'parse5-sax-parser': [ '7.0.0' ],
4884 silly audit   'nice-napi': [ '1.0.2' ],
4884 silly audit   'node-gyp-build': [ '4.8.4' ],
4884 silly audit   'find-up': [ '6.3.0' ],
4884 silly audit   'locate-path': [ '7.2.0' ],
4884 silly audit   'path-exists': [ '5.0.0' ],
4884 silly audit   'p-locate': [ '6.0.0' ],
4884 silly audit   'p-limit': [ '4.0.0' ],
4884 silly audit   'yocto-queue': [ '1.2.2' ],
4884 silly audit   nanoid: [ '3.3.11' ],
4884 silly audit   'source-map-js': [ '1.2.1' ],
4884 silly audit   cosmiconfig: [ '9.0.1' ],
4884 silly audit   jiti: [ '1.21.7' ],
4884 silly audit   'import-fresh': [ '3.3.1' ],
4884 silly audit   'js-yaml': [ '4.1.1' ],
4884 silly audit   'parse-json': [ '5.2.0' ],
4884 silly audit   'parent-module': [ '1.0.1' ],
4884 silly audit   'resolve-from': [ '4.0.0' ],
4884 silly audit   argparse: [ '2.0.1' ],
4884 silly audit   callsites: [ '3.1.0' ],
4884 silly audit   'error-ex': [ '1.3.4' ],
4884 silly audit   'lines-and-columns': [ '1.2.4' ],
4884 silly audit   'is-arrayish': [ '0.2.1' ],
4884 silly audit   'postcss-selector-parser': [ '7.1.1' ],
4884 silly audit   cssesc: [ '3.0.0' ],
4884 silly audit   'util-deprecate': [ '1.0.2' ],
4884 silly audit   'err-code': [ '2.0.3' ],
4884 silly audit   retry: [ '0.12.0', '0.13.1' ],
4884 silly audit   string_decoder: [ '1.3.0', '1.1.1' ],
4884 silly audit   regenerate: [ '1.4.2' ],
4884 silly audit   'regenerate-unicode-properties': [ '10.2.2' ],
4884 silly audit   regjsgen: [ '0.8.0' ],
4884 silly audit   regjsparser: [ '0.13.1' ],
4884 silly audit   'unicode-match-property-ecmascript': [ '2.0.0' ],
4884 silly audit   'unicode-match-property-value-ecmascript': [ '2.2.1' ],
4884 silly audit   'is-core-module': [ '2.16.1' ],
4884 silly audit   'path-parse': [ '1.0.7' ],
4884 silly audit   'supports-preserve-symlinks-flag': [ '1.0.0' ],
4884 silly audit   hasown: [ '2.0.3' ],
4884 silly audit   'function-bind': [ '1.1.2' ],
4884 silly audit   'adjust-sourcemap-loader': [ '4.0.0' ],
4884 silly audit   'regex-parser': [ '2.3.1' ],
4884 silly audit   onetime: [ '7.0.0', '5.1.2' ],
4884 silly audit   'mimic-function': [ '5.0.1' ],
4884 silly audit   '@rollup/rollup-android-arm-eabi': [ '4.22.4' ],
4884 silly audit   '@rollup/rollup-android-arm64': [ '4.22.4' ],
4884 silly audit   '@rollup/rollup-darwin-arm64': [ '4.22.4' ],
4884 silly audit   '@rollup/rollup-darwin-x64': [ '4.22.4' ],
4884 silly audit   '@rollup/rollup-linux-arm-gnueabihf': [ '4.22.4' ],
4884 silly audit   '@rollup/rollup-linux-arm-musleabihf': [ '4.22.4' ],
4884 silly audit   '@rollup/rollup-linux-arm64-gnu': [ '4.22.4' ],
4884 silly audit   '@rollup/rollup-linux-arm64-musl': [ '4.22.4' ],
4884 silly audit   '@rollup/rollup-linux-powerpc64le-gnu': [ '4.22.4' ],
4884 silly audit   '@rollup/rollup-linux-riscv64-gnu': [ '4.22.4' ],
4884 silly audit   '@rollup/rollup-linux-s390x-gnu': [ '4.22.4' ],
4884 silly audit   '@rollup/rollup-linux-x64-gnu': [ '4.22.4' ],
4884 silly audit   '@rollup/rollup-linux-x64-musl': [ '4.22.4' ],
4884 silly audit   '@rollup/rollup-win32-arm64-msvc': [ '4.22.4' ],
4884 silly audit   '@rollup/rollup-win32-ia32-msvc': [ '4.22.4' ],
4884 silly audit   '@rollup/rollup-win32-x64-msvc': [ '4.22.4' ],
4884 silly audit   '@types/estree': [ '1.0.5' ],
4884 silly audit   fsevents: [ '2.3.3' ],
4884 silly audit   'queue-microtask': [ '1.2.3' ],
4884 silly audit   immutable: [ '4.3.8' ],
4884 silly audit   'neo-async': [ '2.6.2' ],
4884 silly audit   '@types/json-schema': [ '7.0.15' ],
4884 silly audit   'ajv-keywords': [ '5.1.0', '3.5.2' ],
4884 silly audit   randombytes: [ '2.1.0' ],
4884 silly audit   'safe-buffer': [ '5.2.1', '5.1.2' ],
4884 silly audit   'shebang-regex': [ '3.0.0' ],
4884 silly audit   '@sigstore/bundle': [ '2.3.2' ],
4884 silly audit   '@sigstore/core': [ '1.1.0' ],
4884 silly audit   '@sigstore/protobuf-specs': [ '0.3.3' ],
4884 silly audit   '@sigstore/sign': [ '2.3.2' ],
4884 silly audit   '@sigstore/tuf': [ '2.3.4' ],
4884 silly audit   '@sigstore/verify': [ '1.2.1' ],
4884 silly audit   'tuf-js': [ '2.2.1' ],
4884 silly audit   'is-fullwidth-code-point': [ '4.0.0', '3.0.0', '5.1.0' ],
4884 silly audit   eventsource: [ '2.0.2' ],
4884 silly audit   'faye-websocket': [ '0.11.4' ],
4884 silly audit   'url-parse': [ '1.5.10' ],
4884 silly audit   'websocket-driver': [ '0.7.4' ],
4884 silly audit   socks: [ '2.8.7' ],
4884 silly audit   'ip-address': [ '10.1.0' ],
4884 silly audit   'smart-buffer': [ '4.2.0' ],
4884 silly audit   'buffer-from': [ '1.1.2' ],
4884 silly audit   'emoji-regex': [ '10.6.0', '8.0.0', '9.2.2' ],
4884 silly audit   'get-east-asian-width': [ '1.5.0' ],
4884 silly audit   'ansi-regex': [ '5.0.1', '6.2.2' ],
4884 silly audit   'has-flag': [ '4.0.0' ],
4884 silly audit   chownr: [ '2.0.0' ],
4884 silly audit   mkdirp: [ '1.0.4' ],
4884 silly audit   '@jridgewell/source-map': [ '0.3.11' ],
4884 silly audit   acorn: [ '8.16.0' ],
4884 silly audit   commander: [ '2.20.3' ],
4884 silly audit   'os-tmpdir': [ '1.0.2' ],
4884 silly audit   'is-number': [ '7.0.0' ],
4884 silly audit   '@tufjs/models': [ '2.0.1' ],
4884 silly audit   '@tufjs/canonical-json': [ '2.0.0' ],
4884 silly audit   'unicode-canonical-property-names-ecmascript': [ '2.0.1' ],
4884 silly audit   'unicode-property-aliases-ecmascript': [ '2.2.0' ],
4884 silly audit   'unique-slug': [ '4.0.0' ],
4884 silly audit   imurmurhash: [ '0.1.4' ],
4884 silly audit   escalade: [ '3.2.0' ],
4884 silly audit   querystringify: [ '2.2.0' ],
4884 silly audit   'spdx-correct': [ '3.2.0' ],
4884 silly audit   'spdx-expression-parse': [ '3.0.1' ],
4884 silly audit   'spdx-license-ids': [ '3.0.23' ],
4884 silly audit   'spdx-exceptions': [ '2.5.0' ],
4884 silly audit   'glob-to-regexp': [ '0.4.1' ],
4884 silly audit   defaults: [ '1.0.4' ],
4884 silly audit   clone: [ '1.0.4' ],
4884 silly audit   '@webassemblyjs/ast': [ '1.14.1' ],
4884 silly audit   '@webassemblyjs/wasm-edit': [ '1.14.1' ],
4884 silly audit   '@webassemblyjs/wasm-parser': [ '1.14.1' ],
4884 silly audit   'acorn-import-attributes': [ '1.9.5' ],
4884 silly audit   'chrome-trace-event': [ '1.0.4' ],
4884 silly audit   'enhanced-resolve': [ '5.20.1' ],
4884 silly audit   'es-module-lexer': [ '1.7.0' ],
4884 silly audit   'eslint-scope': [ '5.1.1' ],
4884 silly audit   events: [ '3.3.0' ],
4884 silly audit   'loader-runner': [ '4.3.1' ],
4884 silly audit   'mime-types': [ '2.1.35' ],
4884 silly audit   'terser-webpack-plugin': [ '5.4.0' ],
4884 silly audit   '@webassemblyjs/helper-numbers': [ '1.13.2' ],
4884 silly audit   '@webassemblyjs/helper-wasm-bytecode': [ '1.13.2' ],
4884 silly audit   '@webassemblyjs/floating-point-hex-parser': [ '1.13.2' ],
4884 silly audit   '@webassemblyjs/helper-api-error': [ '1.13.2' ],
4884 silly audit   '@xtuc/long': [ '4.2.2' ],
4884 silly audit   '@webassemblyjs/helper-buffer': [ '1.14.1' ],
4884 silly audit   '@webassemblyjs/helper-wasm-section': [ '1.14.1' ],
4884 silly audit   '@webassemblyjs/wasm-gen': [ '1.14.1' ],
4884 silly audit   '@webassemblyjs/wasm-opt': [ '1.14.1' ],
4884 silly audit   '@webassemblyjs/wast-printer': [ '1.14.1' ],
4884 silly audit   '@webassemblyjs/ieee754': [ '1.13.2' ],
4884 silly audit   '@webassemblyjs/leb128': [ '1.13.2' ],
4884 silly audit   '@webassemblyjs/utf8': [ '1.13.2' ],
4884 silly audit   '@xtuc/ieee754': [ '1.2.0' ],
4884 silly audit   esrecurse: [ '4.3.0' ],
4884 silly audit   estraverse: [ '4.3.0', '5.3.0' ],
4884 silly audit   'mime-db': [ '1.52.0' ],
4884 silly audit   'jest-worker': [ '27.5.1' ],
4884 silly audit   'merge-stream': [ '2.0.0' ],
4884 silly audit   memfs: [ '4.57.2' ],
4884 silly audit   'on-finished': [ '2.4.1' ],
4884 silly audit   'range-parser': [ '1.2.1' ],
4884 silly audit   '@jsonjoy.com/fs-core': [ '4.57.2' ],
4884 silly audit   '@jsonjoy.com/fs-fsa': [ '4.57.2' ],
4884 silly audit   '@jsonjoy.com/fs-node': [ '4.57.2' ],
4884 silly audit   '@jsonjoy.com/fs-node-builtins': [ '4.57.2' ],
4884 silly audit   '@jsonjoy.com/fs-node-to-fsa': [ '4.57.2' ],
4884 silly audit   '@jsonjoy.com/fs-node-utils': [ '4.57.2' ],
4884 silly audit   '@jsonjoy.com/fs-print': [ '4.57.2' ],
4884 silly audit   '@jsonjoy.com/fs-snapshot': [ '4.57.2' ],
4884 silly audit   '@jsonjoy.com/json-pack': [ '1.21.0', '17.67.0' ],
4884 silly audit   '@jsonjoy.com/util': [ '1.9.0', '17.67.0' ],
4884 silly audit   'glob-to-regex.js': [ '1.2.0' ],
4884 silly audit   thingies: [ '2.6.0' ],
4884 silly audit   'tree-dump': [ '1.1.0' ],
4884 silly audit   '@jsonjoy.com/buffers': [ '17.67.0', '1.2.1' ],
4884 silly audit   '@jsonjoy.com/base64': [ '1.1.2', '17.67.0' ],
4884 silly audit   '@jsonjoy.com/codegen': [ '1.0.0', '17.67.0' ],
4884 silly audit   '@jsonjoy.com/json-pointer': [ '1.0.2', '17.67.0' ],
4884 silly audit   hyperdyperid: [ '1.2.0' ],
4884 silly audit   'ee-first': [ '1.1.1' ],
4884 silly audit   '@types/bonjour': [ '3.5.13' ],
4884 silly audit   '@types/connect-history-api-fallback': [ '1.5.4' ],
4884 silly audit   '@types/express': [ '4.17.25' ],
4884 silly audit   '@types/express-serve-static-core': [ '4.19.8' ],
4884 silly audit   '@types/serve-index': [ '1.9.4' ],
4884 silly audit   '@types/serve-static': [ '1.15.10' ],
4884 silly audit   '@types/sockjs': [ '0.3.36' ],
4884 silly audit   '@types/ws': [ '8.18.1' ],
4884 silly audit   'ansi-html-community': [ '0.0.8' ],
4884 silly audit   'bonjour-service': [ '1.3.0' ],
4884 silly audit   compression: [ '1.8.1' ],
4884 silly audit   'connect-history-api-fallback': [ '2.0.0' ],
4884 silly audit   express: [ '4.22.1' ],
4884 silly audit   'ipaddr.js': [ '2.3.0', '1.9.1' ],
4884 silly audit   'launch-editor': [ '2.13.2' ],
4884 silly audit   'p-retry': [ '6.2.1' ],
4884 silly audit   selfsigned: [ '2.4.1' ],
4884 silly audit   'serve-index': [ '1.9.2' ],
4884 silly audit   sockjs: [ '0.3.24' ],
4884 silly audit   spdy: [ '4.0.2' ],
4884 silly audit   ws: [ '8.20.0' ],
4884 silly audit   '@types/body-parser': [ '1.19.6' ],
4884 silly audit   '@types/qs': [ '6.15.0' ],
4884 silly audit   '@types/connect': [ '3.4.38' ],
4884 silly audit   '@types/range-parser': [ '1.2.7' ],
4884 silly audit   '@types/send': [ '1.2.1', '0.17.6' ],
4884 silly audit   '@types/http-errors': [ '2.0.5' ],
4884 silly audit   'multicast-dns': [ '7.2.5' ],
4884 silly audit   bytes: [ '3.1.2' ],
4884 silly audit   compressible: [ '2.0.18' ],
4884 silly audit   'on-headers': [ '1.1.0' ],
4884 silly audit   vary: [ '1.1.2' ],
4884 silly audit   accepts: [ '1.3.8' ],
4884 silly audit   'array-flatten': [ '1.1.1' ],
4884 silly audit   'body-parser': [ '1.20.4' ],
4884 silly audit   'content-disposition': [ '0.5.4' ],
4884 silly audit   'content-type': [ '1.0.5' ],
4884 silly audit   cookie: [ '0.7.2' ],
4884 silly audit   'cookie-signature': [ '1.0.7' ],
4884 silly audit   depd: [ '2.0.0', '1.1.2' ],
4884 silly audit   encodeurl: [ '2.0.0' ],
4884 silly audit   'escape-html': [ '1.0.3' ],
4884 silly audit   etag: [ '1.8.1' ],
4884 silly audit   finalhandler: [ '1.3.2' ],
4884 silly audit   fresh: [ '0.5.2' ],
4884 silly audit   'http-errors': [ '2.0.1', '1.8.1' ],
4884 silly audit   'merge-descriptors': [ '1.0.3' ],
4884 silly audit   methods: [ '1.1.2' ],
4884 silly audit   parseurl: [ '1.3.3' ],
4884 silly audit   'path-to-regexp': [ '0.1.13' ],
4884 silly audit   'proxy-addr': [ '2.0.7' ],
4884 silly audit   qs: [ '6.14.2' ],
4884 silly audit   send: [ '0.19.2' ],
4884 silly audit   'serve-static': [ '1.16.3' ],
4884 silly audit   setprototypeof: [ '1.2.0' ],
4884 silly audit   statuses: [ '2.0.2', '1.5.0' ],
4884 silly audit   'type-is': [ '1.6.18' ],
4884 silly audit   'utils-merge': [ '1.0.1' ],
4884 silly audit   destroy: [ '1.2.0' ],
4884 silly audit   'raw-body': [ '2.5.3' ],
4884 silly audit   unpipe: [ '1.0.0' ],
4884 silly audit   toidentifier: [ '1.0.1' ],
4884 silly audit   'shell-quote': [ '1.8.3' ],
4884 silly audit   'dns-packet': [ '5.6.1' ],
4884 silly audit   thunky: [ '1.1.0' ],
4884 silly audit   '@leichtgewicht/ip-codec': [ '2.0.5' ],
4884 silly audit   '@types/retry': [ '0.12.2' ],
4884 silly audit   'is-network-error': [ '1.3.1' ],
4884 silly audit   forwarded: [ '0.2.0' ],
4884 silly audit   'side-channel': [ '1.1.0' ],
4884 silly audit   '@types/node-forge': [ '1.3.14' ],
4884 silly audit   'node-forge': [ '1.4.0' ],
4884 silly audit   batch: [ '0.6.1' ],
4884 silly audit   'es-errors': [ '1.3.0' ],
4884 silly audit   'object-inspect': [ '1.13.4' ],
4884 silly audit   'side-channel-list': [ '1.0.1' ],
4884 silly audit   'side-channel-map': [ '1.0.1' ],
4884 silly audit   'side-channel-weakmap': [ '1.0.2' ],
4884 silly audit   'call-bound': [ '1.0.4' ],
4884 silly audit   'get-intrinsic': [ '1.3.0' ],
4884 silly audit   'call-bind-apply-helpers': [ '1.0.2' ],
4884 silly audit   'es-define-property': [ '1.0.1' ],
4884 silly audit   'es-object-atoms': [ '1.1.1' ],
4884 silly audit   'get-proto': [ '1.0.1' ],
4884 silly audit   gopd: [ '1.2.0' ],
4884 silly audit   'has-symbols': [ '1.1.0' ],
4884 silly audit   'math-intrinsics': [ '1.1.0' ],
4884 silly audit   'dunder-proto': [ '1.0.1' ],
4884 silly audit   uuid: [ '8.3.2' ],
4884 silly audit   'handle-thing': [ '2.0.1' ],
4884 silly audit   'http-deceiver': [ '1.2.7' ],
4884 silly audit   'select-hose': [ '2.0.0' ],
4884 silly audit   'spdy-transport': [ '3.0.0' ],
4884 silly audit   'detect-node': [ '2.1.0' ],
4884 silly audit   'hpack.js': [ '2.1.6' ],
4884 silly audit   obuf: [ '1.1.2' ],
4884 silly audit   wbuf: [ '1.7.3' ],
4884 silly audit   'media-typer': [ '0.3.0' ],
4884 silly audit   'minimalistic-assert': [ '1.0.1' ],
4884 silly audit   'clone-deep': [ '4.0.1' ],
4884 silly audit   flat: [ '5.0.2' ],
4884 silly audit   wildcard: [ '2.0.1' ],
4884 silly audit   'kind-of': [ '6.0.3' ],
4884 silly audit   'shallow-clone': [ '3.0.1' ],
4884 silly audit   'typed-assert': [ '1.0.9' ],
4884 silly audit   'http-parser-js': [ '0.5.10' ],
4884 silly audit   'websocket-extensions': [ '0.1.4' ],
4884 silly audit   isexe: [ '3.1.5', '2.0.0' ],
4884 silly audit   cliui: [ '8.0.1' ],
4884 silly audit   'get-caller-file': [ '2.0.5' ],
4884 silly audit   'require-directory': [ '2.1.1' ],
4884 silly audit   y18n: [ '5.0.8' ],
4884 silly audit   'yargs-parser': [ '21.1.1' ],
4884 silly audit   eastasianwidth: [ '0.2.0' ],
4884 silly audit   '@types/mime': [ '1.3.5' ],
4884 silly audit   'big.js': [ '5.2.2' ],
4884 silly audit   'emojis-list': [ '3.0.0' ],
4884 silly audit   isobject: [ '3.0.1' ],
4884 silly audit   'core-util-is': [ '1.0.3' ],
4884 silly audit   isarray: [ '1.0.0' ],
4884 silly audit   'process-nextick-args': [ '2.0.1' ],
4884 silly audit   environment: [ '1.1.0' ],
4884 silly audit   'mimic-fn': [ '2.1.0' ],
4884 silly audit   anymatch: [ '3.1.3' ],
4884 silly audit   'is-binary-path': [ '2.1.0' ],
4884 silly audit   'binary-extensions': [ '2.3.0' ],
4884 silly audit   'is-plain-obj': [ '3.0.0' ],
4884 silly audit   'fast-json-stable-stringify': [ '2.1.0' ],
4884 silly audit   'uri-js': [ '4.4.1' ],
4884 silly audit   punycode: [ '2.3.1' ]
4884 silly audit }
4885 verbose reify failed optional dependency C:\Users\mehak_an9t1b4\OneDrive\Desktop\NT\frontend\node_modules\fsevents
4886 silly reify mark deleted [
4886 silly reify   'C:\\Users\\mehak_an9t1b4\\OneDrive\\Desktop\\NT\\frontend\\node_modules\\fsevents'
4886 silly reify ]
4887 verbose reify failed optional dependency C:\Users\mehak_an9t1b4\OneDrive\Desktop\NT\frontend\node_modules\@rollup\rollup-win32-ia32-msvc
4888 silly reify mark deleted [
4888 silly reify   'C:\\Users\\mehak_an9t1b4\\OneDrive\\Desktop\\NT\\frontend\\node_modules\\@rollup\\rollup-win32-ia32-msvc'
4888 silly reify ]
4889 verbose reify failed optional dependency C:\Users\mehak_an9t1b4\OneDrive\Desktop\NT\frontend\node_modules\@rollup\rollup-win32-arm64-msvc
4890 silly reify mark deleted [
4890 silly reify   'C:\\Users\\mehak_an9t1b4\\OneDrive\\Desktop\\NT\\frontend\\node_modules\\@rollup\\rollup-win32-arm64-msvc'
4890 silly reify ]
4891 verbose reify failed optional dependency C:\Users\mehak_an9t1b4\OneDrive\Desktop\NT\frontend\node_modules\@rollup\rollup-linux-x64-musl
4892 silly reify mark deleted [
4892 silly reify   'C:\\Users\\mehak_an9t1b4\\OneDrive\\Desktop\\NT\\frontend\\node_modules\\@rollup\\rollup-linux-x64-musl'
4892 silly reify ]
4893 verbose reify failed optional dependency C:\Users\mehak_an9t1b4\OneDrive\Desktop\NT\frontend\node_modules\@rollup\rollup-linux-x64-gnu
4894 silly reify mark deleted [
4894 silly reify   'C:\\Users\\mehak_an9t1b4\\OneDrive\\Desktop\\NT\\frontend\\node_modules\\@rollup\\rollup-linux-x64-gnu'
4894 silly reify ]
4895 verbose reify failed optional dependency C:\Users\mehak_an9t1b4\OneDrive\Desktop\NT\frontend\node_modules\@rollup\rollup-linux-s390x-gnu
4896 silly reify mark deleted [
4896 silly reify   'C:\\Users\\mehak_an9t1b4\\OneDrive\\Desktop\\NT\\frontend\\node_modules\\@rollup\\rollup-linux-s390x-gnu'
4896 silly reify ]
4897 verbose reify failed optional dependency C:\Users\mehak_an9t1b4\OneDrive\Desktop\NT\frontend\node_modules\@rollup\rollup-linux-riscv64-gnu
4898 silly reify mark deleted [
4898 silly reify   'C:\\Users\\mehak_an9t1b4\\OneDrive\\Desktop\\NT\\frontend\\node_modules\\@rollup\\rollup-linux-riscv64-gnu'
4898 silly reify ]
4899 verbose reify failed optional dependency C:\Users\mehak_an9t1b4\OneDrive\Desktop\NT\frontend\node_modules\@rollup\rollup-linux-powerpc64le-gnu
4900 silly reify mark deleted [
4900 silly reify   'C:\\Users\\mehak_an9t1b4\\OneDrive\\Desktop\\NT\\frontend\\node_modules\\@rollup\\rollup-linux-powerpc64le-gnu'
4900 silly reify ]
4901 verbose reify failed optional dependency C:\Users\mehak_an9t1b4\OneDrive\Desktop\NT\frontend\node_modules\@rollup\rollup-linux-arm64-musl
4902 silly reify mark deleted [
4902 silly reify   'C:\\Users\\mehak_an9t1b4\\OneDrive\\Desktop\\NT\\frontend\\node_modules\\@rollup\\rollup-linux-arm64-musl'
4902 silly reify ]
4903 verbose reify failed optional dependency C:\Users\mehak_an9t1b4\OneDrive\Desktop\NT\frontend\node_modules\@rollup\rollup-linux-arm64-gnu
4904 silly reify mark deleted [
4904 silly reify   'C:\\Users\\mehak_an9t1b4\\OneDrive\\Desktop\\NT\\frontend\\node_modules\\@rollup\\rollup-linux-arm64-gnu'
4904 silly reify ]
4905 verbose reify failed optional dependency C:\Users\mehak_an9t1b4\OneDrive\Desktop\NT\frontend\node_modules\@rollup\rollup-linux-arm-musleabihf
4906 silly reify mark deleted [
4906 silly reify   'C:\\Users\\mehak_an9t1b4\\OneDrive\\Desktop\\NT\\frontend\\node_modules\\@rollup\\rollup-linux-arm-musleabihf'
4906 silly reify ]
4907 verbose reify failed optional dependency C:\Users\mehak_an9t1b4\OneDrive\Desktop\NT\frontend\node_modules\@rollup\rollup-linux-arm-gnueabihf
4908 silly reify mark deleted [
4908 silly reify   'C:\\Users\\mehak_an9t1b4\\OneDrive\\Desktop\\NT\\frontend\\node_modules\\@rollup\\rollup-linux-arm-gnueabihf'
4908 silly reify ]
4909 verbose reify failed optional dependency C:\Users\mehak_an9t1b4\OneDrive\Desktop\NT\frontend\node_modules\@rollup\rollup-darwin-x64
4910 silly reify mark deleted [
4910 silly reify   'C:\\Users\\mehak_an9t1b4\\OneDrive\\Desktop\\NT\\frontend\\node_modules\\@rollup\\rollup-darwin-x64'
4910 silly reify ]
4911 verbose reify failed optional dependency C:\Users\mehak_an9t1b4\OneDrive\Desktop\NT\frontend\node_modules\@rollup\rollup-darwin-arm64
4912 silly reify mark deleted [
4912 silly reify   'C:\\Users\\mehak_an9t1b4\\OneDrive\\Desktop\\NT\\frontend\\node_modules\\@rollup\\rollup-darwin-arm64'
4912 silly reify ]
4913 verbose reify failed optional dependency C:\Users\mehak_an9t1b4\OneDrive\Desktop\NT\frontend\node_modules\@rollup\rollup-android-arm64
4914 silly reify mark deleted [
4914 silly reify   'C:\\Users\\mehak_an9t1b4\\OneDrive\\Desktop\\NT\\frontend\\node_modules\\@rollup\\rollup-android-arm64'
4914 silly reify ]
4915 verbose reify failed optional dependency C:\Users\mehak_an9t1b4\OneDrive\Desktop\NT\frontend\node_modules\@rollup\rollup-android-arm-eabi
4916 silly reify mark deleted [
4916 silly reify   'C:\\Users\\mehak_an9t1b4\\OneDrive\\Desktop\\NT\\frontend\\node_modules\\@rollup\\rollup-android-arm-eabi'
4916 silly reify ]
4917 verbose reify failed optional dependency C:\Users\mehak_an9t1b4\OneDrive\Desktop\NT\frontend\node_modules\nice-napi
4918 silly reify mark deleted [
4918 silly reify   'C:\\Users\\mehak_an9t1b4\\OneDrive\\Desktop\\NT\\frontend\\node_modules\\nice-napi'
4918 silly reify ]
4919 verbose reify failed optional dependency C:\Users\mehak_an9t1b4\OneDrive\Desktop\NT\frontend\node_modules\nice-napi\node_modules\node-addon-api
4920 silly reify mark deleted [
4920 silly reify   'C:\\Users\\mehak_an9t1b4\\OneDrive\\Desktop\\NT\\frontend\\node_modules\\nice-napi\\node_modules\\node-addon-api'
4920 silly reify ]
4921 verbose reify failed optional dependency C:\Users\mehak_an9t1b4\OneDrive\Desktop\NT\frontend\node_modules\node-gyp-build
4922 silly reify mark deleted [
4922 silly reify   'C:\\Users\\mehak_an9t1b4\\OneDrive\\Desktop\\NT\\frontend\\node_modules\\node-gyp-build',
4922 silly reify   'C:\\Users\\mehak_an9t1b4\\OneDrive\\Desktop\\NT\\frontend\\node_modules\\.bin\\node-gyp-build',
4922 silly reify   'C:\\Users\\mehak_an9t1b4\\OneDrive\\Desktop\\NT\\frontend\\node_modules\\.bin\\node-gyp-build.cmd',
4922 silly reify   'C:\\Users\\mehak_an9t1b4\\OneDrive\\Desktop\\NT\\frontend\\node_modules\\.bin\\node-gyp-build.ps1',
4922 silly reify   'C:\\Users\\mehak_an9t1b4\\OneDrive\\Desktop\\NT\\frontend\\node_modules\\.bin\\node-gyp-build-optional',
4922 silly reify   'C:\\Users\\mehak_an9t1b4\\OneDrive\\Desktop\\NT\\frontend\\node_modules\\.bin\\node-gyp-build-optional.cmd',
4922 silly reify   'C:\\Users\\mehak_an9t1b4\\OneDrive\\Desktop\\NT\\frontend\\node_modules\\.bin\\node-gyp-build-optional.ps1',
4922 silly reify   'C:\\Users\\mehak_an9t1b4\\OneDrive\\Desktop\\NT\\frontend\\node_modules\\.bin\\node-gyp-build-test',
4922 silly reify   'C:\\Users\\mehak_an9t1b4\\OneDrive\\Desktop\\NT\\frontend\\node_modules\\.bin\\node-gyp-build-test.cmd',
4922 silly reify   'C:\\Users\\mehak_an9t1b4\\OneDrive\\Desktop\\NT\\frontend\\node_modules\\.bin\\node-gyp-build-test.ps1'
4922 silly reify ]
4923 verbose reify failed optional dependency C:\Users\mehak_an9t1b4\OneDrive\Desktop\NT\frontend\node_modules\@msgpackr-extract\msgpackr-extract-linux-x64
4924 silly reify mark deleted [
4924 silly reify   'C:\\Users\\mehak_an9t1b4\\OneDrive\\Desktop\\NT\\frontend\\node_modules\\@msgpackr-extract\\msgpackr-extract-linux-x64'
4924 silly reify ]
4925 verbose reify failed optional dependency C:\Users\mehak_an9t1b4\OneDrive\Desktop\NT\frontend\node_modules\@msgpackr-extract\msgpackr-extract-linux-arm64
4926 silly reify mark deleted [
4926 silly reify   'C:\\Users\\mehak_an9t1b4\\OneDrive\\Desktop\\NT\\frontend\\node_modules\\@msgpackr-extract\\msgpackr-extract-linux-arm64'
4926 silly reify ]
4927 verbose reify failed optional dependency C:\Users\mehak_an9t1b4\OneDrive\Desktop\NT\frontend\node_modules\@msgpackr-extract\msgpackr-extract-linux-arm
4928 silly reify mark deleted [
4928 silly reify   'C:\\Users\\mehak_an9t1b4\\OneDrive\\Desktop\\NT\\frontend\\node_modules\\@msgpackr-extract\\msgpackr-extract-linux-arm'
4928 silly reify ]
4929 verbose reify failed optional dependency C:\Users\mehak_an9t1b4\OneDrive\Desktop\NT\frontend\node_modules\@msgpackr-extract\msgpackr-extract-darwin-x64
4930 silly reify mark deleted [
4930 silly reify   'C:\\Users\\mehak_an9t1b4\\OneDrive\\Desktop\\NT\\frontend\\node_modules\\@msgpackr-extract\\msgpackr-extract-darwin-x64'
4930 silly reify ]
4931 verbose reify failed optional dependency C:\Users\mehak_an9t1b4\OneDrive\Desktop\NT\frontend\node_modules\@msgpackr-extract\msgpackr-extract-darwin-arm64
4932 silly reify mark deleted [
4932 silly reify   'C:\\Users\\mehak_an9t1b4\\OneDrive\\Desktop\\NT\\frontend\\node_modules\\@msgpackr-extract\\msgpackr-extract-darwin-arm64'
4932 silly reify ]
4933 verbose reify failed optional dependency C:\Users\mehak_an9t1b4\OneDrive\Desktop\NT\frontend\node_modules\@lmdb\lmdb-linux-x64
4934 silly reify mark deleted [
4934 silly reify   'C:\\Users\\mehak_an9t1b4\\OneDrive\\Desktop\\NT\\frontend\\node_modules\\@lmdb\\lmdb-linux-x64'
4934 silly reify ]
4935 verbose reify failed optional dependency C:\Users\mehak_an9t1b4\OneDrive\Desktop\NT\frontend\node_modules\@lmdb\lmdb-linux-arm64
4936 silly reify mark deleted [
4936 silly reify   'C:\\Users\\mehak_an9t1b4\\OneDrive\\Desktop\\NT\\frontend\\node_modules\\@lmdb\\lmdb-linux-arm64'
4936 silly reify ]
4937 verbose reify failed optional dependency C:\Users\mehak_an9t1b4\OneDrive\Desktop\NT\frontend\node_modules\@lmdb\lmdb-linux-arm
4938 silly reify mark deleted [
4938 silly reify   'C:\\Users\\mehak_an9t1b4\\OneDrive\\Desktop\\NT\\frontend\\node_modules\\@lmdb\\lmdb-linux-arm'
4938 silly reify ]
4939 verbose reify failed optional dependency C:\Users\mehak_an9t1b4\OneDrive\Desktop\NT\frontend\node_modules\@lmdb\lmdb-darwin-x64
4940 silly reify mark deleted [
4940 silly reify   'C:\\Users\\mehak_an9t1b4\\OneDrive\\Desktop\\NT\\frontend\\node_modules\\@lmdb\\lmdb-darwin-x64'
4940 silly reify ]
4941 verbose reify failed optional dependency C:\Users\mehak_an9t1b4\OneDrive\Desktop\NT\frontend\node_modules\@lmdb\lmdb-darwin-arm64
4942 silly reify mark deleted [
4942 silly reify   'C:\\Users\\mehak_an9t1b4\\OneDrive\\Desktop\\NT\\frontend\\node_modules\\@lmdb\\lmdb-darwin-arm64'
4942 silly reify ]
4943 verbose reify failed optional dependency C:\Users\mehak_an9t1b4\OneDrive\Desktop\NT\frontend\node_modules\@esbuild\win32-ia32
4944 silly reify mark deleted [
4944 silly reify   'C:\\Users\\mehak_an9t1b4\\OneDrive\\Desktop\\NT\\frontend\\node_modules\\@esbuild\\win32-ia32'
4944 silly reify ]
4945 verbose reify failed optional dependency C:\Users\mehak_an9t1b4\OneDrive\Desktop\NT\frontend\node_modules\@esbuild\win32-arm64
4946 silly reify mark deleted [
4946 silly reify   'C:\\Users\\mehak_an9t1b4\\OneDrive\\Desktop\\NT\\frontend\\node_modules\\@esbuild\\win32-arm64'
4946 silly reify ]
4947 verbose reify failed optional dependency C:\Users\mehak_an9t1b4\OneDrive\Desktop\NT\frontend\node_modules\@esbuild\sunos-x64
4948 silly reify mark deleted [
4948 silly reify   'C:\\Users\\mehak_an9t1b4\\OneDrive\\Desktop\\NT\\frontend\\node_modules\\@esbuild\\sunos-x64'
4948 silly reify ]
4949 verbose reify failed optional dependency C:\Users\mehak_an9t1b4\OneDrive\Desktop\NT\frontend\node_modules\@esbuild\openbsd-x64
4950 silly reify mark deleted [
4950 silly reify   'C:\\Users\\mehak_an9t1b4\\OneDrive\\Desktop\\NT\\frontend\\node_modules\\@esbuild\\openbsd-x64'
4950 silly reify ]
4951 verbose reify failed optional dependency C:\Users\mehak_an9t1b4\OneDrive\Desktop\NT\frontend\node_modules\@esbuild\openbsd-arm64
4952 silly reify mark deleted [
4952 silly reify   'C:\\Users\\mehak_an9t1b4\\OneDrive\\Desktop\\NT\\frontend\\node_modules\\@esbuild\\openbsd-arm64'
4952 silly reify ]
4953 verbose reify failed optional dependency C:\Users\mehak_an9t1b4\OneDrive\Desktop\NT\frontend\node_modules\@esbuild\netbsd-x64
4954 silly reify mark deleted [
4954 silly reify   'C:\\Users\\mehak_an9t1b4\\OneDrive\\Desktop\\NT\\frontend\\node_modules\\@esbuild\\netbsd-x64'
4954 silly reify ]
4955 verbose reify failed optional dependency C:\Users\mehak_an9t1b4\OneDrive\Desktop\NT\frontend\node_modules\@esbuild\linux-x64
4956 silly reify mark deleted [
4956 silly reify   'C:\\Users\\mehak_an9t1b4\\OneDrive\\Desktop\\NT\\frontend\\node_modules\\@esbuild\\linux-x64'
4956 silly reify ]
4957 verbose reify failed optional dependency C:\Users\mehak_an9t1b4\OneDrive\Desktop\NT\frontend\node_modules\@esbuild\linux-s390x
4958 silly reify mark deleted [
4958 silly reify   'C:\\Users\\mehak_an9t1b4\\OneDrive\\Desktop\\NT\\frontend\\node_modules\\@esbuild\\linux-s390x'
4958 silly reify ]
4959 verbose reify failed optional dependency C:\Users\mehak_an9t1b4\OneDrive\Desktop\NT\frontend\node_modules\@esbuild\linux-riscv64
4960 silly reify mark deleted [
4960 silly reify   'C:\\Users\\mehak_an9t1b4\\OneDrive\\Desktop\\NT\\frontend\\node_modules\\@esbuild\\linux-riscv64'
4960 silly reify ]
4961 verbose reify failed optional dependency C:\Users\mehak_an9t1b4\OneDrive\Desktop\NT\frontend\node_modules\@esbuild\linux-ppc64
4962 silly reify mark deleted [
4962 silly reify   'C:\\Users\\mehak_an9t1b4\\OneDrive\\Desktop\\NT\\frontend\\node_modules\\@esbuild\\linux-ppc64'
4962 silly reify ]
4963 verbose reify failed optional dependency C:\Users\mehak_an9t1b4\OneDrive\Desktop\NT\frontend\node_modules\@esbuild\linux-mips64el
4964 silly reify mark deleted [
4964 silly reify   'C:\\Users\\mehak_an9t1b4\\OneDrive\\Desktop\\NT\\frontend\\node_modules\\@esbuild\\linux-mips64el'
4964 silly reify ]
4965 verbose reify failed optional dependency C:\Users\mehak_an9t1b4\OneDrive\Desktop\NT\frontend\node_modules\@esbuild\linux-loong64
4966 silly reify mark deleted [
4966 silly reify   'C:\\Users\\mehak_an9t1b4\\OneDrive\\Desktop\\NT\\frontend\\node_modules\\@esbuild\\linux-loong64'
4966 silly reify ]
4967 verbose reify failed optional dependency C:\Users\mehak_an9t1b4\OneDrive\Desktop\NT\frontend\node_modules\@esbuild\linux-ia32
4968 silly reify mark deleted [
4968 silly reify   'C:\\Users\\mehak_an9t1b4\\OneDrive\\Desktop\\NT\\frontend\\node_modules\\@esbuild\\linux-ia32'
4968 silly reify ]
4969 verbose reify failed optional dependency C:\Users\mehak_an9t1b4\OneDrive\Desktop\NT\frontend\node_modules\@esbuild\linux-arm64
4970 silly reify mark deleted [
4970 silly reify   'C:\\Users\\mehak_an9t1b4\\OneDrive\\Desktop\\NT\\frontend\\node_modules\\@esbuild\\linux-arm64'
4970 silly reify ]
4971 verbose reify failed optional dependency C:\Users\mehak_an9t1b4\OneDrive\Desktop\NT\frontend\node_modules\@esbuild\linux-arm
4972 silly reify mark deleted [
4972 silly reify   'C:\\Users\\mehak_an9t1b4\\OneDrive\\Desktop\\NT\\frontend\\node_modules\\@esbuild\\linux-arm'
4972 silly reify ]
4973 verbose reify failed optional dependency C:\Users\mehak_an9t1b4\OneDrive\Desktop\NT\frontend\node_modules\@esbuild\freebsd-x64
4974 silly reify mark deleted [
4974 silly reify   'C:\\Users\\mehak_an9t1b4\\OneDrive\\Desktop\\NT\\frontend\\node_modules\\@esbuild\\freebsd-x64'
4974 silly reify ]
4975 verbose reify failed optional dependency C:\Users\mehak_an9t1b4\OneDrive\Desktop\NT\frontend\node_modules\@esbuild\freebsd-arm64
4976 silly reify mark deleted [
4976 silly reify   'C:\\Users\\mehak_an9t1b4\\OneDrive\\Desktop\\NT\\frontend\\node_modules\\@esbuild\\freebsd-arm64'
4976 silly reify ]
4977 verbose reify failed optional dependency C:\Users\mehak_an9t1b4\OneDrive\Desktop\NT\frontend\node_modules\@esbuild\darwin-x64
4978 silly reify mark deleted [
4978 silly reify   'C:\\Users\\mehak_an9t1b4\\OneDrive\\Desktop\\NT\\frontend\\node_modules\\@esbuild\\darwin-x64'
4978 silly reify ]
4979 verbose reify failed optional dependency C:\Users\mehak_an9t1b4\OneDrive\Desktop\NT\frontend\node_modules\@esbuild\darwin-arm64
4980 silly reify mark deleted [
4980 silly reify   'C:\\Users\\mehak_an9t1b4\\OneDrive\\Desktop\\NT\\frontend\\node_modules\\@esbuild\\darwin-arm64'
4980 silly reify ]
4981 verbose reify failed optional dependency C:\Users\mehak_an9t1b4\OneDrive\Desktop\NT\frontend\node_modules\@esbuild\android-x64
4982 silly reify mark deleted [
4982 silly reify   'C:\\Users\\mehak_an9t1b4\\OneDrive\\Desktop\\NT\\frontend\\node_modules\\@esbuild\\android-x64'
4982 silly reify ]
4983 verbose reify failed optional dependency C:\Users\mehak_an9t1b4\OneDrive\Desktop\NT\frontend\node_modules\@esbuild\android-arm64
4984 silly reify mark deleted [
4984 silly reify   'C:\\Users\\mehak_an9t1b4\\OneDrive\\Desktop\\NT\\frontend\\node_modules\\@esbuild\\android-arm64'
4984 silly reify ]
4985 verbose reify failed optional dependency C:\Users\mehak_an9t1b4\OneDrive\Desktop\NT\frontend\node_modules\@esbuild\android-arm
4986 silly reify mark deleted [
4986 silly reify   'C:\\Users\\mehak_an9t1b4\\OneDrive\\Desktop\\NT\\frontend\\node_modules\\@esbuild\\android-arm'
4986 silly reify ]
4987 verbose reify failed optional dependency C:\Users\mehak_an9t1b4\OneDrive\Desktop\NT\frontend\node_modules\@esbuild\aix-ppc64
4988 silly reify mark deleted [
4988 silly reify   'C:\\Users\\mehak_an9t1b4\\OneDrive\\Desktop\\NT\\frontend\\node_modules\\@esbuild\\aix-ppc64'
4988 silly reify ]
4989 verbose reify failed optional dependency C:\Users\mehak_an9t1b4\OneDrive\Desktop\NT\frontend\node_modules\vite\node_modules\@esbuild\win32-ia32
4990 silly reify mark deleted [
4990 silly reify   'C:\\Users\\mehak_an9t1b4\\OneDrive\\Desktop\\NT\\frontend\\node_modules\\vite\\node_modules\\@esbuild\\win32-ia32'
4990 silly reify ]
4991 verbose reify failed optional dependency C:\Users\mehak_an9t1b4\OneDrive\Desktop\NT\frontend\node_modules\vite\node_modules\@esbuild\win32-arm64
4992 silly reify mark deleted [
4992 silly reify   'C:\\Users\\mehak_an9t1b4\\OneDrive\\Desktop\\NT\\frontend\\node_modules\\vite\\node_modules\\@esbuild\\win32-arm64'
4992 silly reify ]
4993 verbose reify failed optional dependency C:\Users\mehak_an9t1b4\OneDrive\Desktop\NT\frontend\node_modules\vite\node_modules\@esbuild\sunos-x64
4994 silly reify mark deleted [
4994 silly reify   'C:\\Users\\mehak_an9t1b4\\OneDrive\\Desktop\\NT\\frontend\\node_modules\\vite\\node_modules\\@esbuild\\sunos-x64'
4994 silly reify ]
4995 verbose reify failed optional dependency C:\Users\mehak_an9t1b4\OneDrive\Desktop\NT\frontend\node_modules\vite\node_modules\@esbuild\openbsd-x64
4996 silly reify mark deleted [
4996 silly reify   'C:\\Users\\mehak_an9t1b4\\OneDrive\\Desktop\\NT\\frontend\\node_modules\\vite\\node_modules\\@esbuild\\openbsd-x64'
4996 silly reify ]
4997 verbose reify failed optional dependency C:\Users\mehak_an9t1b4\OneDrive\Desktop\NT\frontend\node_modules\vite\node_modules\@esbuild\netbsd-x64
4998 silly reify mark deleted [
4998 silly reify   'C:\\Users\\mehak_an9t1b4\\OneDrive\\Desktop\\NT\\frontend\\node_modules\\vite\\node_modules\\@esbuild\\netbsd-x64'
4998 silly reify ]
4999 verbose reify failed optional dependency C:\Users\mehak_an9t1b4\OneDrive\Desktop\NT\frontend\node_modules\vite\node_modules\@esbuild\linux-x64
5000 silly reify mark deleted [
5000 silly reify   'C:\\Users\\mehak_an9t1b4\\OneDrive\\Desktop\\NT\\frontend\\node_modules\\vite\\node_modules\\@esbuild\\linux-x64'
5000 silly reify ]
5001 verbose reify failed optional dependency C:\Users\mehak_an9t1b4\OneDrive\Desktop\NT\frontend\node_modules\vite\node_modules\@esbuild\linux-s390x
5002 silly reify mark deleted [
5002 silly reify   'C:\\Users\\mehak_an9t1b4\\OneDrive\\Desktop\\NT\\frontend\\node_modules\\vite\\node_modules\\@esbuild\\linux-s390x'
5002 silly reify ]
5003 verbose reify failed optional dependency C:\Users\mehak_an9t1b4\OneDrive\Desktop\NT\frontend\node_modules\vite\node_modules\@esbuild\linux-riscv64
5004 silly reify mark deleted [
5004 silly reify   'C:\\Users\\mehak_an9t1b4\\OneDrive\\Desktop\\NT\\frontend\\node_modules\\vite\\node_modules\\@esbuild\\linux-riscv64'
5004 silly reify ]
5005 verbose reify failed optional dependency C:\Users\mehak_an9t1b4\OneDrive\Desktop\NT\frontend\node_modules\vite\node_modules\@esbuild\linux-ppc64
5006 silly reify mark deleted [
5006 silly reify   'C:\\Users\\mehak_an9t1b4\\OneDrive\\Desktop\\NT\\frontend\\node_modules\\vite\\node_modules\\@esbuild\\linux-ppc64'
5006 silly reify ]
5007 verbose reify failed optional dependency C:\Users\mehak_an9t1b4\OneDrive\Desktop\NT\frontend\node_modules\vite\node_modules\@esbuild\linux-mips64el
5008 silly reify mark deleted [
5008 silly reify   'C:\\Users\\mehak_an9t1b4\\OneDrive\\Desktop\\NT\\frontend\\node_modules\\vite\\node_modules\\@esbuild\\linux-mips64el'
5008 silly reify ]
5009 verbose reify failed optional dependency C:\Users\mehak_an9t1b4\OneDrive\Desktop\NT\frontend\node_modules\vite\node_modules\@esbuild\linux-loong64
5010 silly reify mark deleted [
5010 silly reify   'C:\\Users\\mehak_an9t1b4\\OneDrive\\Desktop\\NT\\frontend\\node_modules\\vite\\node_modules\\@esbuild\\linux-loong64'
5010 silly reify ]
5011 verbose reify failed optional dependency C:\Users\mehak_an9t1b4\OneDrive\Desktop\NT\frontend\node_modules\vite\node_modules\@esbuild\linux-ia32
5012 silly reify mark deleted [
5012 silly reify   'C:\\Users\\mehak_an9t1b4\\OneDrive\\Desktop\\NT\\frontend\\node_modules\\vite\\node_modules\\@esbuild\\linux-ia32'
5012 silly reify ]
5013 verbose reify failed optional dependency C:\Users\mehak_an9t1b4\OneDrive\Desktop\NT\frontend\node_modules\vite\node_modules\@esbuild\linux-arm64
5014 silly reify mark deleted [
5014 silly reify   'C:\\Users\\mehak_an9t1b4\\OneDrive\\Desktop\\NT\\frontend\\node_modules\\vite\\node_modules\\@esbuild\\linux-arm64'
5014 silly reify ]
5015 verbose reify failed optional dependency C:\Users\mehak_an9t1b4\OneDrive\Desktop\NT\frontend\node_modules\vite\node_modules\@esbuild\linux-arm
5016 silly reify mark deleted [
5016 silly reify   'C:\\Users\\mehak_an9t1b4\\OneDrive\\Desktop\\NT\\frontend\\node_modules\\vite\\node_modules\\@esbuild\\linux-arm'
5016 silly reify ]
5017 verbose reify failed optional dependency C:\Users\mehak_an9t1b4\OneDrive\Desktop\NT\frontend\node_modules\vite\node_modules\@esbuild\freebsd-x64
5018 silly reify mark deleted [
5018 silly reify   'C:\\Users\\mehak_an9t1b4\\OneDrive\\Desktop\\NT\\frontend\\node_modules\\vite\\node_modules\\@esbuild\\freebsd-x64'
5018 silly reify ]
5019 verbose reify failed optional dependency C:\Users\mehak_an9t1b4\OneDrive\Desktop\NT\frontend\node_modules\vite\node_modules\@esbuild\freebsd-arm64
5020 silly reify mark deleted [
5020 silly reify   'C:\\Users\\mehak_an9t1b4\\OneDrive\\Desktop\\NT\\frontend\\node_modules\\vite\\node_modules\\@esbuild\\freebsd-arm64'
5020 silly reify ]
5021 verbose reify failed optional dependency C:\Users\mehak_an9t1b4\OneDrive\Desktop\NT\frontend\node_modules\vite\node_modules\@esbuild\darwin-x64
5022 silly reify mark deleted [
5022 silly reify   'C:\\Users\\mehak_an9t1b4\\OneDrive\\Desktop\\NT\\frontend\\node_modules\\vite\\node_modules\\@esbuild\\darwin-x64'
5022 silly reify ]
5023 verbose reify failed optional dependency C:\Users\mehak_an9t1b4\OneDrive\Desktop\NT\frontend\node_modules\vite\node_modules\@esbuild\darwin-arm64
5024 silly reify mark deleted [
5024 silly reify   'C:\\Users\\mehak_an9t1b4\\OneDrive\\Desktop\\NT\\frontend\\node_modules\\vite\\node_modules\\@esbuild\\darwin-arm64'
5024 silly reify ]
5025 verbose reify failed optional dependency C:\Users\mehak_an9t1b4\OneDrive\Desktop\NT\frontend\node_modules\vite\node_modules\@esbuild\android-x64
5026 silly reify mark deleted [
5026 silly reify   'C:\\Users\\mehak_an9t1b4\\OneDrive\\Desktop\\NT\\frontend\\node_modules\\vite\\node_modules\\@esbuild\\android-x64'
5026 silly reify ]
5027 verbose reify failed optional dependency C:\Users\mehak_an9t1b4\OneDrive\Desktop\NT\frontend\node_modules\vite\node_modules\@esbuild\android-arm64
5028 silly reify mark deleted [
5028 silly reify   'C:\\Users\\mehak_an9t1b4\\OneDrive\\Desktop\\NT\\frontend\\node_modules\\vite\\node_modules\\@esbuild\\android-arm64'
5028 silly reify ]
5029 verbose reify failed optional dependency C:\Users\mehak_an9t1b4\OneDrive\Desktop\NT\frontend\node_modules\vite\node_modules\@esbuild\android-arm
5030 silly reify mark deleted [
5030 silly reify   'C:\\Users\\mehak_an9t1b4\\OneDrive\\Desktop\\NT\\frontend\\node_modules\\vite\\node_modules\\@esbuild\\android-arm'
5030 silly reify ]
5031 verbose reify failed optional dependency C:\Users\mehak_an9t1b4\OneDrive\Desktop\NT\frontend\node_modules\vite\node_modules\@esbuild\aix-ppc64
5032 silly reify mark deleted [
5032 silly reify   'C:\\Users\\mehak_an9t1b4\\OneDrive\\Desktop\\NT\\frontend\\node_modules\\vite\\node_modules\\@esbuild\\aix-ppc64'
5032 silly reify ]
5033 http fetch POST 200 https://registry.npmjs.org/-/npm/v1/security/advisories/bulk 1642ms
5034 silly audit report {
5034 silly audit report   '@angular/compiler': [
5034 silly audit report     {
5034 silly audit report       id: 1111180,
5034 silly audit report       url: 'https://github.com/advisories/GHSA-v4hv-rgfq-gp49',
5034 silly audit report       title: 'Angular Stored XSS Vulnerability via SVG Animation, SVG URL and MathML Attributes',
5034 silly audit report       severity: 'high',
5034 silly audit report       vulnerable_versions: '<=18.2.14',
5034 silly audit report       cwe: [Array],
5034 silly audit report       cvss: [Object]
5034 silly audit report     },
5034 silly audit report     {
5034 silly audit report       id: 1112156,
5034 silly audit report       url: 'https://github.com/advisories/GHSA-jrmj-c5cx-3cw6',
5034 silly audit report       title: 'Angular has XSS Vulnerability via Unsanitized SVG Script Attributes',
5034 silly audit report       severity: 'high',
5034 silly audit report       vulnerable_versions: '<=18.2.14',
5034 silly audit report       cwe: [Array],
5034 silly audit report       cvss: [Object]
5034 silly audit report     },
5034 silly audit report     {
5034 silly audit report       id: 1114730,
5034 silly audit report       url: 'https://github.com/advisories/GHSA-g93w-mfhg-p222',
5034 silly audit report       title: 'Angular vulnerable to XSS in i18n attribute bindings',
5034 silly audit report       severity: 'high',
5034 silly audit report       vulnerable_versions: '>=17.0.0-next.0 <=18.2.14',
5034 silly audit report       cwe: [Array],
5034 silly audit report       cvss: [Object]
5034 silly audit report     }
5034 silly audit report   ],
5034 silly audit report   '@angular/core': [
5034 silly audit report     {
5034 silly audit report       id: 1112155,
5034 silly audit report       url: 'https://github.com/advisories/GHSA-jrmj-c5cx-3cw6',
5034 silly audit report       title: 'Angular has XSS Vulnerability via Unsanitized SVG Script Attributes',
5034 silly audit report       severity: 'high',
5034 silly audit report       vulnerable_versions: '<=18.2.14',
5034 silly audit report       cwe: [Array],
5034 silly audit report       cvss: [Object]
5034 silly audit report     },
5034 silly audit report     {
5034 silly audit report       id: 1113587,
5034 silly audit report       url: 'https://github.com/advisories/GHSA-prjf-86w9-mfqv',
5034 silly audit report       title: 'Angular i18n vulnerable to Cross-Site Scripting',
5034 silly audit report       severity: 'high',
5034 silly audit report       vulnerable_versions: '<=18.2.14',
5034 silly audit report       cwe: [Array],
5034 silly audit report       cvss: [Object]
5034 silly audit report     },
5034 silly audit report     {
5034 silly audit report       id: 1114732,
5034 silly audit report       url: 'https://github.com/advisories/GHSA-g93w-mfhg-p222',
5034 silly audit report       title: 'Angular vulnerable to XSS in i18n attribute bindings',
5034 silly audit report       severity: 'high',
5034 silly audit report       vulnerable_versions: '>=17.0.0-next.0 <=18.2.14',
5034 silly audit report       cwe: [Array],
5034 silly audit report       cvss: [Object]
5034 silly audit report     }
5034 silly audit report   ],
5034 silly audit report   '@angular/common': [
5034 silly audit report     {
5034 silly audit report       id: 1111063,
5034 silly audit report       url: 'https://github.com/advisories/GHSA-58c5-g7wp-6w37',
5034 silly audit report       title: 'Angular is Vulnerable to XSRF Token Leakage via Protocol-Relative URLs in Angular HTTP Client',
5034 silly audit report       severity: 'high',
5034 silly audit report       vulnerable_versions: '<19.2.16',
5034 silly audit report       cwe: [Array],
5034 silly audit report       cvss: [Object]
5034 silly audit report     }
5034 silly audit report   ],
5034 silly audit report   webpack: [
5034 silly audit report     {
5034 silly audit report       id: 1113041,
5034 silly audit report       url: 'https://github.com/advisories/GHSA-8fgc-7cc6-rx7x',
5034 silly audit report       title: 'webpack buildHttp: allowedUris allow-list bypass via URL userinfo (@) leading to build-time SSRF behavior',
5034 silly audit report       severity: 'low',
5034 silly audit report       vulnerable_versions: '>=5.49.0 <=5.104.0',
5034 silly audit report       cwe: [Array],
5034 silly audit report       cvss: [Object]
5034 silly audit report     },
5034 silly audit report     {
5034 silly audit report       id: 1113042,
5034 silly audit report       url: 'https://github.com/advisories/GHSA-38r7-794h-5758',
5034 silly audit report       title: 'webpack buildHttp HttpUriPlugin allowedUris bypass via HTTP redirects → SSRF + cache persistence',
5034 silly audit report       severity: 'low',
5034 silly audit report       vulnerable_versions: '>=5.49.0 <5.104.0',
5034 silly audit report       cwe: [Array],
5034 silly audit report       cvss: [Object]
5034 silly audit report     }
5034 silly audit report   ],
5034 silly audit report   esbuild: [
5034 silly audit report     {
5034 silly audit report       id: 1102341,
5034 silly audit report       url: 'https://github.com/advisories/GHSA-67mh-4wv8-2f99',
5034 silly audit report       title: 'esbuild enables any website to send any requests to the development server and read the response',
5034 silly audit report       severity: 'moderate',
5034 silly audit report       vulnerable_versions: '<=0.24.2',
5034 silly audit report       cwe: [Array],
5034 silly audit report       cvss: [Object]
5034 silly audit report     }
5034 silly audit report   ],
5034 silly audit report   picomatch: [
5034 silly audit report     {
5034 silly audit report       id: 1115551,
5034 silly audit report       url: 'https://github.com/advisories/GHSA-3v7f-55p6-f55p',
5034 silly audit report       title: 'Picomatch: Method Injection in POSIX Character Classes causes incorrect Glob Matching',
5034 silly audit report       severity: 'moderate',
5034 silly audit report       vulnerable_versions: '>=4.0.0 <4.0.4',
5034 silly audit report       cwe: [Array],
5034 silly audit report       cvss: [Object]
5034 silly audit report     },
5034 silly audit report     {
5034 silly audit report       id: 1115554,
5034 silly audit report       url: 'https://github.com/advisories/GHSA-c2c7-rcm5-vvqj',
5034 silly audit report       title: 'Picomatch has a ReDoS vulnerability via extglob quantifiers',
5034 silly audit report       severity: 'high',
5034 silly audit report       vulnerable_versions: '>=4.0.0 <4.0.4',
5034 silly audit report       cwe: [Array],
5034 silly audit report       cvss: [Object]
5034 silly audit report     }
5034 silly audit report   ],
5034 silly audit report   ajv: [
5034 silly audit report     {
5034 silly audit report       id: 1113715,
5034 silly audit report       url: 'https://github.com/advisories/GHSA-2g4f-4pwh-qvx6',
5034 silly audit report       title: 'ajv has ReDoS when using `$data` option',
5034 silly audit report       severity: 'moderate',
5034 silly audit report       vulnerable_versions: '>=7.0.0-alpha.0 <8.18.0',
5034 silly audit report       cwe: [Array],
5034 silly audit report       cvss: [Object]
5034 silly audit report     }
5034 silly audit report   ],
5034 silly audit report   vite: [
5034 silly audit report     {
5034 silly audit report       id: 1116229,
5034 silly audit report       url: 'https://github.com/advisories/GHSA-4w7w-66w2-5vf9',
5034 silly audit report       title: 'Vite Vulnerable to Path Traversal in Optimized Deps `.map` Handling',
5034 silly audit report       severity: 'moderate',
5034 silly audit report       vulnerable_versions: '<=6.4.1',
5034 silly audit report       cwe: [Array],
5034 silly audit report       cvss: [Object]
5034 silly audit report     }
5034 silly audit report   ],
5034 silly audit report   rollup: [
5034 silly audit report     {
5034 silly audit report       id: 1113515,
5034 silly audit report       url: 'https://github.com/advisories/GHSA-mw96-cpmx-2vgc',
5034 silly audit report       title: 'Rollup 4 has Arbitrary File Write via Path Traversal',
5034 silly audit report       severity: 'high',
5034 silly audit report       vulnerable_versions: '>=4.0.0 <4.59.0',
5034 silly audit report       cwe: [Array],
5034 silly audit report       cvss: [Object]
5034 silly audit report     }
5034 silly audit report   ],
5034 silly audit report   'serialize-javascript': [
5034 silly audit report     {
5034 silly audit report       id: 1113686,
5034 silly audit report       url: 'https://github.com/advisories/GHSA-5c6j-r48x-rmvq',
5034 silly audit report       title: 'Serialize JavaScript is Vulnerable to RCE via RegExp.flags and Date.prototype.toISOString()',
5034 silly audit report       severity: 'high',
5034 silly audit report       vulnerable_versions: '<=7.0.2',
5034 silly audit report       cwe: [Array],
5034 silly audit report       cvss: [Object]
5034 silly audit report     },
5034 silly audit report     {
5034 silly audit report       id: 1115723,
5034 silly audit report       url: 'https://github.com/advisories/GHSA-qj8w-gfj5-8c6v',
5034 silly audit report       title: 'Serialize JavaScript has CPU Exhaustion Denial of Service via crafted array-like objects',
5034 silly audit report       severity: 'moderate',
5034 silly audit report       vulnerable_versions: '<7.0.5',
5034 silly audit report       cwe: [Array],
5034 silly audit report       cvss: [Object]
5034 silly audit report     }
5034 silly audit report   ],
5034 silly audit report   tmp: [
5034 silly audit report     {
5034 silly audit report       id: 1109537,
5034 silly audit report       url: 'https://github.com/advisories/GHSA-52f5-9888-hmc6',
5034 silly audit report       title: 'tmp allows arbitrary temporary file / directory write via symbolic link `dir` parameter',
5034 silly audit report       severity: 'low',
5034 silly audit report       vulnerable_versions: '<=0.2.3',
5034 silly audit report       cwe: [Array],
5034 silly audit report       cvss: [Object]
5034 silly audit report     }
5034 silly audit report   ],
5034 silly audit report   tar: [
5034 silly audit report     {
5034 silly audit report       id: 1112659,
5034 silly audit report       url: 'https://github.com/advisories/GHSA-34x7-hfp2-rc4v',
5034 silly audit report       title: 'node-tar Vulnerable to Arbitrary File Creation/Overwrite via Hardlink Path Traversal',
5034 silly audit report       severity: 'high',
5034 silly audit report       vulnerable_versions: '<7.5.7',
5034 silly audit report       cwe: [Array],
5034 silly audit report       cvss: [Object]
5034 silly audit report     },
5034 silly audit report     {
5034 silly audit report       id: 1113300,
5034 silly audit report       url: 'https://github.com/advisories/GHSA-8qq5-rm4j-mr97',
5034 silly audit report       title: 'node-tar is Vulnerable to Arbitrary File Overwrite and Symlink Poisoning via Insufficient Path Sanitization',
5034 silly audit report       severity: 'high',
5034 silly audit report       vulnerable_versions: '<=7.5.2',
5034 silly audit report       cwe: [Array],
5034 silly audit report       cvss: [Object]
5034 silly audit report     },
5034 silly audit report     {
5034 silly audit report       id: 1113375,
5034 silly audit report       url: 'https://github.com/advisories/GHSA-83g3-92jg-28cx',
5034 silly audit report       title: 'Arbitrary File Read/Write via Hardlink Target Escape Through Symlink Chain in node-tar Extraction',
5034 silly audit report       severity: 'high',
5034 silly audit report       vulnerable_versions: '<7.5.8',
5034 silly audit report       cwe: [Array],
5034 silly audit report       cvss: [Object]
5034 silly audit report     },
5034 silly audit report     {
5034 silly audit report       id: 1114200,
5034 silly audit report       url: 'https://github.com/advisories/GHSA-qffp-2rhf-9h96',
5034 silly audit report       title: 'tar has Hardlink Path Traversal via Drive-Relative Linkpath',
5034 silly audit report       severity: 'high',
5034 silly audit report       vulnerable_versions: '<=7.5.9',
5034 silly audit report       cwe: [Array],
5034 silly audit report       cvss: [Object]
5034 silly audit report     },
5034 silly audit report     {
5034 silly audit report       id: 1114302,
5034 silly audit report       url: 'https://github.com/advisories/GHSA-9ppj-qmqm-q256',
5034 silly audit report       title: 'node-tar Symlink Path Traversal via Drive-Relative Linkpath',
5034 silly audit report       severity: 'high',
5034 silly audit report       vulnerable_versions: '<=7.5.10',
5034 silly audit report       cwe: [Array],
5034 silly audit report       cvss: [Object]
5034 silly audit report     },
5034 silly audit report     {
5034 silly audit report       id: 1114680,
5034 silly audit report       url: 'https://github.com/advisories/GHSA-r6q2-hw4h-h46w',
5034 silly audit report       title: 'Race Condition in node-tar Path Reservations via Unicode Ligature Collisions on macOS APFS',
5034 silly audit report       severity: 'high',
5034 silly audit report       vulnerable_versions: '<=7.5.3',
5034 silly audit report       cwe: [Array],
5034 silly audit report       cvss: [Object]
5034 silly audit report     }
5034 silly audit report   ],
5034 silly audit report   uuid: [
5034 silly audit report     {
5034 silly audit report       id: 1116970,
5034 silly audit report       url: 'https://github.com/advisories/GHSA-w5hq-g745-h8pq',
5034 silly audit report       title: 'uuid: Missing buffer bounds check in v3/v5/v6 when buf is provided',
5034 silly audit report       severity: 'moderate',
5034 silly audit report       vulnerable_versions: '<14.0.0',
5034 silly audit report       cwe: [Array],
5034 silly audit report       cvss: [Object]
5034 silly audit report     }
5034 silly audit report   ]
5034 silly audit report }
5035 silly packumentCache corgi:https://registry.npmjs.org/@angular%2fcompiler cache-miss
5036 silly packumentCache corgi:https://registry.npmjs.org/@angular%2fcore cache-miss
5037 silly packumentCache corgi:https://registry.npmjs.org/@angular%2fcommon cache-miss
5038 silly packumentCache corgi:https://registry.npmjs.org/webpack cache-miss
5039 silly packumentCache corgi:https://registry.npmjs.org/esbuild cache-miss
5040 silly packumentCache corgi:https://registry.npmjs.org/picomatch cache-miss
5041 silly packumentCache corgi:https://registry.npmjs.org/ajv cache-miss
5042 silly packumentCache corgi:https://registry.npmjs.org/vite cache-miss
5043 silly packumentCache corgi:https://registry.npmjs.org/rollup cache-miss
5044 silly packumentCache corgi:https://registry.npmjs.org/serialize-javascript cache-miss
5045 silly packumentCache corgi:https://registry.npmjs.org/tmp cache-miss
5046 silly packumentCache corgi:https://registry.npmjs.org/tar cache-miss
5047 silly packumentCache corgi:https://registry.npmjs.org/uuid cache-miss
5048 http fetch GET 200 https://registry.npmjs.org/fast-json-stable-stringify/-/fast-json-stable-stringify-2.1.0.tgz 3636ms (cache miss)
5049 http fetch GET 200 https://registry.npmjs.org/require-directory/-/require-directory-2.1.1.tgz 4080ms (cache miss)
5050 http fetch GET 200 https://registry.npmjs.org/eastasianwidth/-/eastasianwidth-0.2.0.tgz 4085ms (cache miss)
5051 http fetch GET 200 https://registry.npmjs.org/y18n/-/y18n-5.0.8.tgz 4097ms (cache miss)
5052 http fetch GET 200 https://registry.npmjs.org/cliui/-/cliui-8.0.1.tgz 4268ms (cache miss)
5053 http fetch GET 200 https://registry.npmjs.org/get-caller-file/-/get-caller-file-2.0.5.tgz 4270ms (cache miss)
5054 http fetch GET 200 https://registry.npmjs.org/isexe/-/isexe-3.1.5.tgz 4284ms (cache miss)
5055 http fetch GET 200 https://registry.npmjs.org/process-nextick-args/-/process-nextick-args-2.0.1.tgz 4468ms (cache miss)
5056 http fetch GET 200 https://registry.npmjs.org/punycode/-/punycode-2.3.1.tgz 4505ms (cache miss)
5057 http fetch GET 200 https://registry.npmjs.org/core-util-is/-/core-util-is-1.0.3.tgz 4643ms (cache miss)
5058 http fetch GET 200 https://registry.npmjs.org/detect-node/-/detect-node-2.1.0.tgz 4620ms (cache miss)
5059 http fetch GET 200 https://registry.npmjs.org/mimic-fn/-/mimic-fn-2.1.0.tgz 4827ms (cache miss)
5060 http fetch GET 200 https://registry.npmjs.org/wildcard/-/wildcard-2.0.1.tgz 4809ms (cache miss)
5061 http fetch GET 200 https://registry.npmjs.org/shallow-clone/-/shallow-clone-3.0.1.tgz 4818ms (cache miss)
5062 http fetch GET 200 https://registry.npmjs.org/is-binary-path/-/is-binary-path-2.1.0.tgz 4844ms (cache miss)
5063 http fetch GET 200 https://registry.npmjs.org/minimalistic-assert/-/minimalistic-assert-1.0.1.tgz 4817ms (cache miss)
5064 http fetch GET 200 https://registry.npmjs.org/handle-thing/-/handle-thing-2.0.1.tgz 4813ms (cache miss)
5065 http fetch GET 200 https://registry.npmjs.org/is-plain-obj/-/is-plain-obj-3.0.0.tgz 5050ms (cache miss)
5066 http fetch GET 200 https://registry.npmjs.org/isobject/-/isobject-3.0.1.tgz 5043ms (cache miss)
5067 http fetch GET 200 https://registry.npmjs.org/anymatch/-/anymatch-3.1.3.tgz 5049ms (cache miss)
5068 http fetch GET 200 https://registry.npmjs.org/dunder-proto/-/dunder-proto-1.0.1.tgz 5036ms (cache miss)
5069 http fetch GET 200 https://registry.npmjs.org/environment/-/environment-1.1.0.tgz 5298ms (cache miss)
5070 http fetch GET 200 https://registry.npmjs.org/raw-body/-/raw-body-2.5.3.tgz 5258ms (cache miss)
5071 http fetch GET 200 https://registry.npmjs.org/destroy/-/destroy-1.2.0.tgz 5258ms (cache miss)
5072 http fetch GET 200 https://registry.npmjs.org/media-typer/-/media-typer-0.3.0.tgz 5439ms (cache miss)
5073 http fetch GET 200 https://registry.npmjs.org/clone-deep/-/clone-deep-4.0.1.tgz 5440ms (cache miss)
5074 http fetch GET 200 https://registry.npmjs.org/wbuf/-/wbuf-1.7.3.tgz 5449ms (cache miss)
5075 http fetch GET 200 https://registry.npmjs.org/utils-merge/-/utils-merge-1.0.1.tgz 5447ms (cache miss)
5076 http fetch GET 200 https://registry.npmjs.org/path-to-regexp/-/path-to-regexp-0.1.13.tgz 5683ms (cache miss)
5077 http fetch GET 200 https://registry.npmjs.org/http-errors/-/http-errors-2.0.1.tgz 5675ms (cache miss)
5078 http fetch GET 200 https://registry.npmjs.org/escape-html/-/escape-html-1.0.3.tgz 5679ms (cache miss)
5079 http fetch GET 200 https://registry.npmjs.org/bytes/-/bytes-3.1.2.tgz 5875ms (cache miss)
5080 http fetch GET 200 https://registry.npmjs.org/unpipe/-/unpipe-1.0.0.tgz 5917ms (cache miss)
5081 http fetch GET 200 https://registry.npmjs.org/on-headers/-/on-headers-1.1.0.tgz 5895ms (cache miss)
5082 http fetch GET 200 https://registry.npmjs.org/cookie-signature/-/cookie-signature-1.0.7.tgz 5902ms (cache miss)
5083 http fetch GET 200 https://registry.npmjs.org/@types/mime/-/mime-1.3.5.tgz 6150ms (cache miss)
5084 http fetch GET 200 https://registry.npmjs.org/forwarded/-/forwarded-0.2.0.tgz 6125ms (cache miss)
5085 http fetch GET 200 https://registry.npmjs.org/array-flatten/-/array-flatten-1.1.1.tgz 6112ms (cache miss)
5086 http fetch GET 200 https://registry.npmjs.org/methods/-/methods-1.1.2.tgz 6132ms (cache miss)
5087 http fetch GET 200 https://registry.npmjs.org/etag/-/etag-1.8.1.tgz 6128ms (cache miss)
5088 http fetch GET 200 https://registry.npmjs.org/@types/send/-/send-1.2.1.tgz 6119ms (cache miss)
5089 http fetch GET 200 https://registry.npmjs.org/encodeurl/-/encodeurl-2.0.0.tgz 6143ms (cache miss)
5090 http fetch GET 200 https://registry.npmjs.org/is-network-error/-/is-network-error-1.3.1.tgz 6346ms (cache miss)
5091 http fetch GET 200 https://registry.npmjs.org/type-is/-/type-is-1.6.18.tgz 6332ms (cache miss)
5092 http fetch GET 200 https://registry.npmjs.org/obuf/-/obuf-1.1.2.tgz 6372ms (cache miss)
5093 http fetch GET 200 https://registry.npmjs.org/@types/http-errors/-/http-errors-2.0.5.tgz 6318ms (cache miss)
5094 http fetch GET 200 https://registry.npmjs.org/selfsigned/-/selfsigned-2.4.1.tgz 6293ms (cache miss)
5095 http fetch GET 200 https://registry.npmjs.org/launch-editor/-/launch-editor-2.13.2.tgz 6302ms (cache miss)
5096 http fetch GET 200 https://registry.npmjs.org/big.js/-/big.js-5.2.2.tgz 6567ms (cache miss)
5097 http fetch GET 200 https://registry.npmjs.org/toidentifier/-/toidentifier-1.0.1.tgz 6540ms (cache miss)
5098 http fetch GET 200 https://registry.npmjs.org/merge-descriptors/-/merge-descriptors-1.0.3.tgz 6526ms (cache miss)
5099 http fetch GET 200 https://registry.npmjs.org/vary/-/vary-1.1.2.tgz 6516ms (cache miss)
5100 http fetch GET 200 https://registry.npmjs.org/@types/connect/-/connect-3.4.38.tgz 6512ms (cache miss)
5101 http fetch GET 200 https://registry.npmjs.org/parseurl/-/parseurl-1.3.3.tgz 6542ms (cache miss)
5102 http fetch GET 200 https://registry.npmjs.org/@types/body-parser/-/body-parser-1.19.6.tgz 6500ms (cache miss)
5103 http fetch GET 200 https://registry.npmjs.org/@types/range-parser/-/range-parser-1.2.7.tgz 6527ms (cache miss)
5104 http fetch GET 200 https://registry.npmjs.org/@types/qs/-/qs-6.15.0.tgz 6527ms (cache miss)
5105 http fetch GET 200 https://registry.npmjs.org/@types/serve-static/-/serve-static-1.15.10.tgz 6494ms (cache miss)
5106 http fetch GET 200 https://registry.npmjs.org/@types/express-serve-static-core/-/express-serve-static-core-4.19.8.tgz 6501ms (cache miss)
5107 http fetch GET 200 https://registry.npmjs.org/ee-first/-/ee-first-1.1.1.tgz 6499ms (cache miss)
5108 http fetch GET 200 https://registry.npmjs.org/binary-extensions/-/binary-extensions-2.3.0.tgz 6796ms (cache miss)
5109 http fetch GET 200 https://registry.npmjs.org/@types/connect-history-api-fallback/-/connect-history-api-fallback-1.5.4.tgz 6705ms (cache miss)
5110 http fetch GET 200 https://registry.npmjs.org/@jsonjoy.com/base64/-/base64-1.1.2.tgz 6693ms (cache miss)
5111 http fetch GET 200 https://registry.npmjs.org/@types/sockjs/-/sockjs-0.3.36.tgz 6716ms (cache miss)
5112 http fetch GET 200 https://registry.npmjs.org/http-deceiver/-/http-deceiver-1.2.7.tgz 6961ms (cache miss)
5113 http fetch GET 200 https://registry.npmjs.org/fresh/-/fresh-0.5.2.tgz 6896ms (cache miss)
5114 http fetch GET 200 https://registry.npmjs.org/compressible/-/compressible-2.0.18.tgz 6921ms (cache miss)
5115 http fetch GET 200 https://registry.npmjs.org/@types/serve-index/-/serve-index-1.9.4.tgz 6888ms (cache miss)
5116 http fetch GET 200 https://registry.npmjs.org/@types/bonjour/-/bonjour-3.5.13.tgz 6882ms (cache miss)
5117 http fetch GET 200 https://registry.npmjs.org/@types/express/-/express-4.17.25.tgz 6896ms (cache miss)
5118 http fetch GET 200 https://registry.npmjs.org/setprototypeof/-/setprototypeof-1.2.0.tgz 7371ms (cache miss)
5119 http fetch GET 200 https://registry.npmjs.org/esrecurse/-/esrecurse-4.3.0.tgz 7324ms (cache miss)
5120 http fetch GET 200 https://registry.npmjs.org/connect-history-api-fallback/-/connect-history-api-fallback-2.0.0.tgz 7363ms (cache miss)
5121 http fetch GET 200 https://registry.npmjs.org/http-parser-js/-/http-parser-js-0.5.10.tgz 7737ms (cache miss)
5122 http fetch GET 200 https://registry.npmjs.org/content-type/-/content-type-1.0.5.tgz 7681ms (cache miss)
5123 http fetch GET 200 https://registry.npmjs.org/p-retry/-/p-retry-6.2.1.tgz 7654ms (cache miss)
5124 http fetch GET 200 https://registry.npmjs.org/ansi-html-community/-/ansi-html-community-0.0.8.tgz 7655ms (cache miss)
5125 http fetch GET 200 https://registry.npmjs.org/merge-stream/-/merge-stream-2.0.0.tgz 7634ms (cache miss)
5126 http fetch GET 200 https://registry.npmjs.org/@types/retry/-/retry-0.12.2.tgz 7626ms (cache miss)
5127 http fetch GET 200 https://registry.npmjs.org/@webassemblyjs/floating-point-hex-parser/-/floating-point-hex-parser-1.13.2.tgz 7629ms (cache miss)
5128 http fetch GET 200 https://registry.npmjs.org/@webassemblyjs/helper-api-error/-/helper-api-error-1.13.2.tgz 7644ms (cache miss)
5129 http fetch GET 200 https://registry.npmjs.org/isarray/-/isarray-1.0.0.tgz 7989ms (cache miss)
5130 http fetch GET 200 https://registry.npmjs.org/@leichtgewicht/ip-codec/-/ip-codec-2.0.5.tgz 7977ms (cache miss)
5131 http fetch GET 200 https://registry.npmjs.org/statuses/-/statuses-2.0.2.tgz 7973ms (cache miss)
5132 http fetch GET 200 https://registry.npmjs.org/compression/-/compression-1.8.1.tgz 7913ms (cache miss)
5133 http fetch GET 200 https://registry.npmjs.org/glob-to-regex.js/-/glob-to-regex.js-1.2.0.tgz 7901ms (cache miss)
5134 http fetch GET 200 https://registry.npmjs.org/range-parser/-/range-parser-1.2.1.tgz 7903ms (cache miss)
5135 http fetch GET 200 https://registry.npmjs.org/@webassemblyjs/ieee754/-/ieee754-1.13.2.tgz 7904ms (cache miss)
5136 http fetch GET 200 https://registry.npmjs.org/@webassemblyjs/helper-wasm-bytecode/-/helper-wasm-bytecode-1.13.2.tgz 7903ms (cache miss)
5137 http fetch GET 200 https://registry.npmjs.org/on-finished/-/on-finished-2.4.1.tgz 7923ms (cache miss)
5138 http fetch GET 200 https://registry.npmjs.org/mime-types/-/mime-types-2.1.35.tgz 7915ms (cache miss)
5139 http fetch GET 200 https://registry.npmjs.org/emojis-list/-/emojis-list-3.0.0.tgz 8288ms (cache miss)
5140 http fetch GET 200 https://registry.npmjs.org/thunky/-/thunky-1.1.0.tgz 8259ms (cache miss)
5141 http fetch GET 200 https://registry.npmjs.org/defaults/-/defaults-1.0.4.tgz 8149ms (cache miss)
5142 http fetch GET 200 https://registry.npmjs.org/spdx-license-ids/-/spdx-license-ids-3.0.23.tgz 8152ms (cache miss)
5143 http fetch GET 200 https://registry.npmjs.org/@webassemblyjs/utf8/-/utf8-1.13.2.tgz 8420ms (cache miss)
5144 http fetch GET 200 https://registry.npmjs.org/depd/-/depd-2.0.0.tgz 8551ms (cache miss)
5145 http fetch GET 200 https://registry.npmjs.org/content-disposition/-/content-disposition-0.5.4.tgz 8555ms (cache miss)
5146 http fetch GET 200 https://registry.npmjs.org/@types/ws/-/ws-8.18.1.tgz 8517ms (cache miss)
5147 http fetch GET 200 https://registry.npmjs.org/unique-slug/-/unique-slug-4.0.0.tgz 8497ms (cache miss)
5148 http fetch GET 200 https://registry.npmjs.org/@tufjs/canonical-json/-/canonical-json-2.0.0.tgz 8499ms (cache miss)
5149 http fetch GET 200 https://registry.npmjs.org/spdx-expression-parse/-/spdx-expression-parse-3.0.1.tgz 8506ms (cache miss)
5150 http fetch GET 200 https://registry.npmjs.org/@webassemblyjs/wasm-opt/-/wasm-opt-1.14.1.tgz 8515ms (cache miss)
5151 http fetch GET 200 https://registry.npmjs.org/unicode-property-aliases-ecmascript/-/unicode-property-aliases-ecmascript-2.2.0.tgz 8520ms (cache miss)
5152 http fetch GET 200 https://registry.npmjs.org/querystringify/-/querystringify-2.2.0.tgz 8523ms (cache miss)
5153 http fetch GET 200 https://registry.npmjs.org/flat/-/flat-5.0.2.tgz 8977ms (cache miss)
5154 http fetch GET 200 https://registry.npmjs.org/spdx-correct/-/spdx-correct-3.2.0.tgz 8843ms (cache miss)
5155 http fetch GET 200 https://registry.npmjs.org/os-tmpdir/-/os-tmpdir-1.0.2.tgz 8869ms (cache miss)
5156 http fetch GET 200 https://registry.npmjs.org/unicode-canonical-property-names-ecmascript/-/unicode-canonical-property-names-ecmascript-2.0.1.tgz 8880ms (cache miss)
5157 http fetch GET 200 https://registry.npmjs.org/has-flag/-/has-flag-4.0.0.tgz 8898ms (cache miss)
5158 http fetch GET 200 https://registry.npmjs.org/spdx-exceptions/-/spdx-exceptions-2.5.0.tgz 8900ms (cache miss)
5159 http fetch GET 200 https://registry.npmjs.org/chownr/-/chownr-2.0.0.tgz 8909ms (cache miss)
5160 http fetch GET 200 https://registry.npmjs.org/imurmurhash/-/imurmurhash-0.1.4.tgz 8931ms (cache miss)
5161 http fetch GET 200 https://registry.npmjs.org/batch/-/batch-0.6.1.tgz 9346ms (cache miss)
5162 http fetch GET 200 https://registry.npmjs.org/ansi-regex/-/ansi-regex-5.0.1.tgz 9260ms (cache miss)
5163 http fetch GET 200 https://registry.npmjs.org/emoji-regex/-/emoji-regex-10.6.0.tgz 9262ms (cache miss)
5164 http fetch GET 200 https://registry.npmjs.org/buffer-from/-/buffer-from-1.1.2.tgz 9295ms (cache miss)
5165 http fetch GET 200 https://registry.npmjs.org/is-number/-/is-number-7.0.0.tgz 9337ms (cache miss)
5166 http fetch GET 200 https://registry.npmjs.org/kind-of/-/kind-of-6.0.3.tgz 9913ms (cache miss)
5167 http fetch GET 200 https://registry.npmjs.org/finalhandler/-/finalhandler-1.3.2.tgz 9865ms (cache miss)
5168 http fetch GET 200 https://registry.npmjs.org/accepts/-/accepts-1.3.8.tgz 9857ms (cache miss)
5169 http fetch GET 200 https://registry.npmjs.org/proxy-addr/-/proxy-addr-2.0.7.tgz 9881ms (cache miss)
5170 http fetch GET 200 https://registry.npmjs.org/@xtuc/ieee754/-/ieee754-1.2.0.tgz 9798ms (cache miss)
5171 http fetch GET 200 https://registry.npmjs.org/@webassemblyjs/wast-printer/-/wast-printer-1.14.1.tgz 9803ms (cache miss)
5172 http fetch GET 200 https://registry.npmjs.org/is-fullwidth-code-point/-/is-fullwidth-code-point-4.0.0.tgz 9768ms (cache miss)
5173 http fetch GET 200 https://registry.npmjs.org/randombytes/-/randombytes-2.1.0.tgz 9763ms (cache miss)
5174 http fetch GET 200 https://registry.npmjs.org/shebang-regex/-/shebang-regex-3.0.0.tgz 9770ms (cache miss)
5175 http fetch GET 200 https://registry.npmjs.org/serve-static/-/serve-static-1.16.3.tgz 10150ms (cache miss)
5176 http fetch GET 200 https://registry.npmjs.org/glob-to-regexp/-/glob-to-regexp-0.4.1.tgz 10048ms (cache miss)
5177 http fetch GET 200 https://registry.npmjs.org/queue-microtask/-/queue-microtask-1.2.3.tgz 10043ms (cache miss)
5178 http fetch GET 200 https://registry.npmjs.org/regex-parser/-/regex-parser-2.3.1.tgz 10039ms (cache miss)
5179 http fetch GET 200 https://registry.npmjs.org/mimic-function/-/mimic-function-5.0.1.tgz 10038ms (cache miss)
5180 http fetch GET 200 https://registry.npmjs.org/@types/estree/-/estree-1.0.5.tgz 10050ms (cache miss)
5181 http fetch GET 200 https://registry.npmjs.org/@types/node-forge/-/node-forge-1.3.14.tgz 10692ms (cache miss)
5182 http fetch GET 200 https://registry.npmjs.org/cookie/-/cookie-0.7.2.tgz 10662ms (cache miss)
5183 http fetch GET 200 https://registry.npmjs.org/ipaddr.js/-/ipaddr.js-2.3.0.tgz 10693ms (cache miss)
5184 http fetch GET 200 https://registry.npmjs.org/onetime/-/onetime-7.0.0.tgz 10587ms (cache miss)
5185 http fetch GET 200 https://registry.npmjs.org/@types/json-schema/-/json-schema-7.0.15.tgz 10610ms (cache miss)
5186 http fetch GET 200 https://registry.npmjs.org/@webassemblyjs/helper-numbers/-/helper-numbers-1.13.2.tgz 10599ms (cache miss)
5187 http fetch GET 200 https://registry.npmjs.org/path-parse/-/path-parse-1.0.7.tgz 10599ms (cache miss)
5188 http fetch GET 200 https://registry.npmjs.org/is-core-module/-/is-core-module-2.16.1.tgz 10599ms (cache miss)
5189 http fetch GET 200 https://registry.npmjs.org/regenerate/-/regenerate-1.4.2.tgz 10605ms (cache miss)
5190 http fetch GET 200 https://registry.npmjs.org/select-hose/-/select-hose-2.0.0.tgz 11011ms (cache miss)
5191 http fetch GET 200 https://registry.npmjs.org/estraverse/-/estraverse-4.3.0.tgz 10898ms (cache miss)
5192 http fetch GET 200 https://registry.npmjs.org/regjsgen/-/regjsgen-0.8.0.tgz 10852ms (cache miss)
5193 http fetch GET 200 https://registry.npmjs.org/string_decoder/-/string_decoder-1.3.0.tgz 10859ms (cache miss)
5194 http fetch GET 200 https://registry.npmjs.org/err-code/-/err-code-2.0.3.tgz 10857ms (cache miss)
5195 http fetch GET 200 https://registry.npmjs.org/util-deprecate/-/util-deprecate-1.0.2.tgz 10863ms (cache miss)
5196 http fetch GET 200 https://registry.npmjs.org/is-arrayish/-/is-arrayish-0.2.1.tgz 10871ms (cache miss)
5197 http fetch GET 200 https://registry.npmjs.org/unicode-match-property-ecmascript/-/unicode-match-property-ecmascript-2.0.0.tgz 10880ms (cache miss)
5198 http fetch GET 200 https://registry.npmjs.org/error-ex/-/error-ex-1.3.4.tgz 10871ms (cache miss)
5199 http fetch GET 200 https://registry.npmjs.org/callsites/-/callsites-3.1.0.tgz 10876ms (cache miss)
5200 http fetch GET 200 https://registry.npmjs.org/@jsonjoy.com/fs-print/-/fs-print-4.57.2.tgz 11194ms (cache miss)
5201 http fetch GET 200 https://registry.npmjs.org/loader-runner/-/loader-runner-4.3.1.tgz 11170ms (cache miss)
5202 http fetch GET 200 https://registry.npmjs.org/clone/-/clone-1.0.4.tgz 11165ms (cache miss)
5203 http fetch GET 200 https://registry.npmjs.org/resolve-from/-/resolve-from-4.0.0.tgz 11115ms (cache miss)
5204 http fetch GET 200 https://registry.npmjs.org/parse-json/-/parse-json-5.2.0.tgz 11115ms (cache miss)
5205 http fetch GET 200 https://registry.npmjs.org/parent-module/-/parent-module-1.0.1.tgz 11122ms (cache miss)
5206 http fetch GET 200 https://registry.npmjs.org/lines-and-columns/-/lines-and-columns-1.2.4.tgz 11124ms (cache miss)
5207 http fetch GET 200 https://registry.npmjs.org/@webassemblyjs/helper-buffer/-/helper-buffer-1.14.1.tgz 11439ms (cache miss)
5208 http fetch GET 200 https://registry.npmjs.org/safe-buffer/-/safe-buffer-5.2.1.tgz 11405ms (cache miss)
5209 http fetch GET 200 https://registry.npmjs.org/import-fresh/-/import-fresh-3.3.1.tgz 11375ms (cache miss)
5210 http fetch GET 200 https://registry.npmjs.org/yocto-queue/-/yocto-queue-1.2.2.tgz 11374ms (cache miss)
5211 http fetch GET 200 https://registry.npmjs.org/p-locate/-/p-locate-6.0.0.tgz 11376ms (cache miss)
5212 http fetch GET 200 https://registry.npmjs.org/p-limit/-/p-limit-4.0.0.tgz 11378ms (cache miss)
5213 http fetch GET 200 https://registry.npmjs.org/path-exists/-/path-exists-5.0.0.tgz 11378ms (cache miss)
5214 http fetch GET 200 https://registry.npmjs.org/node-gyp-build/-/node-gyp-build-4.8.4.tgz 11390ms (cache miss)
5215 http fetch GET 200 https://registry.npmjs.org/chrome-trace-event/-/chrome-trace-event-1.0.4.tgz 11669ms (cache miss)
5216 http fetch GET 200 https://registry.npmjs.org/indent-string/-/indent-string-4.0.0.tgz 11605ms (cache miss)
5217 http fetch GET 200 https://registry.npmjs.org/clean-stack/-/clean-stack-2.2.0.tgz 11603ms (cache miss)
5218 http fetch GET 200 https://registry.npmjs.org/aggregate-error/-/aggregate-error-3.1.0.tgz 11602ms (cache miss)
5219 http fetch GET 200 https://registry.npmjs.org/find-up/-/find-up-6.3.0.tgz 11616ms (cache miss)
5220 http fetch GET 200 https://registry.npmjs.org/ignore-walk/-/ignore-walk-6.0.5.tgz 11615ms (cache miss)
5221 http fetch GET 200 https://registry.npmjs.org/multicast-dns/-/multicast-dns-7.2.5.tgz 11932ms (cache miss)
5222 http fetch GET 200 https://registry.npmjs.org/locate-path/-/locate-path-7.2.0.tgz 11796ms (cache miss)
5223 http fetch GET 200 https://registry.npmjs.org/minizlib/-/minizlib-2.1.2.tgz 11791ms (cache miss)
5224 http fetch GET 200 https://registry.npmjs.org/http-proxy-agent/-/http-proxy-agent-7.0.2.tgz 11789ms (cache miss)
5225 http fetch GET 200 https://registry.npmjs.org/abbrev/-/abbrev-2.0.0.tgz 11797ms (cache miss)
5226 http fetch GET 200 https://registry.npmjs.org/negotiator/-/negotiator-0.6.4.tgz 11795ms (cache miss)
5227 http fetch GET 200 https://registry.npmjs.org/encoding/-/encoding-0.1.13.tgz 11801ms (cache miss)
5228 http fetch GET 200 https://registry.npmjs.org/is-lambda/-/is-lambda-1.0.1.tgz 11801ms (cache miss)
5229 http fetch GET 200 https://registry.npmjs.org/brace-expansion/-/brace-expansion-2.1.0.tgz 11781ms (cache miss)
5230 http fetch GET 200 https://registry.npmjs.org/minipass-fetch/-/minipass-fetch-3.0.5.tgz 11813ms (cache miss)
5231 http fetch GET 200 https://registry.npmjs.org/validate-npm-package-license/-/validate-npm-package-license-3.0.4.tgz 12004ms (cache miss)
5232 http fetch GET 200 https://registry.npmjs.org/acorn-import-attributes/-/acorn-import-attributes-1.9.5.tgz 12142ms (cache miss)
5233 http fetch GET 200 https://registry.npmjs.org/unicode-match-property-value-ecmascript/-/unicode-match-property-value-ecmascript-2.2.1.tgz 12089ms (cache miss)
5234 http fetch GET 200 https://registry.npmjs.org/string-width/-/string-width-4.2.3.tgz 12045ms (cache miss)
5235 http fetch GET 200 https://registry.npmjs.org/balanced-match/-/balanced-match-1.0.2.tgz 12052ms (cache miss)
5236 http fetch GET 200 https://registry.npmjs.org/strip-ansi/-/strip-ansi-6.0.1.tgz 12054ms (cache miss)
5237 http fetch GET 200 https://registry.npmjs.org/@npmcli/agent/-/agent-2.2.2.tgz 12081ms (cache miss)
5238 http fetch GET 200 https://registry.npmjs.org/shebang-command/-/shebang-command-2.0.0.tgz 12229ms (cache miss)
5239 http fetch GET 200 https://registry.npmjs.org/commander/-/commander-2.20.3.tgz 12361ms (cache miss)
5240 http fetch GET 200 https://registry.npmjs.org/package-json-from-dist/-/package-json-from-dist-1.0.1.tgz 12271ms (cache miss)
5241 http fetch GET 200 https://registry.npmjs.org/path-key/-/path-key-3.1.1.tgz 12273ms (cache miss)
5242 http fetch GET 200 https://registry.npmjs.org/wrap-ansi/-/wrap-ansi-7.0.0.tgz 12274ms (cache miss)
5243 http fetch GET 200 https://registry.npmjs.org/foreground-child/-/foreground-child-3.3.1.tgz 12275ms (cache miss)
5244 http fetch GET 200 https://registry.npmjs.org/cross-spawn/-/cross-spawn-7.0.6.tgz 12281ms (cache miss)
5245 http fetch GET 200 https://registry.npmjs.org/send/-/send-0.19.2.tgz 12693ms (cache miss)
5246 http fetch GET 200 https://registry.npmjs.org/@npmcli/redact/-/redact-2.0.1.tgz 12505ms (cache miss)
5247 http fetch GET 200 https://registry.npmjs.org/p-map/-/p-map-4.0.0.tgz 12465ms (cache miss)
5248 http fetch GET 200 https://registry.npmjs.org/minipass-flush/-/minipass-flush-1.0.7.tgz 12463ms (cache miss)
5249 http fetch GET 200 https://registry.npmjs.org/normalize-package-data/-/normalize-package-data-6.0.2.tgz 12465ms (cache miss)
5250 http fetch GET 200 https://registry.npmjs.org/npm-bundled/-/npm-bundled-3.0.1.tgz 12464ms (cache miss)
5251 http fetch GET 200 https://registry.npmjs.org/which/-/which-4.0.0.tgz 12464ms (cache miss)
5252 http fetch GET 200 https://registry.npmjs.org/json-parse-even-better-errors/-/json-parse-even-better-errors-3.0.2.tgz 12465ms (cache miss)
5253 http fetch GET 200 https://registry.npmjs.org/minipass-collect/-/minipass-collect-2.0.1.tgz 12481ms (cache miss)
5254 http fetch GET 200 https://registry.npmjs.org/@npmcli/node-gyp/-/node-gyp-3.0.0.tgz 12486ms (cache miss)
5255 http fetch GET 200 https://registry.npmjs.org/minipass-pipeline/-/minipass-pipeline-1.2.4.tgz 12834ms (cache miss)
5256 http fetch GET 200 https://registry.npmjs.org/@webassemblyjs/wasm-gen/-/wasm-gen-1.14.1.tgz 13001ms (cache miss)
5257 http fetch GET 200 https://registry.npmjs.org/http-cache-semantics/-/http-cache-semantics-4.2.0.tgz 12916ms (cache miss)
5258 http fetch GET 200 https://registry.npmjs.org/promise-retry/-/promise-retry-2.0.1.tgz 12875ms (cache miss)
5259 http fetch GET 200 https://registry.npmjs.org/promise-inflight/-/promise-inflight-1.0.1.tgz 12882ms (cache miss)
5260 http fetch GET 200 https://registry.npmjs.org/npm-packlist/-/npm-packlist-8.0.2.tgz 12878ms (cache miss)
5261 http fetch GET 200 https://registry.npmjs.org/hasown/-/hasown-2.0.3.tgz 12886ms (cache miss)
5262 http fetch GET 200 https://registry.npmjs.org/@webassemblyjs/wasm-edit/-/wasm-edit-1.14.1.tgz 13195ms (cache miss)
5263 http fetch GET 200 https://registry.npmjs.org/@npmcli/git/-/git-5.0.8.tgz 13093ms (cache miss)
5264 http fetch GET 200 https://registry.npmjs.org/ieee754/-/ieee754-1.2.1.tgz 13096ms (cache miss)
5265 http fetch GET 200 https://registry.npmjs.org/fs-minipass/-/fs-minipass-3.0.3.tgz 13137ms (cache miss)
5266 http fetch GET 200 https://registry.npmjs.org/wcwidth/-/wcwidth-1.0.1.tgz 13130ms (cache miss)
5267 http fetch GET 200 https://registry.npmjs.org/unique-filename/-/unique-filename-3.0.0.tgz 13137ms (cache miss)
5268 http fetch GET 200 https://registry.npmjs.org/inherits/-/inherits-2.0.4.tgz 13320ms (cache miss)
5269 http fetch GET 200 https://registry.npmjs.org/dns-packet/-/dns-packet-5.6.1.tgz 13648ms (cache miss)
5270 http fetch GET 200 https://registry.npmjs.org/cssesc/-/cssesc-3.0.0.tgz 13458ms (cache miss)
5271 http fetch GET 200 https://registry.npmjs.org/env-paths/-/env-paths-2.2.1.tgz 13422ms (cache miss)
5272 http fetch GET 200 https://registry.npmjs.org/is-interactive/-/is-interactive-1.0.0.tgz 13367ms (cache miss)
5273 http fetch GET 200 https://registry.npmjs.org/is-unicode-supported/-/is-unicode-supported-0.1.0.tgz 13372ms (cache miss)
5274 http fetch GET 200 https://registry.npmjs.org/run-applescript/-/run-applescript-7.1.0.tgz 13371ms (cache miss)
5275 http fetch GET 200 https://registry.npmjs.org/log-symbols/-/log-symbols-4.1.0.tgz 13375ms (cache miss)
5276 http fetch GET 200 https://registry.npmjs.org/default-browser-id/-/default-browser-id-5.0.1.tgz 13370ms (cache miss)
5277 http fetch GET 200 https://registry.npmjs.org/is-docker/-/is-docker-3.0.0.tgz 13371ms (cache miss)
5278 http fetch GET 200 https://registry.npmjs.org/bundle-name/-/bundle-name-4.1.0.tgz 13371ms (cache miss)
5279 http fetch GET 200 https://registry.npmjs.org/mime-db/-/mime-db-1.52.0.tgz 13723ms (cache miss)
5280 http fetch GET 200 https://registry.npmjs.org/get-east-asian-width/-/get-east-asian-width-1.5.0.tgz 13690ms (cache miss)
5281 http fetch GET 200 https://registry.npmjs.org/cli-spinners/-/cli-spinners-2.9.2.tgz 13562ms (cache miss)
5282 http fetch GET 200 https://registry.npmjs.org/ssri/-/ssri-10.0.6.tgz 13587ms (cache miss)
5283 http fetch GET 200 https://registry.npmjs.org/default-browser/-/default-browser-5.5.0.tgz 13563ms (cache miss)
5284 http fetch GET 200 https://registry.npmjs.org/@npmcli/package-json/-/package-json-5.2.1.tgz 13578ms (cache miss)
5285 http fetch GET 200 https://registry.npmjs.org/is-wsl/-/is-wsl-3.1.1.tgz 13568ms (cache miss)
5286 http fetch GET 200 https://registry.npmjs.org/npm-install-checks/-/npm-install-checks-6.3.0.tgz 13566ms (cache miss)
5287 http fetch GET 200 https://registry.npmjs.org/is-inside-container/-/is-inside-container-1.0.0.tgz 13570ms (cache miss)
5288 http fetch GET 200 https://registry.npmjs.org/@npmcli/run-script/-/run-script-8.1.0.tgz 13584ms (cache miss)
5289 http fetch GET 200 https://registry.npmjs.org/@npmcli/installed-package-contents/-/installed-package-contents-2.1.0.tgz 13574ms (cache miss)
5290 http fetch GET 200 https://registry.npmjs.org/validate-npm-package-name/-/validate-npm-package-name-5.0.1.tgz 13570ms (cache miss)
5291 http fetch GET 200 https://registry.npmjs.org/hosted-git-info/-/hosted-git-info-7.0.2.tgz 13569ms (cache miss)
5292 http fetch GET 200 https://registry.npmjs.org/detect-libc/-/detect-libc-2.1.2.tgz 13576ms (cache miss)
5293 http fetch GET 200 https://registry.npmjs.org/npm-normalize-package-bin/-/npm-normalize-package-bin-3.0.1.tgz 13578ms (cache miss)
5294 http fetch GET 200 https://registry.npmjs.org/fill-range/-/fill-range-7.1.1.tgz 13583ms (cache miss)
5295 http fetch GET 200 https://registry.npmjs.org/es-define-property/-/es-define-property-1.0.1.tgz 14094ms (cache miss)
5296 http fetch GET 200 https://registry.npmjs.org/yargs-parser/-/yargs-parser-21.1.1.tgz 14129ms (cache miss)
5297 http fetch GET 200 https://registry.npmjs.org/get-intrinsic/-/get-intrinsic-1.3.0.tgz 14098ms (cache miss)
5298 http fetch GET 200 https://registry.npmjs.org/restore-cursor/-/restore-cursor-5.1.0.tgz 13827ms (cache miss)
5299 http fetch GET 200 https://registry.npmjs.org/braces/-/braces-3.0.3.tgz 13833ms (cache miss)
5300 http fetch GET 200 https://registry.npmjs.org/to-regex-range/-/to-regex-range-5.0.1.tgz 13836ms (cache miss)
5301 http fetch GET 200 https://registry.npmjs.org/proc-log/-/proc-log-4.2.0.tgz 13839ms (cache miss)
5302 http fetch GET 200 https://registry.npmjs.org/pify/-/pify-4.0.1.tgz 13841ms (cache miss)
5303 http fetch GET 200 https://registry.npmjs.org/cli-cursor/-/cli-cursor-5.0.0.tgz 13842ms (cache miss)
5304 http fetch GET 200 https://registry.npmjs.org/define-lazy-prop/-/define-lazy-prop-3.0.0.tgz 13848ms (cache miss)
5305 http fetch GET 200 https://registry.npmjs.org/msgpackr-extract/-/msgpackr-extract-3.0.3.tgz 14022ms (cache miss)
5306 http fetch GET 200 https://registry.npmjs.org/side-channel/-/side-channel-1.1.0.tgz 14371ms (cache miss)
5307 http fetch GET 200 https://registry.npmjs.org/call-bound/-/call-bound-1.0.4.tgz 14375ms (cache miss)
5308 http fetch GET 200 https://registry.npmjs.org/url-parse/-/url-parse-1.5.10.tgz 14222ms (cache miss)
5309 http fetch GET 200 https://registry.npmjs.org/weak-lru-cache/-/weak-lru-cache-1.2.2.tgz 14136ms (cache miss)
5310 http fetch GET 200 https://registry.npmjs.org/node-gyp-build-optional-packages/-/node-gyp-build-optional-packages-5.2.2.tgz 14135ms (cache miss)
5311 http fetch GET 200 https://registry.npmjs.org/colorette/-/colorette-2.0.20.tgz 14136ms (cache miss)
5312 http fetch GET 200 https://registry.npmjs.org/rfdc/-/rfdc-1.4.1.tgz 14138ms (cache miss)
5313 http fetch GET 200 https://registry.npmjs.org/slice-ansi/-/slice-ansi-5.0.0.tgz 14138ms (cache miss)
5314 http fetch GET 200 https://registry.npmjs.org/string-width/-/string-width-7.2.0.tgz 14139ms (cache miss)
5315 http fetch GET 200 https://registry.npmjs.org/cli-truncate/-/cli-truncate-4.0.0.tgz 14139ms (cache miss)
5316 http fetch GET 200 https://registry.npmjs.org/log-update/-/log-update-6.1.0.tgz 14143ms (cache miss)
5317 http fetch GET 200 https://registry.npmjs.org/errno/-/errno-0.1.8.tgz 14136ms (cache miss)
5318 http fetch GET 200 https://registry.npmjs.org/side-channel-map/-/side-channel-map-1.0.1.tgz 14603ms (cache miss)
5319 http fetch GET 200 https://registry.npmjs.org/@npmcli/promise-spawn/-/promise-spawn-7.0.2.tgz 14369ms (cache miss)
5320 http fetch GET 200 https://registry.npmjs.org/copy-anything/-/copy-anything-2.0.6.tgz 14347ms (cache miss)
5321 http fetch GET 200 https://registry.npmjs.org/make-dir/-/make-dir-2.1.0.tgz 14350ms (cache miss)
5322 http fetch GET 200 https://registry.npmjs.org/is-what/-/is-what-3.14.1.tgz 14352ms (cache miss)
5323 http fetch GET 200 https://registry.npmjs.org/image-size/-/image-size-0.5.5.tgz 14352ms (cache miss)
5324 http fetch GET 200 https://registry.npmjs.org/parse-node-version/-/parse-node-version-1.0.1.tgz 14354ms (cache miss)
5325 http fetch GET 200 https://registry.npmjs.org/mime/-/mime-1.6.0.tgz 14352ms (cache miss)
5326 http fetch GET 200 https://registry.npmjs.org/istanbul-lib-coverage/-/istanbul-lib-coverage-3.2.2.tgz 14350ms (cache miss)
5327 http fetch GET 200 https://registry.npmjs.org/eventemitter3/-/eventemitter3-4.0.7.tgz 14446ms (cache miss)
5328 http fetch GET 200 https://registry.npmjs.org/safer-buffer/-/safer-buffer-2.1.2.tgz 14456ms (cache miss)
5329 http fetch GET 200 https://registry.npmjs.org/gopd/-/gopd-1.2.0.tgz 14823ms (cache miss)
5330 http fetch GET 200 https://registry.npmjs.org/side-channel-weakmap/-/side-channel-weakmap-1.0.2.tgz 14826ms (cache miss)
5331 http fetch GET 200 https://registry.npmjs.org/agent-base/-/agent-base-7.1.4.tgz 14707ms (cache miss)
5332 http fetch GET 200 https://registry.npmjs.org/requires-port/-/requires-port-1.0.0.tgz 14707ms (cache miss)
5333 http fetch GET 200 https://registry.npmjs.org/slash/-/slash-5.1.0.tgz 14705ms (cache miss)
5334 http fetch GET 200 https://registry.npmjs.org/unicorn-magic/-/unicorn-magic-0.3.0.tgz 14704ms (cache miss)
5335 http fetch GET 200 https://registry.npmjs.org/follow-redirects/-/follow-redirects-1.16.0.tgz 14710ms (cache miss)
5336 http fetch GET 200 https://registry.npmjs.org/@istanbuljs/schema/-/schema-0.1.6.tgz 14717ms (cache miss)
5337 http fetch GET 200 https://registry.npmjs.org/is-plain-object/-/is-plain-object-5.0.0.tgz 14717ms (cache miss)
5338 http fetch GET 200 https://registry.npmjs.org/@types/http-proxy/-/http-proxy-1.17.17.tgz 14712ms (cache miss)
5339 http fetch GET 200 https://registry.npmjs.org/is-extglob/-/is-extglob-2.1.1.tgz 14724ms (cache miss)
5340 http fetch GET 200 https://registry.npmjs.org/path-type/-/path-type-6.0.0.tgz 14716ms (cache miss)
5341 http fetch GET 200 https://registry.npmjs.org/is-glob/-/is-glob-4.0.3.tgz 14717ms (cache miss)
5342 http fetch GET 200 https://registry.npmjs.org/base64-js/-/base64-js-1.5.1.tgz 14851ms (cache miss)
5343 http fetch GET 200 https://registry.npmjs.org/sax/-/sax-1.6.0.tgz 14853ms (cache miss)
5344 http fetch GET 200 https://registry.npmjs.org/reusify/-/reusify-1.1.0.tgz 15049ms (cache miss)
5345 http fetch GET 200 https://registry.npmjs.org/pkg-dir/-/pkg-dir-7.0.0.tgz 15050ms (cache miss)
5346 http fetch GET 200 https://registry.npmjs.org/run-parallel/-/run-parallel-1.2.0.tgz 15047ms (cache miss)
5347 http fetch GET 200 https://registry.npmjs.org/@sindresorhus/merge-streams/-/merge-streams-2.3.0.tgz 15055ms (cache miss)
5348 http fetch GET 200 https://registry.npmjs.org/@nodelib/fs.scandir/-/fs.scandir-2.1.5.tgz 15055ms (cache miss)
5349 http fetch GET 200 https://registry.npmjs.org/common-path-prefix/-/common-path-prefix-3.0.0.tgz 15051ms (cache miss)
5350 http fetch GET 200 https://registry.npmjs.org/merge2/-/merge2-1.4.1.tgz 15056ms (cache miss)
5351 http fetch GET 200 https://registry.npmjs.org/fastq/-/fastq-1.20.1.tgz 15057ms (cache miss)
5352 http fetch GET 200 https://registry.npmjs.org/micromatch/-/micromatch-4.0.8.tgz 15061ms (cache miss)
5353 http fetch GET 200 https://registry.npmjs.org/websocket-extensions/-/websocket-extensions-0.1.4.tgz 15457ms (cache miss)
5354 http fetch GET 200 https://registry.npmjs.org/@webassemblyjs/helper-wasm-section/-/helper-wasm-section-1.14.1.tgz 15315ms (cache miss)
5355 http fetch GET 200 https://registry.npmjs.org/es-module-lexer/-/es-module-lexer-1.7.0.tgz 15308ms (cache miss)
5356 http fetch GET 200 https://registry.npmjs.org/tmp/-/tmp-0.0.33.tgz 15269ms (cache miss)
5357 http fetch GET 200 https://registry.npmjs.org/ms/-/ms-2.1.3.tgz 15267ms (cache miss)
5358 http fetch GET 200 https://registry.npmjs.org/nth-check/-/nth-check-2.1.1.tgz 15267ms (cache miss)
5359 http fetch GET 200 https://registry.npmjs.org/@nodelib/fs.stat/-/fs.stat-2.0.5.tgz 15271ms (cache miss)
5360 http fetch GET 200 https://registry.npmjs.org/boolbase/-/boolbase-1.0.0.tgz 15278ms (cache miss)
5361 http fetch GET 200 https://registry.npmjs.org/postcss-modules-scope/-/postcss-modules-scope-3.2.1.tgz 15634ms (cache miss)
5362 http fetch GET 200 https://registry.npmjs.org/postcss-modules-values/-/postcss-modules-values-4.0.0.tgz 15637ms (cache miss)
5363 http fetch GET 200 https://registry.npmjs.org/css-what/-/css-what-6.2.2.tgz 15636ms (cache miss)
5364 http fetch GET 200 https://registry.npmjs.org/side-channel-list/-/side-channel-list-1.0.1.tgz 16024ms (cache miss)
5365 http fetch GET 200 https://registry.npmjs.org/@isaacs/cliui/-/cliui-8.0.2.tgz 15784ms (cache miss)
5366 http fetch GET 200 https://registry.npmjs.org/icss-utils/-/icss-utils-5.1.0.tgz 15685ms (cache miss)
5367 http fetch GET 200 https://registry.npmjs.org/postcss-modules-extract-imports/-/postcss-modules-extract-imports-3.1.0.tgz 15692ms (cache miss)
5368 http fetch GET 200 https://registry.npmjs.org/color-name/-/color-name-1.1.4.tgz 15690ms (cache miss)
5369 http fetch GET 200 https://registry.npmjs.org/ansi-styles/-/ansi-styles-4.3.0.tgz 15693ms (cache miss)
5370 http fetch GET 200 https://registry.npmjs.org/dom-serializer/-/dom-serializer-2.0.0.tgz 15689ms (cache miss)
5371 http fetch GET 200 https://registry.npmjs.org/supports-color/-/supports-color-7.2.0.tgz 15700ms (cache miss)
5372 http fetch GET 200 https://registry.npmjs.org/chalk/-/chalk-4.1.2.tgz 15699ms (cache miss)
5373 http fetch GET 200 https://registry.npmjs.org/normalize-path/-/normalize-path-3.0.0.tgz 15710ms (cache miss)
5374 http fetch GET 200 https://registry.npmjs.org/color-convert/-/color-convert-2.0.1.tgz 15720ms (cache miss)
5375 http fetch GET 200 https://registry.npmjs.org/@webassemblyjs/leb128/-/leb128-1.13.2.tgz 16227ms (cache miss)
5376 http fetch GET 200 https://registry.npmjs.org/postcss-media-query-parser/-/postcss-media-query-parser-0.2.3.tgz 16011ms (cache miss)
5377 http fetch GET 200 https://registry.npmjs.org/lodash.debounce/-/lodash.debounce-4.0.8.tgz 16170ms (cache miss)
5378 http fetch GET 200 https://registry.npmjs.org/serialize-javascript/-/serialize-javascript-6.0.2.tgz 16179ms (cache miss)
5379 http fetch GET 200 https://registry.npmjs.org/glob-parent/-/glob-parent-6.0.2.tgz 16179ms (cache miss)
5380 http fetch GET 200 https://registry.npmjs.org/readdirp/-/readdirp-4.1.2.tgz 16177ms (cache miss)
5381 http fetch GET 200 https://registry.npmjs.org/node-releases/-/node-releases-2.0.38.tgz 16181ms (cache miss)
5382 http fetch GET 200 https://registry.npmjs.org/update-browserslist-db/-/update-browserslist-db-1.2.3.tgz 16182ms (cache miss)
5383 http fetch GET 200 https://registry.npmjs.org/domelementtype/-/domelementtype-2.3.0.tgz 16207ms (cache miss)
5384 http fetch GET 200 https://registry.npmjs.org/buffer/-/buffer-5.7.1.tgz 16318ms (cache miss)
5385 http fetch GET 200 https://registry.npmjs.org/require-from-string/-/require-from-string-2.0.2.tgz 16441ms (cache miss)
5386 http fetch GET 200 https://registry.npmjs.org/json-schema-traverse/-/json-schema-traverse-1.0.0.tgz 16442ms (cache miss)
5387 http fetch GET 200 https://registry.npmjs.org/postcss-value-parser/-/postcss-value-parser-4.2.0.tgz 16445ms (cache miss)
5388 http fetch GET 200 https://registry.npmjs.org/find-cache-dir/-/find-cache-dir-4.0.0.tgz 16450ms (cache miss)
5389 http fetch GET 200 https://registry.npmjs.org/postcss-modules-local-by-default/-/postcss-modules-local-by-default-4.2.0.tgz 16484ms (cache miss)
5390 http fetch GET 200 https://registry.npmjs.org/wrap-ansi/-/wrap-ansi-6.2.0.tgz 16483ms (cache miss)
5391 http fetch GET 200 https://registry.npmjs.org/@jridgewell/resolve-uri/-/resolve-uri-3.1.2.tgz 16500ms (cache miss)
5392 http fetch GET 200 https://registry.npmjs.org/signal-exit/-/signal-exit-4.1.0.tgz 16492ms (cache miss)
5393 http fetch GET 200 https://registry.npmjs.org/external-editor/-/external-editor-3.1.0.tgz 16500ms (cache miss)
5394 http fetch GET 200 https://registry.npmjs.org/mute-stream/-/mute-stream-1.0.0.tgz 16482ms (cache miss)
5395 http fetch GET 200 https://registry.npmjs.org/strip-ansi/-/strip-ansi-6.0.1.tgz 16483ms (cache miss)
5396 http fetch GET 200 https://registry.npmjs.org/cli-width/-/cli-width-4.1.0.tgz 16480ms (cache miss)
5397 http fetch GET 200 https://registry.npmjs.org/@inquirer/search/-/search-1.1.0.tgz 16503ms (cache miss)
5398 http fetch GET 200 https://registry.npmjs.org/@inquirer/select/-/select-2.5.0.tgz 16508ms (cache miss)
5399 http fetch GET 200 https://registry.npmjs.org/@babel/helper-globals/-/helper-globals-7.28.0.tgz 16485ms (cache miss)
5400 http fetch GET 200 https://registry.npmjs.org/fast-deep-equal/-/fast-deep-equal-3.1.3.tgz 16483ms (cache miss)
5401 http fetch GET 200 https://registry.npmjs.org/yoctocolors-cjs/-/yoctocolors-cjs-2.1.3.tgz 16485ms (cache miss)
5402 http fetch GET 200 https://registry.npmjs.org/regenerator-runtime/-/regenerator-runtime-0.14.1.tgz 16490ms (cache miss)
5403 http fetch GET 200 https://registry.npmjs.org/@inquirer/type/-/type-1.5.5.tgz 16493ms (cache miss)
5404 http fetch GET 200 https://registry.npmjs.org/@inquirer/password/-/password-2.2.0.tgz 16518ms (cache miss)
5405 http fetch GET 200 https://registry.npmjs.org/@inquirer/rawlist/-/rawlist-2.3.0.tgz 16520ms (cache miss)
5406 http fetch GET 200 https://registry.npmjs.org/@babel/helper-replace-supers/-/helper-replace-supers-7.28.6.tgz 16766ms (cache miss)
5407 http fetch GET 200 https://registry.npmjs.org/@inquirer/input/-/input-2.3.0.tgz 16797ms (cache miss)
5408 http fetch GET 200 https://registry.npmjs.org/@babel/helper-optimise-call-expression/-/helper-optimise-call-expression-7.27.1.tgz 16774ms (cache miss)
5409 http fetch GET 200 https://registry.npmjs.org/@inquirer/editor/-/editor-2.2.0.tgz 16805ms (cache miss)
5410 http fetch GET 200 https://registry.npmjs.org/argparse/-/argparse-2.0.1.tgz 17057ms (cache miss)
5411 http fetch GET 200 https://registry.npmjs.org/@inquirer/figures/-/figures-1.0.15.tgz 16844ms (cache miss)
5412 http fetch GET 200 https://registry.npmjs.org/esutils/-/esutils-2.0.3.tgz 16846ms (cache miss)
5413 http fetch GET 200 https://registry.npmjs.org/@babel/plugin-transform-unicode-sets-regex/-/plugin-transform-unicode-sets-regex-7.28.6.tgz 16847ms (cache miss)
5414 http fetch GET 200 https://registry.npmjs.org/@types/wrap-ansi/-/wrap-ansi-3.0.0.tgz 16867ms (cache miss)
5415 http fetch GET 200 https://registry.npmjs.org/@babel/preset-modules/-/preset-modules-0.1.6-no-external-plugins.tgz 16854ms (cache miss)
5416 http fetch GET 200 https://registry.npmjs.org/ansi-escapes/-/ansi-escapes-4.3.2.tgz 16866ms (cache miss)
5417 http fetch GET 200 https://registry.npmjs.org/@babel/helper-skip-transparent-expression-wrappers/-/helper-skip-transparent-expression-wrappers-7.27.1.tgz 16873ms (cache miss)
5418 http fetch GET 200 https://registry.npmjs.org/@babel/plugin-transform-unicode-property-regex/-/plugin-transform-unicode-property-regex-7.28.6.tgz 16877ms (cache miss)
5419 http fetch GET 200 https://registry.npmjs.org/tree-dump/-/tree-dump-1.1.0.tgz 17410ms (cache miss)
5420 http fetch GET 200 https://registry.npmjs.org/escalade/-/escalade-3.2.0.tgz 17378ms (cache miss)
5421 http fetch GET 200 https://registry.npmjs.org/parse5-sax-parser/-/parse5-sax-parser-7.0.0.tgz 17317ms (cache miss)
5422 http fetch GET 200 https://registry.npmjs.org/nopt/-/nopt-7.2.1.tgz 17302ms (cache miss)
5423 http fetch GET 200 https://registry.npmjs.org/socks-proxy-agent/-/socks-proxy-agent-8.0.5.tgz 17311ms (cache miss)
5424 http fetch GET 200 https://registry.npmjs.org/minipass-sized/-/minipass-sized-1.0.3.tgz 17319ms (cache miss)
5425 http fetch GET 200 https://registry.npmjs.org/supports-preserve-symlinks-flag/-/supports-preserve-symlinks-flag-1.0.0.tgz 17367ms (cache miss)
5426 http fetch GET 200 https://registry.npmjs.org/@babel/plugin-transform-unicode-escapes/-/plugin-transform-unicode-escapes-7.27.1.tgz 17131ms (cache miss)
5427 http fetch GET 200 https://registry.npmjs.org/@babel/plugin-transform-unicode-regex/-/plugin-transform-unicode-regex-7.27.1.tgz 17130ms (cache miss)
5428 http fetch GET 200 https://registry.npmjs.org/@babel/plugin-transform-shorthand-properties/-/plugin-transform-shorthand-properties-7.27.1.tgz 17131ms (cache miss)
5429 http fetch GET 200 https://registry.npmjs.org/@babel/plugin-transform-template-literals/-/plugin-transform-template-literals-7.27.1.tgz 17134ms (cache miss)
5430 http fetch GET 200 https://registry.npmjs.org/@babel/plugin-transform-sticky-regex/-/plugin-transform-sticky-regex-7.27.1.tgz 17144ms (cache miss)
5431 http fetch GET 200 https://registry.npmjs.org/@types/mute-stream/-/mute-stream-0.0.4.tgz 17169ms (cache miss)
5432 http fetch GET 200 https://registry.npmjs.org/@babel/plugin-transform-spread/-/plugin-transform-spread-7.28.6.tgz 17157ms (cache miss)
5433 http fetch GET 200 https://registry.npmjs.org/get-proto/-/get-proto-1.0.1.tgz 17764ms (cache miss)
5434 http fetch GET 200 https://registry.npmjs.org/@babel/plugin-transform-typeof-symbol/-/plugin-transform-typeof-symbol-7.27.1.tgz 17332ms (cache miss)
5435 http fetch GET 200 https://registry.npmjs.org/@babel/plugin-transform-private-property-in-object/-/plugin-transform-private-property-in-object-7.28.6.tgz 17334ms (cache miss)
5436 http fetch GET 200 https://registry.npmjs.org/@babel/plugin-transform-reserved-words/-/plugin-transform-reserved-words-7.27.1.tgz 17329ms (cache miss)
5437 http fetch GET 200 https://registry.npmjs.org/@babel/plugin-transform-property-literals/-/plugin-transform-property-literals-7.27.1.tgz 17333ms (cache miss)
5438 http fetch GET 200 https://registry.npmjs.org/@inquirer/expand/-/expand-2.3.0.tgz 17377ms (cache miss)
5439 http fetch GET 200 https://registry.npmjs.org/@inquirer/checkbox/-/checkbox-2.5.0.tgz 17376ms (cache miss)
5440 http fetch GET 200 https://registry.npmjs.org/@babel/plugin-transform-optional-chaining/-/plugin-transform-optional-chaining-7.28.6.tgz 17334ms (cache miss)
5441 http fetch GET 200 https://registry.npmjs.org/@babel/plugin-transform-regexp-modifiers/-/plugin-transform-regexp-modifiers-7.28.6.tgz 17337ms (cache miss)
5442 http fetch GET 200 https://registry.npmjs.org/@babel/plugin-transform-private-methods/-/plugin-transform-private-methods-7.28.6.tgz 17336ms (cache miss)
5443 http fetch GET 200 https://registry.npmjs.org/@babel/plugin-transform-object-super/-/plugin-transform-object-super-7.27.1.tgz 17333ms (cache miss)
5444 http fetch GET 200 https://registry.npmjs.org/@babel/plugin-transform-optional-catch-binding/-/plugin-transform-optional-catch-binding-7.28.6.tgz 17336ms (cache miss)
5445 http fetch GET 200 https://registry.npmjs.org/graceful-fs/-/graceful-fs-4.2.11.tgz 18186ms (cache miss)
5446 http fetch GET 200 https://registry.npmjs.org/@webassemblyjs/wasm-parser/-/wasm-parser-1.14.1.tgz 18424ms (cache miss)
5447 http fetch GET 200 https://registry.npmjs.org/@babel/plugin-transform-modules-umd/-/plugin-transform-modules-umd-7.27.1.tgz 18167ms (cache miss)
5448 http fetch GET 200 https://registry.npmjs.org/@babel/plugin-transform-numeric-separator/-/plugin-transform-numeric-separator-7.28.6.tgz 18167ms (cache miss)
5449 http fetch GET 200 https://registry.npmjs.org/@babel/plugin-transform-modules-commonjs/-/plugin-transform-modules-commonjs-7.28.6.tgz 18167ms (cache miss)
5450 http fetch GET 200 https://registry.npmjs.org/@babel/plugin-transform-nullish-coalescing-operator/-/plugin-transform-nullish-coalescing-operator-7.28.6.tgz 18172ms (cache miss)
5451 http fetch GET 200 https://registry.npmjs.org/@babel/plugin-transform-named-capturing-groups-regex/-/plugin-transform-named-capturing-groups-regex-7.29.0.tgz 18174ms (cache miss)
5452 http fetch GET 200 https://registry.npmjs.org/@babel/plugin-transform-modules-systemjs/-/plugin-transform-modules-systemjs-7.29.0.tgz 18176ms (cache miss)
5453 http fetch GET 200 https://registry.npmjs.org/@babel/plugin-transform-logical-assignment-operators/-/plugin-transform-logical-assignment-operators-7.28.6.tgz 18395ms (cache miss)
5454 http fetch GET 200 https://registry.npmjs.org/@babel/plugin-transform-export-namespace-from/-/plugin-transform-export-namespace-from-7.27.1.tgz 18417ms (cache miss)
5455 http fetch GET 200 https://registry.npmjs.org/@babel/plugin-transform-member-expression-literals/-/plugin-transform-member-expression-literals-7.27.1.tgz 18423ms (cache miss)
5456 http fetch GET 200 https://registry.npmjs.org/@babel/plugin-transform-json-strings/-/plugin-transform-json-strings-7.28.6.tgz 18421ms (cache miss)
5457 http fetch GET 200 https://registry.npmjs.org/@babel/plugin-transform-dynamic-import/-/plugin-transform-dynamic-import-7.27.1.tgz 18421ms (cache miss)
5458 http fetch GET 200 https://registry.npmjs.org/@babel/plugin-transform-exponentiation-operator/-/plugin-transform-exponentiation-operator-7.28.6.tgz 18421ms (cache miss)
5459 http fetch GET 200 https://registry.npmjs.org/@babel/plugin-transform-modules-amd/-/plugin-transform-modules-amd-7.27.1.tgz 18425ms (cache miss)
5460 http fetch GET 200 https://registry.npmjs.org/@babel/plugin-transform-for-of/-/plugin-transform-for-of-7.27.1.tgz 18427ms (cache miss)
5461 http fetch GET 200 https://registry.npmjs.org/@babel/plugin-transform-duplicate-named-capturing-groups-regex/-/plugin-transform-duplicate-named-capturing-groups-regex-7.29.0.tgz 18425ms (cache miss)
5462 http fetch GET 200 https://registry.npmjs.org/@babel/plugin-transform-function-name/-/plugin-transform-function-name-7.27.1.tgz 18424ms (cache miss)
5463 http fetch GET 200 https://registry.npmjs.org/@babel/plugin-transform-duplicate-keys/-/plugin-transform-duplicate-keys-7.27.1.tgz 18624ms (cache miss)
5464 http fetch GET 200 https://registry.npmjs.org/ignore/-/ignore-7.0.5.tgz 18751ms (cache miss)
5465 http fetch GET 200 https://registry.npmjs.org/@xtuc/long/-/long-4.2.2.tgz 19003ms (cache miss)
5466 http fetch GET 200 https://registry.npmjs.org/mkdirp/-/mkdirp-1.0.4.tgz 18970ms (cache miss)
5467 http fetch GET 200 https://registry.npmjs.org/@babel/helper-string-parser/-/helper-string-parser-7.27.1.tgz 18733ms (cache miss)
5468 http fetch GET 200 https://registry.npmjs.org/@babel/plugin-transform-computed-properties/-/plugin-transform-computed-properties-7.28.6.tgz 18701ms (cache miss)
5469 http fetch GET 200 https://registry.npmjs.org/yallist/-/yallist-3.1.1.tgz 18703ms (cache miss)
5470 http fetch GET 200 https://registry.npmjs.org/@babel/plugin-transform-class-properties/-/plugin-transform-class-properties-7.28.6.tgz 18703ms (cache miss)
5471 http fetch GET 200 https://registry.npmjs.org/@babel/plugin-transform-block-scoped-functions/-/plugin-transform-block-scoped-functions-7.27.1.tgz 18708ms (cache miss)
5472 http fetch GET 200 https://registry.npmjs.org/@babel/plugin-transform-literals/-/plugin-transform-literals-7.27.1.tgz 18716ms (cache miss)
5473 http fetch GET 200 https://registry.npmjs.org/@babel/plugin-transform-class-static-block/-/plugin-transform-class-static-block-7.28.6.tgz 18713ms (cache miss)
5474 http fetch GET 200 https://registry.npmjs.org/@babel/plugin-transform-arrow-functions/-/plugin-transform-arrow-functions-7.27.1.tgz 18713ms (cache miss)
5475 http fetch GET 200 https://registry.npmjs.org/sigstore/-/sigstore-2.3.1.tgz 19108ms (cache miss)
5476 http fetch GET 200 https://registry.npmjs.org/normalize-range/-/normalize-range-0.1.2.tgz 18972ms (cache miss)
5477 http fetch GET 200 https://registry.npmjs.org/@babel/plugin-syntax-import-assertions/-/plugin-syntax-import-assertions-7.28.6.tgz 19026ms (cache miss)
5478 http fetch GET 200 https://registry.npmjs.org/@babel/plugin-bugfix-firefox-class-in-computed-class-key/-/plugin-bugfix-firefox-class-in-computed-class-key-7.28.5.tgz 19020ms (cache miss)
5479 http fetch GET 200 https://registry.npmjs.org/@babel/plugin-bugfix-safari-class-field-initializer-scope/-/plugin-bugfix-safari-class-field-initializer-scope-7.27.1.tgz 19020ms (cache miss)
5480 http fetch GET 200 https://registry.npmjs.org/@babel/plugin-bugfix-v8-spread-parameters-in-optional-chaining/-/plugin-bugfix-v8-spread-parameters-in-optional-chaining-7.27.1.tgz 19026ms (cache miss)
5481 http fetch GET 200 https://registry.npmjs.org/babel-plugin-polyfill-regenerator/-/babel-plugin-polyfill-regenerator-0.6.8.tgz 19031ms (cache miss)
5482 http fetch GET 200 https://registry.npmjs.org/@babel/plugin-bugfix-safari-id-destructuring-collision-in-function-expression/-/plugin-bugfix-safari-id-destructuring-collision-in-function-expression-7.27.1.tgz 19048ms (cache miss)
5483 http fetch GET 200 https://registry.npmjs.org/@babel/helper-member-expression-to-functions/-/helper-member-expression-to-functions-7.28.5.tgz 19134ms (cache miss)
5484 http fetch GET 200 https://registry.npmjs.org/eslint-scope/-/eslint-scope-5.1.1.tgz 19459ms (cache miss)
5485 http fetch GET 200 https://registry.npmjs.org/prr/-/prr-1.0.1.tgz 19286ms (cache miss)
5486 http fetch GET 200 https://registry.npmjs.org/lru-cache/-/lru-cache-5.1.1.tgz 19179ms (cache miss)
5487 http fetch GET 200 https://registry.npmjs.org/@babel/helper-wrap-function/-/helper-wrap-function-7.28.6.tgz 19181ms (cache miss)
5488 http fetch GET 200 https://registry.npmjs.org/@babel/helper-validator-option/-/helper-validator-option-7.27.1.tgz 19178ms (cache miss)
5489 http fetch GET 200 https://registry.npmjs.org/@babel/plugin-bugfix-v8-static-class-fields-redefine-readonly/-/plugin-bugfix-v8-static-class-fields-redefine-readonly-7.28.6.tgz 19194ms (cache miss)
5490 http fetch GET 200 https://registry.npmjs.org/picocolors/-/picocolors-1.1.1.tgz 19178ms (cache miss)
5491 http fetch GET 200 https://registry.npmjs.org/@babel/plugin-syntax-unicode-sets-regex/-/plugin-syntax-unicode-sets-regex-7.18.6.tgz 19186ms (cache miss)
5492 http fetch GET 200 https://registry.npmjs.org/@babel/helper-remap-async-to-generator/-/helper-remap-async-to-generator-7.27.1.tgz 19183ms (cache miss)
5493 http fetch GET 200 https://registry.npmjs.org/@babel/helper-module-imports/-/helper-module-imports-7.28.6.tgz 19181ms (cache miss)
5494 http fetch GET 200 https://registry.npmjs.org/jsesc/-/jsesc-3.1.0.tgz 19184ms (cache miss)
5495 http fetch GET 200 https://registry.npmjs.org/@babel/helper-validator-identifier/-/helper-validator-identifier-7.28.5.tgz 19187ms (cache miss)
5496 http fetch GET 200 https://registry.npmjs.org/@babel/compat-data/-/compat-data-7.29.0.tgz 19189ms (cache miss)
5497 http fetch GET 200 https://registry.npmjs.org/es-object-atoms/-/es-object-atoms-1.1.1.tgz 19762ms (cache miss)
5498 http fetch GET 200 https://registry.npmjs.org/@jridgewell/source-map/-/source-map-0.3.11.tgz 19623ms (cache miss)
5499 http fetch GET 200 https://registry.npmjs.org/npm-registry-fetch/-/npm-registry-fetch-17.1.0.tgz 19507ms (cache miss)
5500 http fetch GET 200 https://registry.npmjs.org/@babel/plugin-transform-new-target/-/plugin-transform-new-target-7.27.1.tgz 19362ms (cache miss)
5501 http fetch GET 200 https://registry.npmjs.org/gensync/-/gensync-1.0.0-beta.2.tgz 19365ms (cache miss)
5502 http fetch GET 200 https://registry.npmjs.org/js-tokens/-/js-tokens-4.0.0.tgz 19368ms (cache miss)
5503 http fetch GET 200 https://registry.npmjs.org/body-parser/-/body-parser-1.20.4.tgz 20025ms (cache miss)
5504 http fetch GET 200 https://registry.npmjs.org/convert-source-map/-/convert-source-map-1.9.0.tgz 19635ms (cache miss)
5505 http fetch GET 200 https://registry.npmjs.org/npm-package-arg/-/npm-package-arg-11.0.3.tgz 19641ms (cache miss)
5506 http fetch GET 200 https://registry.npmjs.org/ini/-/ini-4.1.3.tgz 19648ms (cache miss)
5507 http fetch GET 200 https://registry.npmjs.org/npm-pick-manifest/-/npm-pick-manifest-9.1.0.tgz 19649ms (cache miss)
5508 http fetch GET 200 https://registry.npmjs.org/symbol-observable/-/symbol-observable-4.0.0.tgz 19899ms (cache miss)
5509 http fetch GET 200 https://registry.npmjs.org/faye-websocket/-/faye-websocket-0.11.4.tgz 20422ms (cache miss)
5510 http fetch GET 200 https://registry.npmjs.org/terser-webpack-plugin/-/terser-webpack-plugin-5.4.0.tgz 20492ms (cache miss)
5511 http fetch GET 200 https://registry.npmjs.org/function-bind/-/function-bind-1.1.2.tgz 20471ms (cache miss)
5512 http fetch GET 200 https://registry.npmjs.org/regjsparser/-/regjsparser-0.13.1.tgz 20254ms (cache miss)
5513 http fetch GET 200 https://registry.npmjs.org/@babel/plugin-proposal-private-property-in-object/-/plugin-proposal-private-property-in-object-7.21.0-placeholder-for-preset-env.2.tgz 20237ms (cache miss)
5514 http fetch GET 200 https://registry.npmjs.org/@inquirer/confirm/-/confirm-3.1.22.tgz 20255ms (cache miss)
5515 http fetch GET 200 https://registry.npmjs.org/@listr2/prompt-adapter-inquirer/-/prompt-adapter-inquirer-2.0.15.tgz 20267ms (cache miss)
5516 http fetch GET 200 https://registry.npmjs.org/globby/-/globby-14.1.0.tgz 20414ms (cache miss)
5517 http fetch GET 200 https://registry.npmjs.org/@babel/helper-plugin-utils/-/helper-plugin-utils-7.28.6.tgz 20481ms (cache miss)
5518 http fetch GET 200 https://registry.npmjs.org/tree-kill/-/tree-kill-1.2.2.tgz 20447ms (cache miss)
5519 http fetch GET 200 https://registry.npmjs.org/@inquirer/prompts/-/prompts-5.3.8.tgz 20487ms (cache miss)
5520 http fetch GET 200 https://registry.npmjs.org/@babel/plugin-transform-object-rest-spread/-/plugin-transform-object-rest-spread-7.28.6.tgz 21017ms (cache miss)
5521 http fetch GET 200 https://registry.npmjs.org/source-map-loader/-/source-map-loader-5.0.0.tgz 20966ms (cache miss)
5522 http fetch GET 200 https://registry.npmjs.org/open/-/open-10.1.0.tgz 20968ms (cache miss)
5523 http fetch GET 200 https://registry.npmjs.org/postcss-loader/-/postcss-loader-8.1.1.tgz 20975ms (cache miss)
5524 http fetch GET 200 https://registry.npmjs.org/parse5-html-rewriting-stream/-/parse5-html-rewriting-stream-7.0.0.tgz 20973ms (cache miss)
5525 http fetch GET 200 https://registry.npmjs.org/ora/-/ora-5.4.1.tgz 20980ms (cache miss)
5526 http fetch GET 200 https://registry.npmjs.org/has-symbols/-/has-symbols-1.1.0.tgz 21866ms (cache miss)
5527 http fetch GET 200 https://registry.npmjs.org/@babel/plugin-transform-destructuring/-/plugin-transform-destructuring-7.28.5.tgz 21467ms (cache miss)
5528 http fetch GET 200 https://registry.npmjs.org/loader-utils/-/loader-utils-3.3.1.tgz 21403ms (cache miss)
5529 http fetch GET 200 https://registry.npmjs.org/karma-source-map-support/-/karma-source-map-support-1.4.0.tgz 21402ms (cache miss)
5530 http fetch GET 200 https://registry.npmjs.org/https-proxy-agent/-/https-proxy-agent-7.0.5.tgz 21413ms (cache miss)
5531 http fetch GET 200 https://registry.npmjs.org/bl/-/bl-4.1.0.tgz 22075ms (cache miss)
5532 http fetch GET 200 https://registry.npmjs.org/@babel/code-frame/-/code-frame-7.29.0.tgz 21878ms (cache miss)
5533 http fetch GET 200 https://registry.npmjs.org/@msgpackr-extract/msgpackr-extract-win32-x64/-/msgpackr-extract-win32-x64-3.0.3.tgz 22410ms (cache miss)
5534 http fetch GET 200 https://registry.npmjs.org/@babel/plugin-transform-async-generator-functions/-/plugin-transform-async-generator-functions-7.26.8.tgz 22199ms (cache miss)
5535 http fetch GET 200 https://registry.npmjs.org/@babel/plugin-transform-async-to-generator/-/plugin-transform-async-to-generator-7.25.9.tgz 22210ms (cache miss)
5536 http fetch GET 200 https://registry.npmjs.org/@ampproject/remapping/-/remapping-2.3.0.tgz 22433ms (cache miss)
5537 http fetch GET 200 https://registry.npmjs.org/@types/sockjs-client/-/sockjs-client-1.5.4.tgz 22433ms (cache miss)
5538 http fetch GET 200 https://registry.npmjs.org/@babel/plugin-transform-dotall-regex/-/plugin-transform-dotall-regex-7.28.6.tgz 22436ms (cache miss)
5539 http fetch GET 200 https://registry.npmjs.org/shell-quote/-/shell-quote-1.8.3.tgz 23068ms (cache miss)
5540 http fetch GET 200 https://registry.npmjs.org/spdy/-/spdy-4.0.2.tgz 23011ms (cache miss)
5541 http fetch GET 200 https://registry.npmjs.org/@sigstore/tuf/-/tuf-2.3.4.tgz 23171ms (cache miss)
5542 http fetch GET 200 https://registry.npmjs.org/@angular-devkit/build-webpack/-/build-webpack-0.1802.21.tgz 22766ms (cache miss)
5543 http fetch GET 200 https://registry.npmjs.org/@babel/helper-split-export-declaration/-/helper-split-export-declaration-7.24.7.tgz 22835ms (cache miss)
5544 http fetch GET 200 https://registry.npmjs.org/@babel/helper-annotate-as-pure/-/helper-annotate-as-pure-7.25.9.tgz 22833ms (cache miss)
5545 http fetch GET 200 https://registry.npmjs.org/fraction.js/-/fraction.js-4.3.7.tgz 23039ms (cache miss)
5546 http fetch GET 200 https://registry.npmjs.org/emoji-regex/-/emoji-regex-8.0.0.tgz 23007ms (cache miss)
5547 http fetch GET 200 https://registry.npmjs.org/string-width/-/string-width-4.2.3.tgz 22986ms (cache miss)
5548 http fetch GET 200 https://registry.npmjs.org/wrap-ansi/-/wrap-ansi-7.0.0.tgz 22992ms (cache miss)
5549 http fetch GET 200 https://registry.npmjs.org/string_decoder/-/string_decoder-1.1.1.tgz 23013ms (cache miss)
5550 http fetch GET 200 https://registry.npmjs.org/is-plain-object/-/is-plain-object-2.0.4.tgz 23247ms (cache miss)
5551 http fetch GET 200 https://registry.npmjs.org/is-fullwidth-code-point/-/is-fullwidth-code-point-3.0.0.tgz 23253ms (cache miss)
5552 http fetch GET 200 https://registry.npmjs.org/ms/-/ms-2.0.0.tgz 23533ms (cache miss)
5553 http fetch GET 200 https://registry.npmjs.org/smart-buffer/-/smart-buffer-4.2.0.tgz 24303ms (cache miss)
5554 http fetch GET 200 https://registry.npmjs.org/@babel/helper-create-regexp-features-plugin/-/helper-create-regexp-features-plugin-7.28.5.tgz 24066ms (cache miss)
5555 http fetch GET 200 https://registry.npmjs.org/make-fetch-happen/-/make-fetch-happen-13.0.1.tgz 24573ms (cache miss)
5556 http fetch GET 200 https://registry.npmjs.org/debug/-/debug-4.4.3.tgz 24342ms (cache miss)
5557 http fetch GET 200 https://registry.npmjs.org/negotiator/-/negotiator-0.6.3.tgz 24529ms (cache miss)
5558 http fetch GET 200 https://registry.npmjs.org/ms/-/ms-2.0.0.tgz 24718ms (cache miss)
5559 http fetch GET 200 https://registry.npmjs.org/ms/-/ms-2.0.0.tgz 24714ms (cache miss)
5560 http fetch GET 200 https://registry.npmjs.org/ms/-/ms-2.0.0.tgz 24729ms (cache miss)
5561 http fetch GET 200 https://registry.npmjs.org/ms/-/ms-2.0.0.tgz 24716ms (cache miss)
5562 http fetch GET 200 https://registry.npmjs.org/ms/-/ms-2.0.0.tgz 24733ms (cache miss)
5563 http fetch GET 200 https://registry.npmjs.org/@yarnpkg/lockfile/-/lockfile-1.1.0.tgz 24890ms (cache miss)
5564 http fetch GET 200 https://registry.npmjs.org/statuses/-/statuses-1.5.0.tgz 24843ms (cache miss)
5565 http fetch GET 200 https://registry.npmjs.org/call-bind-apply-helpers/-/call-bind-apply-helpers-1.0.2.tgz 25834ms (cache miss)
5566 http fetch GET 200 https://registry.npmjs.org/chardet/-/chardet-0.7.0.tgz 25493ms (cache miss)
5567 http fetch GET 200 https://registry.npmjs.org/@types/send/-/send-0.17.6.tgz 25195ms (cache miss)
5568 http fetch GET 200 https://registry.npmjs.org/retry/-/retry-0.13.1.tgz 25199ms (cache miss)
5569 http fetch GET 200 https://registry.npmjs.org/http-errors/-/http-errors-1.8.1.tgz 25202ms (cache miss)
5570 http fetch GET 200 https://registry.npmjs.org/safe-buffer/-/safe-buffer-5.1.2.tgz 25450ms (cache miss)
5571 http fetch GET 200 https://registry.npmjs.org/ansi-colors/-/ansi-colors-4.1.3.tgz 25568ms (cache miss)
5572 http fetch GET 200 https://registry.npmjs.org/baseline-browser-mapping/-/baseline-browser-mapping-2.10.21.tgz 25837ms (cache miss)
5573 http fetch GET 200 https://registry.npmjs.org/eventsource/-/eventsource-2.0.2.tgz 26238ms (cache miss)
5574 http fetch GET 200 https://registry.npmjs.org/less-loader/-/less-loader-12.2.0.tgz 25883ms (cache miss)
5575 http fetch GET 200 https://registry.npmjs.org/@jsonjoy.com/json-pointer/-/json-pointer-17.67.0.tgz 25791ms (cache miss)
5576 http fetch GET 200 https://registry.npmjs.org/supports-color/-/supports-color-8.1.1.tgz 25876ms (cache miss)
5577 http fetch GET 200 https://registry.npmjs.org/@jsonjoy.com/codegen/-/codegen-17.67.0.tgz 25880ms (cache miss)
5578 http fetch GET 200 https://registry.npmjs.org/json-parse-even-better-errors/-/json-parse-even-better-errors-2.3.1.tgz 25884ms (cache miss)
5579 http fetch GET 200 https://registry.npmjs.org/@sigstore/bundle/-/bundle-2.3.2.tgz 26524ms (cache miss)
5580 http fetch GET 200 https://registry.npmjs.org/sass-loader/-/sass-loader-16.0.0.tgz 26231ms (cache miss)
5581 http fetch GET 200 https://registry.npmjs.org/@babel/plugin-syntax-import-attributes/-/plugin-syntax-import-attributes-7.24.7.tgz 26288ms (cache miss)
5582 http fetch GET 200 https://registry.npmjs.org/yallist/-/yallist-4.0.0.tgz 26191ms (cache miss)
5583 http fetch GET 200 https://registry.npmjs.org/@babel/plugin-transform-classes/-/plugin-transform-classes-7.28.6.tgz 26472ms (cache miss)
5584 http fetch GET 200 https://registry.npmjs.org/string-width/-/string-width-4.2.3.tgz 26345ms (cache miss)
5585 http fetch GET 200 https://registry.npmjs.org/is-fullwidth-code-point/-/is-fullwidth-code-point-3.0.0.tgz 26347ms (cache miss)
5586 http fetch GET 200 https://registry.npmjs.org/is-fullwidth-code-point/-/is-fullwidth-code-point-3.0.0.tgz 26358ms (cache miss)
5587 http fetch GET 200 https://registry.npmjs.org/ansi-styles/-/ansi-styles-6.2.3.tgz 26363ms (cache miss)
5588 http fetch GET 200 https://registry.npmjs.org/@inquirer/number/-/number-1.1.0.tgz 26718ms (cache miss)
5589 http fetch GET 200 https://registry.npmjs.org/source-map-support/-/source-map-support-0.5.21.tgz 26609ms (cache miss)
5590 http fetch GET 200 https://registry.npmjs.org/express/-/express-4.22.1.tgz 27115ms (cache miss)
5591 http fetch GET 200 https://registry.npmjs.org/emoji-regex/-/emoji-regex-8.0.0.tgz 26509ms (cache miss)
5592 http fetch GET 200 https://registry.npmjs.org/emoji-regex/-/emoji-regex-8.0.0.tgz 26489ms (cache miss)
5593 http fetch GET 200 https://registry.npmjs.org/strip-ansi/-/strip-ansi-7.2.0.tgz 26519ms (cache miss)
5594 http fetch GET 200 https://registry.npmjs.org/wrap-ansi/-/wrap-ansi-8.1.0.tgz 26525ms (cache miss)
5595 http fetch GET 200 https://registry.npmjs.org/ansi-regex/-/ansi-regex-6.2.2.tgz 26527ms (cache miss)
5596 http fetch GET 200 https://registry.npmjs.org/string-width/-/string-width-5.1.2.tgz 26527ms (cache miss)
5597 http fetch GET 200 https://registry.npmjs.org/isexe/-/isexe-2.0.0.tgz 26536ms (cache miss)
5598 http fetch GET 200 https://registry.npmjs.org/@npmcli/fs/-/fs-3.1.1.tgz 27022ms (cache miss)
5599 http fetch GET 200 https://registry.npmjs.org/es-errors/-/es-errors-1.3.0.tgz 27343ms (cache miss)
5600 http fetch GET 200 https://registry.npmjs.org/regexpu-core/-/regexpu-core-6.4.0.tgz 26924ms (cache miss)
5601 http fetch GET 200 https://registry.npmjs.org/estraverse/-/estraverse-5.3.0.tgz 26756ms (cache miss)
5602 http fetch GET 200 https://registry.npmjs.org/fs-minipass/-/fs-minipass-2.1.0.tgz 26751ms (cache miss)
5603 http fetch GET 200 https://registry.npmjs.org/is-fullwidth-code-point/-/is-fullwidth-code-point-5.1.0.tgz 26775ms (cache miss)
5604 http fetch GET 200 https://registry.npmjs.org/jsonparse/-/jsonparse-1.3.1.tgz 27366ms (cache miss)
5605 http fetch GET 200 https://registry.npmjs.org/babel-plugin-polyfill-corejs2/-/babel-plugin-polyfill-corejs2-0.4.17.tgz 27139ms (cache miss)
5606 http fetch GET 200 https://registry.npmjs.org/yallist/-/yallist-4.0.0.tgz 27071ms (cache miss)
5607 http fetch GET 200 https://registry.npmjs.org/yallist/-/yallist-4.0.0.tgz 27070ms (cache miss)
5608 http fetch GET 200 https://registry.npmjs.org/yallist/-/yallist-4.0.0.tgz 27072ms (cache miss)
5609 http fetch GET 200 https://registry.npmjs.org/is-fullwidth-code-point/-/is-fullwidth-code-point-3.0.0.tgz 27094ms (cache miss)
5610 http fetch GET 200 https://registry.npmjs.org/glob-parent/-/glob-parent-5.1.2.tgz 27160ms (cache miss)
5611 http fetch GET 200 https://registry.npmjs.org/slice-ansi/-/slice-ansi-7.1.2.tgz 27168ms (cache miss)
5612 http fetch GET 200 https://registry.npmjs.org/wrap-ansi/-/wrap-ansi-9.0.2.tgz 27179ms (cache miss)
5613 http fetch GET 200 https://registry.npmjs.org/@babel/plugin-transform-parameters/-/plugin-transform-parameters-7.27.7.tgz 27520ms (cache miss)
5614 http fetch GET 200 https://registry.npmjs.org/yallist/-/yallist-4.0.0.tgz 27385ms (cache miss)
5615 http fetch GET 200 https://registry.npmjs.org/minipass/-/minipass-3.3.6.tgz 27390ms (cache miss)
5616 http fetch GET 200 https://registry.npmjs.org/minipass/-/minipass-3.3.6.tgz 27389ms (cache miss)
5617 http fetch GET 200 https://registry.npmjs.org/ansi-styles/-/ansi-styles-6.2.3.tgz 27377ms (cache miss)
5618 http fetch GET 200 https://registry.npmjs.org/ansi-styles/-/ansi-styles-6.2.3.tgz 27383ms (cache miss)
5619 http fetch GET 200 https://registry.npmjs.org/ansi-styles/-/ansi-styles-6.2.3.tgz 27360ms (cache miss)
5620 http fetch GET 200 https://registry.npmjs.org/minipass/-/minipass-3.3.6.tgz 27394ms (cache miss)
5621 http fetch GET 200 https://registry.npmjs.org/string-width/-/string-width-4.2.3.tgz 27382ms (cache miss)
5622 http fetch GET 200 https://registry.npmjs.org/@babel/helper-annotate-as-pure/-/helper-annotate-as-pure-7.27.3.tgz 27390ms (cache miss)
5623 http fetch GET 200 https://registry.npmjs.org/@inquirer/type/-/type-2.0.0.tgz 27396ms (cache miss)
5624 http fetch GET 200 https://registry.npmjs.org/retry/-/retry-0.12.0.tgz 27944ms (cache miss)
5625 http fetch GET 200 https://registry.npmjs.org/ipaddr.js/-/ipaddr.js-1.9.1.tgz 27505ms (cache miss)
5626 http fetch GET 200 https://registry.npmjs.org/watchpack/-/watchpack-2.4.1.tgz 27675ms (cache miss)
5627 http fetch GET 200 https://registry.npmjs.org/sockjs/-/sockjs-0.3.24.tgz 28148ms (cache miss)
5628 http fetch GET 200 https://registry.npmjs.org/mrmime/-/mrmime-2.0.0.tgz 27582ms (cache miss)
5629 http fetch GET 200 https://registry.npmjs.org/strip-ansi/-/strip-ansi-7.2.0.tgz 27548ms (cache miss)
5630 http fetch GET 200 https://registry.npmjs.org/strip-ansi/-/strip-ansi-7.2.0.tgz 27547ms (cache miss)
5631 http fetch GET 200 https://registry.npmjs.org/strip-ansi/-/strip-ansi-7.2.0.tgz 27526ms (cache miss)
5632 http fetch GET 200 https://registry.npmjs.org/ansi-regex/-/ansi-regex-6.2.2.tgz 27533ms (cache miss)
5633 http fetch GET 200 https://registry.npmjs.org/minipass/-/minipass-3.3.6.tgz 27584ms (cache miss)
5634 http fetch GET 200 https://registry.npmjs.org/ansi-regex/-/ansi-regex-6.2.2.tgz 27558ms (cache miss)
5635 http fetch GET 200 https://registry.npmjs.org/ansi-regex/-/ansi-regex-6.2.2.tgz 27560ms (cache miss)
5636 http fetch GET 200 https://registry.npmjs.org/ansi-escapes/-/ansi-escapes-7.3.0.tgz 27575ms (cache miss)
5637 http fetch GET 200 https://registry.npmjs.org/emoji-regex/-/emoji-regex-8.0.0.tgz 27573ms (cache miss)
5638 http fetch GET 200 https://registry.npmjs.org/ajv-formats/-/ajv-formats-2.1.1.tgz 27588ms (cache miss)
5639 http fetch GET 200 https://registry.npmjs.org/ws/-/ws-8.20.0.tgz 28268ms (cache miss)
5640 http fetch GET 200 https://registry.npmjs.org/is-fullwidth-code-point/-/is-fullwidth-code-point-3.0.0.tgz 27678ms (cache miss)
5641 http fetch GET 200 https://registry.npmjs.org/ordered-binary/-/ordered-binary-1.6.1.tgz 28138ms (cache miss)
5642 http fetch GET 200 https://registry.npmjs.org/esbuild/-/esbuild-0.23.0.tgz 27929ms (cache miss)
5643 http fetch GET 200 https://registry.npmjs.org/glob-parent/-/glob-parent-5.1.2.tgz 27775ms (cache miss)
5644 http fetch GET 200 https://registry.npmjs.org/glob-parent/-/glob-parent-5.1.2.tgz 27794ms (cache miss)
5645 http fetch GET 200 https://registry.npmjs.org/wrap-ansi/-/wrap-ansi-9.0.2.tgz 27798ms (cache miss)
5646 http fetch GET 200 https://registry.npmjs.org/loader-utils/-/loader-utils-2.0.4.tgz 27802ms (cache miss)
5647 http fetch GET 200 https://registry.npmjs.org/readdirp/-/readdirp-3.6.0.tgz 27803ms (cache miss)
5648 http fetch GET 200 https://registry.npmjs.org/restore-cursor/-/restore-cursor-3.1.0.tgz 27805ms (cache miss)
5649 http fetch GET 200 https://registry.npmjs.org/cli-cursor/-/cli-cursor-3.1.0.tgz 27808ms (cache miss)
5650 http fetch GET 200 https://registry.npmjs.org/immutable/-/immutable-4.3.8.tgz 28400ms (cache miss)
5651 http fetch GET 200 https://registry.npmjs.org/@babel/helper-annotate-as-pure/-/helper-annotate-as-pure-7.27.3.tgz 27932ms (cache miss)
5652 http fetch GET 200 https://registry.npmjs.org/@babel/helper-annotate-as-pure/-/helper-annotate-as-pure-7.27.3.tgz 27931ms (cache miss)
5653 http fetch GET 200 https://registry.npmjs.org/@babel/helper-annotate-as-pure/-/helper-annotate-as-pure-7.27.3.tgz 27931ms (cache miss)
5654 http fetch GET 200 https://registry.npmjs.org/@babel/helper-annotate-as-pure/-/helper-annotate-as-pure-7.27.3.tgz 27937ms (cache miss)
5655 http fetch GET 200 https://registry.npmjs.org/@babel/plugin-syntax-import-attributes/-/plugin-syntax-import-attributes-7.28.6.tgz 27936ms (cache miss)
5656 http fetch GET 200 https://registry.npmjs.org/convert-source-map/-/convert-source-map-2.0.0.tgz 27951ms (cache miss)
5657 http fetch GET 200 https://registry.npmjs.org/@pkgjs/parseargs/-/parseargs-0.11.0.tgz 28460ms (cache miss)
5658 http fetch GET 200 https://registry.npmjs.org/tuf-js/-/tuf-js-2.2.1.tgz 28549ms (cache miss)
5659 http fetch GET 200 https://registry.npmjs.org/@babel/plugin-transform-block-scoping/-/plugin-transform-block-scoping-7.28.6.tgz 28265ms (cache miss)
5660 http fetch GET 200 https://registry.npmjs.org/copy-webpack-plugin/-/copy-webpack-plugin-12.0.2.tgz 28198ms (cache miss)
5661 http fetch GET 200 https://registry.npmjs.org/minipass/-/minipass-3.3.6.tgz 28163ms (cache miss)
5662 http fetch GET 200 https://registry.npmjs.org/json-schema-traverse/-/json-schema-traverse-0.4.1.tgz 28121ms (cache miss)
5663 http fetch GET 200 https://registry.npmjs.org/json-parse-even-better-errors/-/json-parse-even-better-errors-2.3.1.tgz 28184ms (cache miss)
5664 http fetch GET 200 https://registry.npmjs.org/onetime/-/onetime-5.1.2.tgz 28191ms (cache miss)
5665 http fetch GET 200 https://registry.npmjs.org/electron-to-chromium/-/electron-to-chromium-1.5.344.tgz 28579ms (cache miss)
5666 http fetch GET 200 https://registry.npmjs.org/which/-/which-2.0.2.tgz 28282ms (cache miss)
5667 http fetch GET 200 https://registry.npmjs.org/glob-parent/-/glob-parent-5.1.2.tgz 28253ms (cache miss)
5668 http fetch GET 200 https://registry.npmjs.org/acorn/-/acorn-8.16.0.tgz 28886ms (cache miss)
5669 http fetch GET 200 https://registry.npmjs.org/babel-loader/-/babel-loader-9.1.3.tgz 28495ms (cache miss)
5670 http fetch GET 200 https://registry.npmjs.org/listr2/-/listr2-8.2.4.tgz 28590ms (cache miss)
5671 http fetch GET 200 https://registry.npmjs.org/string-width/-/string-width-4.2.3.tgz 28346ms (cache miss)
5672 http fetch GET 200 https://registry.npmjs.org/signal-exit/-/signal-exit-3.0.7.tgz 28398ms (cache miss)
5673 http fetch GET 200 https://registry.npmjs.org/readdirp/-/readdirp-3.6.0.tgz 28394ms (cache miss)
5674 http fetch GET 200 https://registry.npmjs.org/cacache/-/cacache-18.0.4.tgz 28886ms (cache miss)
5675 http fetch GET 200 https://registry.npmjs.org/picomatch/-/picomatch-4.0.2.tgz 28646ms (cache miss)
5676 http fetch GET 200 https://registry.npmjs.org/minipass/-/minipass-5.0.0.tgz 28565ms (cache miss)
5677 http fetch GET 200 https://registry.npmjs.org/convert-source-map/-/convert-source-map-2.0.0.tgz 28536ms (cache miss)
5678 http fetch GET 200 https://registry.npmjs.org/convert-source-map/-/convert-source-map-2.0.0.tgz 28280ms (cache miss)
5679 http fetch GET 200 https://registry.npmjs.org/websocket-driver/-/websocket-driver-0.7.4.tgz 29152ms (cache miss)
5680 http fetch GET 200 https://registry.npmjs.org/istanbul-lib-instrument/-/istanbul-lib-instrument-6.0.3.tgz 28792ms (cache miss)
5681 http fetch GET 200 https://registry.npmjs.org/source-map-js/-/source-map-js-1.2.1.tgz 29182ms (cache miss)
5682 http fetch GET 200 https://registry.npmjs.org/tmp 28825ms (cache miss)
5683 silly packumentCache corgi:https://registry.npmjs.org/tmp set size:undefined disposed:false
5684 http fetch GET 200 https://registry.npmjs.org/picomatch 28880ms (cache miss)
5685 silly packumentCache corgi:https://registry.npmjs.org/picomatch set size:undefined disposed:false
5686 http fetch GET 200 https://registry.npmjs.org/picomatch/-/picomatch-2.3.2.tgz 28960ms (cache miss)
5687 http fetch GET 200 https://registry.npmjs.org/browserslist/-/browserslist-4.28.2.tgz 29042ms (cache miss)
5688 http fetch GET 200 https://registry.npmjs.org/serialize-javascript 28989ms (cache miss)
5689 silly packumentCache corgi:https://registry.npmjs.org/serialize-javascript set size:undefined disposed:false
5690 http fetch GET 200 https://registry.npmjs.org/typed-assert/-/typed-assert-1.0.9.tgz 29787ms (cache miss)
5691 http fetch GET 200 https://registry.npmjs.org/uuid 29172ms (cache miss)
5692 silly packumentCache corgi:https://registry.npmjs.org/uuid set size:undefined disposed:false
5693 http fetch GET 200 https://registry.npmjs.org/semver/-/semver-6.3.1.tgz 29129ms (cache miss)
5694 http fetch GET 200 https://registry.npmjs.org/semver/-/semver-5.7.2.tgz 29130ms (cache miss)
5695 http fetch GET 200 https://registry.npmjs.org/semver/-/semver-6.3.1.tgz 29132ms (cache miss)
5696 http fetch GET 200 https://registry.npmjs.org/semver/-/semver-6.3.1.tgz 29214ms (cache miss)
5697 http fetch GET 200 https://registry.npmjs.org/semver/-/semver-6.3.1.tgz 29240ms (cache miss)
5698 http fetch GET 200 https://registry.npmjs.org/chokidar/-/chokidar-4.0.3.tgz 29489ms (cache miss)
5699 http fetch GET 200 https://registry.npmjs.org/emoji-regex/-/emoji-regex-8.0.0.tgz 29407ms (cache miss)
5700 http fetch GET 200 https://registry.npmjs.org/minipass/-/minipass-7.1.3.tgz 29909ms (cache miss)
5701 http fetch GET 200 https://registry.npmjs.org/critters/-/critters-0.0.24.tgz 29682ms (cache miss)
5702 http fetch GET 200 https://registry.npmjs.org/depd/-/depd-1.1.2.tgz 29609ms (cache miss)
5703 http fetch GET 200 https://registry.npmjs.org/hpack.js/-/hpack.js-2.1.6.tgz 30290ms (cache miss)
5704 http fetch GET 200 https://registry.npmjs.org/semver/-/semver-6.3.1.tgz 29532ms (cache miss)
5705 http fetch GET 200 https://registry.npmjs.org/semver/-/semver-6.3.1.tgz 29532ms (cache miss)
5706 http fetch GET 200 https://registry.npmjs.org/qs/-/qs-6.14.2.tgz 30288ms (cache miss)
5707 http fetch GET 200 https://registry.npmjs.org/reflect-metadata/-/reflect-metadata-0.2.2.tgz 29847ms (cache miss)
5708 http fetch GET 200 https://registry.npmjs.org/semver/-/semver-6.3.1.tgz 29660ms (cache miss)
5709 http fetch GET 200 https://registry.npmjs.org/domhandler/-/domhandler-5.0.3.tgz 30210ms (cache miss)
5710 warn deprecated critters@0.0.24: Ownership of Critters has moved to the Nuxt team, who will be maintaining the project going forward. If you'd like to keep using Critters, please switch to the actively-maintained fork at https://github.com/danielroe/beasties
5711 http fetch GET 200 https://registry.npmjs.org/semver/-/semver-6.3.1.tgz 29913ms (cache miss)
5712 http fetch GET 200 https://registry.npmjs.org/semver/-/semver-6.3.1.tgz 30086ms (cache miss)
5713 http fetch GET 200 https://registry.npmjs.org/tapable/-/tapable-2.3.3.tgz 30586ms (cache miss)
5714 http fetch GET 200 https://registry.npmjs.org/tar 30303ms (cache miss)
5715 silly packumentCache corgi:https://registry.npmjs.org/tar set size:undefined disposed:false
5716 http fetch GET 200 https://registry.npmjs.org/http-proxy/-/http-proxy-1.18.1.tgz 30729ms (cache miss)
5717 http fetch GET 200 https://registry.npmjs.org/@jsonjoy.com/fs-snapshot/-/fs-snapshot-4.57.2.tgz 30973ms (cache miss)
5718 http fetch GET 200 https://registry.npmjs.org/path-scurry/-/path-scurry-1.11.1.tgz 30877ms (cache miss)
5719 http fetch GET 200 https://registry.npmjs.org/memfs/-/memfs-4.57.2.tgz 31028ms (cache miss)
5720 http fetch GET 200 https://registry.npmjs.org/ajv-formats/-/ajv-formats-3.0.1.tgz 30616ms (cache miss)
5721 http fetch GET 200 https://registry.npmjs.org/chokidar/-/chokidar-3.6.0.tgz 30467ms (cache miss)
5722 http fetch GET 200 https://registry.npmjs.org/esbuild/-/esbuild-0.21.5.tgz 30492ms (cache miss)
5723 http fetch GET 200 https://registry.npmjs.org/@babel/helper-annotate-as-pure/-/helper-annotate-as-pure-7.24.7.tgz 30531ms (cache miss)
5724 http fetch GET 200 https://registry.npmjs.org/picomatch/-/picomatch-2.3.2.tgz 30574ms (cache miss)
5725 http fetch GET 200 https://registry.npmjs.org/chokidar/-/chokidar-3.6.0.tgz 30643ms (cache miss)
5726 http fetch GET 200 https://registry.npmjs.org/webpack-subresource-integrity/-/webpack-subresource-integrity-5.1.0.tgz 30866ms (cache miss)
5727 http fetch GET 200 https://registry.npmjs.org/tslib/-/tslib-2.8.1.tgz 30884ms (cache miss)
5728 http fetch GET 200 https://registry.npmjs.org/picomatch/-/picomatch-2.3.2.tgz 30811ms (cache miss)
5729 http fetch GET 200 https://registry.npmjs.org/@babel/helper-compilation-targets/-/helper-compilation-targets-7.28.6.tgz 31052ms (cache miss)
5730 http fetch GET 200 https://registry.npmjs.org/debug/-/debug-3.2.7.tgz 30889ms (cache miss)
5731 http fetch GET 200 https://registry.npmjs.org/nanoid/-/nanoid-3.3.11.tgz 31566ms (cache miss)
5732 http fetch GET 200 https://registry.npmjs.org/picomatch/-/picomatch-2.3.2.tgz 31042ms (cache miss)
5733 http fetch GET 200 https://registry.npmjs.org/babel-plugin-polyfill-corejs3/-/babel-plugin-polyfill-corejs3-0.11.1.tgz 31382ms (cache miss)
5734 http fetch GET 200 https://registry.npmjs.org/jest-worker/-/jest-worker-27.5.1.tgz 31881ms (cache miss)
5735 http fetch GET 200 https://registry.npmjs.org/node-addon-api/-/node-addon-api-6.1.0.tgz 31780ms (cache miss)
5736 http fetch GET 200 https://registry.npmjs.org/@babel/helper-module-transforms/-/helper-module-transforms-7.28.6.tgz 31713ms (cache miss)
5737 http fetch GET 200 https://registry.npmjs.org/eventemitter3/-/eventemitter3-5.0.4.tgz 31517ms (cache miss)
5738 http fetch GET 200 https://registry.npmjs.org/@babel/template/-/template-7.28.6.tgz 31764ms (cache miss)
5739 http fetch GET 200 https://registry.npmjs.org/@jsonjoy.com/codegen/-/codegen-1.0.0.tgz 32210ms (cache miss)
5740 http fetch GET 200 https://registry.npmjs.org/css-loader/-/css-loader-7.1.2.tgz 31753ms (cache miss)
5741 http fetch GET 200 https://registry.npmjs.org/@jsonjoy.com/fs-node-to-fsa/-/fs-node-to-fsa-4.57.2.tgz 32217ms (cache miss)
5742 http fetch GET 200 https://registry.npmjs.org/@jsonjoy.com/fs-node-builtins/-/fs-node-builtins-4.57.2.tgz 32235ms (cache miss)
5743 http fetch GET 200 https://registry.npmjs.org/@babel/plugin-transform-regenerator/-/plugin-transform-regenerator-7.29.0.tgz 31996ms (cache miss)
5744 http fetch GET 200 https://registry.npmjs.org/magic-string/-/magic-string-0.30.11.tgz 31919ms (cache miss)
5745 http fetch GET 200 https://registry.npmjs.org/jackspeak/-/jackspeak-3.4.3.tgz 32320ms (cache miss)
5746 http fetch GET 200 https://registry.npmjs.org/ajv 32006ms (cache miss)
5747 silly packumentCache corgi:https://registry.npmjs.org/ajv set size:undefined disposed:false
5748 http fetch GET 200 https://registry.npmjs.org/pacote/-/pacote-18.0.6.tgz 32215ms (cache miss)
5749 http fetch GET 200 https://registry.npmjs.org/spdy-transport/-/spdy-transport-3.0.0.tgz 32843ms (cache miss)
5750 http fetch GET 200 https://registry.npmjs.org/mini-css-extract-plugin/-/mini-css-extract-plugin-2.9.0.tgz 32314ms (cache miss)
5751 http fetch GET 200 https://registry.npmjs.org/debug/-/debug-2.6.9.tgz 32243ms (cache miss)
5752 http fetch GET 200 https://registry.npmjs.org/readable-stream/-/readable-stream-3.6.2.tgz 32614ms (cache miss)
5753 http fetch GET 200 https://registry.npmjs.org/@babel/plugin-transform-runtime/-/plugin-transform-runtime-7.26.10.tgz 32384ms (cache miss)
5754 http fetch GET 200 https://registry.npmjs.org/emoji-regex/-/emoji-regex-9.2.2.tgz 32367ms (cache miss)
5755 http fetch GET 200 https://registry.npmjs.org/debug/-/debug-2.6.9.tgz 32461ms (cache miss)
5756 http fetch GET 200 https://registry.npmjs.org/debug/-/debug-2.6.9.tgz 32463ms (cache miss)
5757 http fetch GET 200 https://registry.npmjs.org/debug/-/debug-2.6.9.tgz 32532ms (cache miss)
5758 http fetch GET 200 https://registry.npmjs.org/webpack-merge/-/webpack-merge-6.0.1.tgz 32687ms (cache miss)
5759 http fetch GET 200 https://registry.npmjs.org/@babel/helper-create-class-features-plugin/-/helper-create-class-features-plugin-7.28.6.tgz 32841ms (cache miss)
5760 http fetch GET 200 https://registry.npmjs.org/source-map/-/source-map-0.7.4.tgz 32845ms (cache miss)
5761 http fetch GET 200 https://registry.npmjs.org/debug/-/debug-2.6.9.tgz 32751ms (cache miss)
5762 http fetch GET 200 https://registry.npmjs.org/resolve-url-loader/-/resolve-url-loader-5.0.0.tgz 32913ms (cache miss)
5763 http fetch GET 200 https://registry.npmjs.org/debug/-/debug-2.6.9.tgz 32792ms (cache miss)
5764 http fetch GET 200 https://registry.npmjs.org/events/-/events-3.3.0.tgz 33360ms (cache miss)
5765 http fetch GET 200 https://registry.npmjs.org/object-inspect/-/object-inspect-1.13.4.tgz 33589ms (cache miss)
5766 http fetch GET 200 https://registry.npmjs.org/schema-utils/-/schema-utils-4.3.3.tgz 33208ms (cache miss)
5767 http fetch GET 200 https://registry.npmjs.org/@babel/helper-define-polyfill-provider/-/helper-define-polyfill-provider-0.6.8.tgz 33310ms (cache miss)
5768 http fetch GET 200 https://registry.npmjs.org/tslib/-/tslib-2.6.3.tgz 32734ms (cache miss)
5769 http fetch GET 200 https://registry.npmjs.org/@nodelib/fs.walk/-/fs.walk-1.2.8.tgz 33430ms (cache miss)
5770 http fetch GET 200 https://registry.npmjs.org/loader-utils/-/loader-utils-2.0.4.tgz 33188ms (cache miss)
5771 http fetch GET 200 https://registry.npmjs.org/json5/-/json5-2.2.3.tgz 33441ms (cache miss)
5772 http fetch GET 200 https://registry.npmjs.org/@jsonjoy.com/json-pointer/-/json-pointer-1.0.2.tgz 34034ms (cache miss)
5773 http fetch GET 200 https://registry.npmjs.org/cosmiconfig/-/cosmiconfig-9.0.1.tgz 34636ms (cache miss)
5774 http fetch GET 200 https://registry.npmjs.org/@sigstore/protobuf-specs/-/protobuf-specs-0.3.3.tgz 34903ms (cache miss)
5775 http fetch GET 200 https://registry.npmjs.org/math-intrinsics/-/math-intrinsics-1.1.0.tgz 35186ms (cache miss)
5776 http fetch GET 200 https://registry.npmjs.org/adjust-sourcemap-loader/-/adjust-sourcemap-loader-4.0.0.tgz 35032ms (cache miss)
5777 http fetch GET 200 https://registry.npmjs.org/@jsonjoy.com/fs-fsa/-/fs-fsa-4.57.2.tgz 35191ms (cache miss)
5778 http fetch GET 200 https://registry.npmjs.org/tar/-/tar-6.2.1.tgz 35062ms (cache miss)
5779 http fetch GET 200 https://registry.npmjs.org/esbuild 34826ms (cache miss)
5780 silly packumentCache corgi:https://registry.npmjs.org/esbuild set size:undefined disposed:false
5781 http fetch GET 200 https://registry.npmjs.org/webpack-sources/-/webpack-sources-3.3.4.tgz 35223ms (cache miss)
5782 warn deprecated tar@6.2.1: Old versions of tar are not supported, and contain widely publicized security vulnerabilities, which have been fixed in the current version. Please update. Support for old versions may be purchased (at exorbitant rates) by contacting i@izs.me
5783 http fetch GET 200 https://registry.npmjs.org/hyperdyperid/-/hyperdyperid-1.2.0.tgz 35508ms (cache miss)
5784 http fetch GET 200 https://registry.npmjs.org/core-js-compat/-/core-js-compat-3.49.0.tgz 35312ms (cache miss)
5785 http fetch GET 200 https://registry.npmjs.org/jsonc-parser/-/jsonc-parser-3.3.1.tgz 35231ms (cache miss)
5786 http fetch GET 200 https://registry.npmjs.org/@discoveryjs/json-ext/-/json-ext-0.6.1.tgz 35123ms (cache miss)
5787 http fetch GET 200 https://registry.npmjs.org/schema-utils/-/schema-utils-3.3.0.tgz 35113ms (cache miss)
5788 http fetch GET 200 https://registry.npmjs.org/iconv-lite/-/iconv-lite-0.4.24.tgz 35618ms (cache miss)
5789 http fetch GET 200 https://registry.npmjs.org/@jridgewell/sourcemap-codec/-/sourcemap-codec-1.5.5.tgz 35481ms (cache miss)
5790 http fetch GET 200 https://registry.npmjs.org/readable-stream/-/readable-stream-2.3.8.tgz 35354ms (cache miss)
5791 http fetch GET 200 https://registry.npmjs.org/node-addon-api/-/node-addon-api-3.2.1.tgz 35517ms (cache miss)
5792 http fetch GET 200 https://registry.npmjs.org/@vitejs/plugin-basic-ssl/-/plugin-basic-ssl-1.1.0.tgz 35704ms (cache miss)
5793 http fetch GET 200 https://registry.npmjs.org/@angular%2fcompiler 35878ms (cache miss)
5794 silly packumentCache corgi:https://registry.npmjs.org/@angular%2fcompiler set size:undefined disposed:false
5795 http fetch GET 200 https://registry.npmjs.org/@jsonjoy.com/fs-core/-/fs-core-4.57.2.tgz 36960ms (cache miss)
5796 http fetch GET 200 https://registry.npmjs.org/socks/-/socks-2.8.7.tgz 36903ms (cache miss)
5797 http fetch GET 200 https://registry.npmjs.org/postcss-selector-parser/-/postcss-selector-parser-7.1.1.tgz 36966ms (cache miss)
5798 http fetch GET 200 https://registry.npmjs.org/@angular/platform-browser-dynamic/-/platform-browser-dynamic-18.2.14.tgz 36624ms (cache miss)
5799 http fetch GET 200 https://registry.npmjs.org/bonjour-service/-/bonjour-service-1.3.0.tgz 37269ms (cache miss)
5800 http fetch GET 200 https://registry.npmjs.org/@tufjs/models/-/models-2.0.1.tgz 37237ms (cache miss)
5801 http fetch GET 200 https://registry.npmjs.org/js-yaml/-/js-yaml-4.1.1.tgz 37304ms (cache miss)
5802 http fetch GET 200 https://registry.npmjs.org/webpack-dev-middleware/-/webpack-dev-middleware-7.4.2.tgz 37078ms (cache miss)
5803 http fetch GET 200 https://registry.npmjs.org/@jridgewell/gen-mapping/-/gen-mapping-0.3.13.tgz 37116ms (cache miss)
5804 http fetch GET 200 https://registry.npmjs.org/fast-uri/-/fast-uri-3.1.0.tgz 37256ms (cache miss)
5805 http fetch GET 200 https://registry.npmjs.org/@webassemblyjs/ast/-/ast-1.14.1.tgz 37750ms (cache miss)
5806 http fetch GET 200 https://registry.npmjs.org/@angular%2fcore 37286ms (cache miss)
5807 silly packumentCache corgi:https://registry.npmjs.org/@angular%2fcore set size:undefined disposed:false
5808 http fetch GET 200 https://registry.npmjs.org/@angular%2fcommon 37725ms (cache miss)
5809 silly packumentCache corgi:https://registry.npmjs.org/@angular%2fcommon set size:undefined disposed:false
5810 http fetch GET 200 https://registry.npmjs.org/lru-cache/-/lru-cache-10.4.3.tgz 38092ms (cache miss)
5811 http fetch GET 200 https://registry.npmjs.org/htmlparser2/-/htmlparser2-8.0.2.tgz 38406ms (cache miss)
5812 http fetch GET 200 https://registry.npmjs.org/lru-cache/-/lru-cache-10.4.3.tgz 38254ms (cache miss)
5813 http fetch GET 200 https://registry.npmjs.org/lru-cache/-/lru-cache-10.4.3.tgz 38273ms (cache miss)
5814 http fetch GET 200 https://registry.npmjs.org/lru-cache/-/lru-cache-10.4.3.tgz 38258ms (cache miss)
5815 http fetch GET 200 https://registry.npmjs.org/lru-cache/-/lru-cache-10.4.3.tgz 38262ms (cache miss)
5816 http fetch GET 200 https://registry.npmjs.org/undici-types/-/undici-types-6.21.0.tgz 38751ms (cache miss)
5817 http fetch GET 200 https://registry.npmjs.org/http-proxy-middleware/-/http-proxy-middleware-2.0.9.tgz 38435ms (cache miss)
5818 http fetch GET 200 https://registry.npmjs.org/@sigstore/core/-/core-1.1.0.tgz 39116ms (cache miss)
5819 http fetch GET 200 https://registry.npmjs.org/uri-js/-/uri-js-4.4.1.tgz 39438ms (cache miss)
5820 http fetch GET 200 https://registry.npmjs.org/@babel/parser/-/parser-7.29.2.tgz 39027ms (cache miss)
5821 http fetch GET 200 https://registry.npmjs.org/source-map/-/source-map-0.6.1.tgz 38885ms (cache miss)
5822 http fetch GET 200 https://registry.npmjs.org/ajv-keywords/-/ajv-keywords-3.5.2.tgz 38910ms (cache miss)
5823 http fetch GET 200 https://registry.npmjs.org/jiti/-/jiti-1.21.7.tgz 39522ms (cache miss)
5824 http fetch GET 200 https://registry.npmjs.org/ip-address/-/ip-address-10.1.0.tgz 39594ms (cache miss)
5825 http fetch GET 200 https://registry.npmjs.org/source-map/-/source-map-0.6.1.tgz 39012ms (cache miss)
5826 http fetch GET 200 https://registry.npmjs.org/source-map/-/source-map-0.6.1.tgz 39014ms (cache miss)
5827 http fetch GET 200 https://registry.npmjs.org/@sigstore/verify/-/verify-1.2.1.tgz 39737ms (cache miss)
5828 http fetch GET 200 https://registry.npmjs.org/@jsonjoy.com/fs-node-utils/-/fs-node-utils-4.57.2.tgz 39883ms (cache miss)
5829 http fetch GET 200 https://registry.npmjs.org/webpack-dev-server/-/webpack-dev-server-5.2.2.tgz 39421ms (cache miss)
5830 http fetch GET 200 https://registry.npmjs.org/type-fest/-/type-fest-0.21.3.tgz 39677ms (cache miss)
5831 http fetch GET 200 https://registry.npmjs.org/iconv-lite/-/iconv-lite-0.6.3.tgz 39489ms (cache miss)
5832 http fetch GET 200 https://registry.npmjs.org/webpack 39589ms (cache miss)
5833 silly packumentCache corgi:https://registry.npmjs.org/webpack set size:undefined disposed:false
5834 http fetch GET 200 https://registry.npmjs.org/iconv-lite/-/iconv-lite-0.6.3.tgz 39762ms (cache miss)
5835 http fetch GET 200 https://registry.npmjs.org/exponential-backoff/-/exponential-backoff-3.1.3.tgz 40246ms (cache miss)
5836 http fetch GET 200 https://registry.npmjs.org/iconv-lite/-/iconv-lite-0.6.3.tgz 39895ms (cache miss)
5837 http fetch GET 200 https://registry.npmjs.org/@babel/preset-env/-/preset-env-7.26.9.tgz 40164ms (cache miss)
5838 http fetch GET 200 https://registry.npmjs.org/@jsonjoy.com/fs-node/-/fs-node-4.57.2.tgz 40633ms (cache miss)
5839 http fetch GET 200 https://registry.npmjs.org/vite 40237ms (cache miss)
5840 silly packumentCache corgi:https://registry.npmjs.org/vite set size:undefined disposed:false
5841 http fetch GET 200 https://registry.npmjs.org/@ngtools/webpack/-/webpack-18.2.21.tgz 40489ms (cache miss)
5842 http fetch GET 200 https://registry.npmjs.org/@lmdb/lmdb-win32-x64/-/lmdb-win32-x64-3.0.13.tgz 40747ms (cache miss)
5843 http fetch GET 200 https://registry.npmjs.org/enhanced-resolve/-/enhanced-resolve-5.20.1.tgz 41226ms (cache miss)
5844 http fetch GET 200 https://registry.npmjs.org/rollup 41130ms (cache miss)
5845 silly packumentCache corgi:https://registry.npmjs.org/rollup set size:undefined disposed:false
5846 http fetch GET 200 https://registry.npmjs.org/@jridgewell/trace-mapping/-/trace-mapping-0.3.31.tgz 41427ms (cache miss)
5847 http fetch GET 200 https://registry.npmjs.org/minimatch/-/minimatch-9.0.9.tgz 41712ms (cache miss)
5848 http fetch GET 200 https://registry.npmjs.org/@rollup/rollup-win32-x64-msvc/-/rollup-win32-x64-msvc-4.22.4.tgz 41809ms (cache miss)
5849 http fetch GET 200 https://registry.npmjs.org/semver/-/semver-7.6.3.tgz 41501ms (cache miss)
5850 http fetch GET 200 https://registry.npmjs.org/@babel/generator/-/generator-7.26.10.tgz 41515ms (cache miss)
5851 http fetch GET 200 https://registry.npmjs.org/thingies/-/thingies-2.6.0.tgz 42695ms (cache miss)
5852 silly packumentCache corgi:https://registry.npmjs.org/@angular%2fcompiler-cli cache-miss
5853 silly packumentCache corgi:https://registry.npmjs.org/@angular%2fplatform-browser-dynamic cache-miss
5854 http fetch GET 200 https://registry.npmjs.org/@jsonjoy.com/base64/-/base64-17.67.0.tgz 42516ms (cache miss)
5855 http fetch GET 200 https://registry.npmjs.org/postcss/-/postcss-8.4.41.tgz 42718ms (cache miss)
5856 http fetch GET 200 https://registry.npmjs.org/uuid/-/uuid-8.3.2.tgz 43507ms (cache miss)
5857 http fetch GET 200 https://registry.npmjs.org/@babel/generator/-/generator-7.29.1.tgz 42781ms (cache miss)
5858 http fetch GET 200 https://registry.npmjs.org/fast-glob/-/fast-glob-3.3.2.tgz 43073ms (cache miss)
5859 http fetch GET 200 https://registry.npmjs.org/needle/-/needle-3.5.0.tgz 43311ms (cache miss)
5860 http fetch GET 200 https://registry.npmjs.org/msgpackr/-/msgpackr-1.11.10.tgz 43556ms (cache miss)
5861 http fetch GET 200 https://registry.npmjs.org/@sigstore/sign/-/sign-2.3.2.tgz 43792ms (cache miss)
5862 http fetch GET 200 https://registry.npmjs.org/http-proxy-middleware/-/http-proxy-middleware-3.0.5.tgz 43711ms (cache miss)
5863 http fetch GET 200 https://registry.npmjs.org/postcss/-/postcss-8.5.10.tgz 43688ms (cache miss)
5864 http fetch GET 200 https://registry.npmjs.org/rollup/-/rollup-4.22.4.tgz 44144ms (cache miss)
5865 http fetch GET 200 https://registry.npmjs.org/fast-glob/-/fast-glob-3.3.3.tgz 43962ms (cache miss)
5866 http fetch GET 200 https://registry.npmjs.org/domutils/-/domutils-3.2.2.tgz 44360ms (cache miss)
5867 http fetch GET 200 https://registry.npmjs.org/glob/-/glob-10.5.0.tgz 44789ms (cache miss)
5868 http fetch GET 200 https://registry.npmjs.org/yargs/-/yargs-17.7.2.tgz 44641ms (cache miss)
5869 warn deprecated glob@10.5.0: Old versions of glob are not supported, and contain widely publicized security vulnerabilities, which have been fixed in the current version. Please update. Support for old versions may be purchased (at exorbitant rates) by contacting i@izs.me
5870 http fetch GET 200 https://registry.npmjs.org/entities/-/entities-4.5.0.tgz 45194ms (cache miss)
5871 http fetch GET 200 https://registry.npmjs.org/@babel/traverse/-/traverse-7.29.0.tgz 46171ms (cache miss)
5872 http fetch GET 200 https://registry.npmjs.org/parse5/-/parse5-7.3.0.tgz 46518ms (cache miss)
5873 http fetch GET 200 https://registry.npmjs.org/@angular-devkit/architect/-/architect-0.1802.21.tgz 46348ms (cache miss)
5874 http fetch GET 200 https://registry.npmjs.org/terser/-/terser-5.31.6.tgz 46539ms (cache miss)
5875 http fetch GET 200 https://registry.npmjs.org/node-forge/-/node-forge-1.4.0.tgz 47620ms (cache miss)
5876 http fetch GET 200 https://registry.npmjs.org/serve-index/-/serve-index-1.9.2.tgz 47588ms (cache miss)
5877 http fetch GET 200 https://registry.npmjs.org/sockjs-client/-/sockjs-client-1.6.1.tgz 47135ms (cache miss)
5878 http fetch GET 200 https://registry.npmjs.org/autoprefixer/-/autoprefixer-10.4.20.tgz 47339ms (cache miss)
5879 http fetch GET 200 https://registry.npmjs.org/@angular/forms/-/forms-18.2.14.tgz 47394ms (cache miss)
5880 http fetch GET 200 https://registry.npmjs.org/vite/-/vite-5.4.21.tgz 47544ms (cache miss)
5881 http fetch GET 200 https://registry.npmjs.org/@angular/platform-browser/-/platform-browser-18.2.14.tgz 47565ms (cache miss)
5882 http fetch GET 200 https://registry.npmjs.org/@angular%2fplatform-browser-dynamic 5317ms (cache miss)
5883 silly packumentCache corgi:https://registry.npmjs.org/@angular%2fplatform-browser-dynamic set size:undefined disposed:false
5884 http fetch GET 200 https://registry.npmjs.org/@angular%2fcompiler-cli 9770ms (cache miss)
5885 silly packumentCache corgi:https://registry.npmjs.org/@angular%2fcompiler-cli set size:undefined disposed:false
5886 http fetch GET 200 https://registry.npmjs.org/@stomp/stompjs/-/stompjs-7.3.0.tgz 53070ms (cache miss)
5887 silly packumentCache corgi:https://registry.npmjs.org/@angular%2fanimations cache-miss
5888 silly packumentCache corgi:https://registry.npmjs.org/@angular%2fforms cache-miss
5889 silly packumentCache corgi:https://registry.npmjs.org/@angular%2fplatform-browser cache-miss
5890 silly packumentCache corgi:https://registry.npmjs.org/@angular%2frouter cache-miss
5891 http fetch GET 200 https://registry.npmjs.org/license-webpack-plugin/-/license-webpack-plugin-4.0.2.tgz 58357ms (cache miss)
5892 http fetch GET 200 https://registry.npmjs.org/entities/-/entities-6.0.1.tgz 58280ms (cache miss)
5893 http fetch GET 200 https://registry.npmjs.org/@angular/animations/-/animations-18.2.14.tgz 58848ms (cache miss)
5894 http fetch GET 200 https://registry.npmjs.org/@inquirer/core/-/core-9.2.1.tgz 59614ms (cache miss)
5895 http fetch GET 200 https://registry.npmjs.org/neo-async/-/neo-async-2.6.2.tgz 60089ms (cache miss)
5896 http fetch GET 200 https://registry.npmjs.org/ajv/-/ajv-6.14.0.tgz 59560ms (cache miss)
5897 http fetch GET 200 https://registry.npmjs.org/@types/node/-/node-22.19.17.tgz 59734ms (cache miss)
5898 http fetch GET 200 https://registry.npmjs.org/resolve/-/resolve-1.22.8.tgz 59865ms (cache miss)
5899 http fetch GET 200 https://registry.npmjs.org/css-select/-/css-select-5.2.2.tgz 60054ms (cache miss)
5900 http fetch GET 200 https://registry.npmjs.org/@angular-devkit/core/-/core-18.2.21.tgz 59925ms (cache miss)
5901 http fetch GET 200 https://registry.npmjs.org/piscina/-/piscina-4.6.1.tgz 59981ms (cache miss)
5902 http fetch GET 200 https://registry.npmjs.org/@angular/router/-/router-18.2.14.tgz 59998ms (cache miss)
5903 http fetch GET 200 https://registry.npmjs.org/sass/-/sass-1.77.6.tgz 60086ms (cache miss)
5904 http fetch GET 200 https://registry.npmjs.org/@angular%2fanimations 6991ms (cache miss)
5905 silly packumentCache corgi:https://registry.npmjs.org/@angular%2fanimations set size:undefined disposed:false
5906 http fetch GET 200 https://registry.npmjs.org/@angular%2frouter 7377ms (cache miss)
5907 silly packumentCache corgi:https://registry.npmjs.org/@angular%2frouter set size:undefined disposed:false
5908 http fetch GET 200 https://registry.npmjs.org/@angular%2fforms 7626ms (cache miss)
5909 silly packumentCache corgi:https://registry.npmjs.org/@angular%2fforms set size:undefined disposed:false
5910 http fetch GET 200 https://registry.npmjs.org/@angular%2fplatform-browser 7967ms (cache miss)
5911 silly packumentCache corgi:https://registry.npmjs.org/@angular%2fplatform-browser set size:undefined disposed:false
5912 http fetch GET 200 https://registry.npmjs.org/@jsonjoy.com/util/-/util-17.67.0.tgz 61389ms (cache miss)
5913 http fetch GET 200 https://registry.npmjs.org/@angular-devkit/schematics/-/schematics-18.2.21.tgz 65941ms (cache miss)
5914 http fetch GET 200 https://registry.npmjs.org/resolve/-/resolve-1.22.12.tgz 65769ms (cache miss)
5915 silly packumentCache corgi:https://registry.npmjs.org/@angular-devkit%2fbuild-angular cache-miss
5916 silly packumentCache corgi:https://registry.npmjs.org/@angular-devkit%2fbuild-webpack cache-miss
5917 silly packumentCache corgi:https://registry.npmjs.org/webpack-dev-server cache-miss
5918 silly packumentCache corgi:https://registry.npmjs.org/@ngtools%2fwebpack cache-miss
5919 silly packumentCache corgi:https://registry.npmjs.org/babel-loader cache-miss
5920 silly packumentCache corgi:https://registry.npmjs.org/copy-webpack-plugin cache-miss
5921 silly packumentCache corgi:https://registry.npmjs.org/css-loader cache-miss
5922 silly packumentCache corgi:https://registry.npmjs.org/less-loader cache-miss
5923 silly packumentCache corgi:https://registry.npmjs.org/mini-css-extract-plugin cache-miss
5924 silly packumentCache corgi:https://registry.npmjs.org/postcss-loader cache-miss
5925 silly packumentCache corgi:https://registry.npmjs.org/sass-loader cache-miss
5926 silly packumentCache corgi:https://registry.npmjs.org/source-map-loader cache-miss
5927 silly packumentCache corgi:https://registry.npmjs.org/webpack-dev-middleware cache-miss
5928 silly packumentCache corgi:https://registry.npmjs.org/webpack-subresource-integrity cache-miss
5929 silly packumentCache corgi:https://registry.npmjs.org/terser-webpack-plugin cache-miss
5930 http fetch GET 200 https://registry.npmjs.org/node-gyp/-/node-gyp-10.3.1.tgz 66406ms (cache miss)
5931 http fetch GET 200 https://registry.npmjs.org/@jsonjoy.com/buffers/-/buffers-17.67.0.tgz 66658ms (cache miss)
5932 http fetch GET 200 https://registry.npmjs.org/@babel/core/-/core-7.26.10.tgz 66950ms (cache miss)
5933 http fetch GET 200 https://registry.npmjs.org/source-map-loader 975ms (cache miss)
5934 silly packumentCache corgi:https://registry.npmjs.org/source-map-loader set size:undefined disposed:false
5935 http fetch GET 200 https://registry.npmjs.org/less-loader 1056ms (cache miss)
5936 silly packumentCache corgi:https://registry.npmjs.org/less-loader set size:undefined disposed:false
5937 http fetch GET 200 https://registry.npmjs.org/webpack-subresource-integrity 1082ms (cache miss)
5938 silly packumentCache corgi:https://registry.npmjs.org/webpack-subresource-integrity set size:undefined disposed:false
5939 http fetch GET 200 https://registry.npmjs.org/postcss-loader 1207ms (cache miss)
5940 silly packumentCache corgi:https://registry.npmjs.org/postcss-loader set size:undefined disposed:false
5941 http fetch GET 200 https://registry.npmjs.org/babel-loader 1232ms (cache miss)
5942 silly packumentCache corgi:https://registry.npmjs.org/babel-loader set size:undefined disposed:false
5943 http fetch GET 200 https://registry.npmjs.org/copy-webpack-plugin 1314ms (cache miss)
5944 silly packumentCache corgi:https://registry.npmjs.org/copy-webpack-plugin set size:undefined disposed:false
5945 http fetch GET 200 https://registry.npmjs.org/mini-css-extract-plugin 1401ms (cache miss)
5946 silly packumentCache corgi:https://registry.npmjs.org/mini-css-extract-plugin set size:undefined disposed:false
5947 http fetch GET 200 https://registry.npmjs.org/sass-loader 1455ms (cache miss)
5948 silly packumentCache corgi:https://registry.npmjs.org/sass-loader set size:undefined disposed:false
5949 http fetch GET 200 https://registry.npmjs.org/webpack-dev-middleware 1531ms (cache miss)
5950 silly packumentCache corgi:https://registry.npmjs.org/webpack-dev-middleware set size:undefined disposed:false
5951 http fetch GET 200 https://registry.npmjs.org/terser-webpack-plugin 1610ms (cache miss)
5952 silly packumentCache corgi:https://registry.npmjs.org/terser-webpack-plugin set size:undefined disposed:false
5953 http fetch GET 200 https://registry.npmjs.org/css-loader 1643ms (cache miss)
5954 silly packumentCache corgi:https://registry.npmjs.org/css-loader set size:undefined disposed:false
5955 http fetch GET 200 https://registry.npmjs.org/@babel/core/-/core-7.25.2.tgz 67623ms (cache miss)
5956 http fetch GET 200 https://registry.npmjs.org/@babel/core/-/core-7.25.2.tgz 67641ms (cache miss)
5957 http fetch GET 200 https://registry.npmjs.org/webpack-dev-server 1911ms (cache miss)
5958 silly packumentCache corgi:https://registry.npmjs.org/webpack-dev-server set size:undefined disposed:false
5959 http fetch GET 200 https://registry.npmjs.org/ajv-keywords/-/ajv-keywords-5.1.0.tgz 68549ms (cache miss)
5960 http fetch GET 200 https://registry.npmjs.org/@jsonjoy.com/buffers/-/buffers-1.2.1.tgz 68097ms (cache miss)
5961 http fetch GET 200 https://registry.npmjs.org/@jsonjoy.com/buffers/-/buffers-1.2.1.tgz 68165ms (cache miss)
5962 http fetch GET 200 https://registry.npmjs.org/@angular-devkit%2fbuild-webpack 2983ms (cache miss)
5963 silly packumentCache corgi:https://registry.npmjs.org/@angular-devkit%2fbuild-webpack set size:undefined disposed:false
5964 http fetch GET 200 https://registry.npmjs.org/@ngtools%2fwebpack 3371ms (cache miss)
5965 silly packumentCache corgi:https://registry.npmjs.org/@ngtools%2fwebpack set size:undefined disposed:false
5966 http fetch GET 200 https://registry.npmjs.org/zone.js/-/zone.js-0.14.10.tgz 70566ms (cache miss)
5967 http fetch GET 200 https://registry.npmjs.org/lmdb/-/lmdb-3.0.13.tgz 70748ms (cache miss)
5968 http fetch GET 200 https://registry.npmjs.org/@esbuild/win32-x64/-/win32-x64-0.23.0.tgz 71052ms (cache miss)
5969 http fetch GET 200 https://registry.npmjs.org/@esbuild/win32-x64/-/win32-x64-0.21.5.tgz 70856ms (cache miss)
5970 http fetch GET 200 https://registry.npmjs.org/@angular-devkit%2fbuild-angular 5192ms (cache miss)
5971 silly packumentCache corgi:https://registry.npmjs.org/@angular-devkit%2fbuild-angular set size:undefined disposed:false
5972 http fetch GET 200 https://registry.npmjs.org/@angular/cli/-/cli-18.2.21.tgz 72252ms (cache miss)
5973 silly packumentCache corgi:https://registry.npmjs.org/@angular%2fbuild cache-miss
5974 http fetch GET 200 https://registry.npmjs.org/@jsonjoy.com/util/-/util-1.9.0.tgz 74252ms (cache miss)
5975 http fetch GET 200 https://registry.npmjs.org/@angular%2fbuild 1422ms (cache miss)
5976 silly packumentCache corgi:https://registry.npmjs.org/@angular%2fbuild set size:undefined disposed:false
5977 http fetch GET 200 https://registry.npmjs.org/esbuild-wasm/-/esbuild-wasm-0.23.0.tgz 73895ms (cache miss)
5978 silly packumentCache corgi:https://registry.npmjs.org/@angular-devkit%2fcore cache-miss
5979 http fetch GET 200 https://registry.npmjs.org/@babel/runtime/-/runtime-7.26.10.tgz 75055ms (cache miss)
5980 http fetch GET 200 https://registry.npmjs.org/@babel/types/-/types-7.29.0.tgz 75261ms (cache miss)
5981 http fetch GET 200 https://registry.npmjs.org/@angular-devkit%2fcore 1636ms (cache miss)
5982 silly packumentCache corgi:https://registry.npmjs.org/@angular-devkit%2fcore set size:undefined disposed:false
5983 silly packumentCache corgi:https://registry.npmjs.org/ajv-formats cache-miss
5984 silly packumentCache corgi:https://registry.npmjs.org/schema-utils cache-miss
5985 silly packumentCache corgi:https://registry.npmjs.org/ajv-keywords cache-miss
5986 http fetch GET 200 https://registry.npmjs.org/ajv-keywords 712ms (cache miss)
5987 silly packumentCache corgi:https://registry.npmjs.org/ajv-keywords set size:undefined disposed:false
5988 http fetch GET 200 https://registry.npmjs.org/@babel/helpers/-/helpers-7.29.2.tgz 76930ms (cache miss)
5989 http fetch GET 200 https://registry.npmjs.org/ajv-formats 835ms (cache miss)
5990 silly packumentCache corgi:https://registry.npmjs.org/ajv-formats set size:undefined disposed:false
5991 http fetch GET 200 https://registry.npmjs.org/schema-utils 870ms (cache miss)
5992 silly packumentCache corgi:https://registry.npmjs.org/schema-utils set size:undefined disposed:false
5993 silly packumentCache corgi:https://registry.npmjs.org/@vitejs%2fplugin-basic-ssl cache-miss
5994 http fetch GET 200 https://registry.npmjs.org/@vitejs%2fplugin-basic-ssl 711ms (cache miss)
5995 silly packumentCache corgi:https://registry.npmjs.org/@vitejs%2fplugin-basic-ssl set size:undefined disposed:false
5996 silly packumentCache corgi:https://registry.npmjs.org/external-editor cache-miss
5997 http fetch GET 200 https://registry.npmjs.org/external-editor 359ms (cache miss)
5998 silly packumentCache corgi:https://registry.npmjs.org/external-editor set size:undefined disposed:false
5999 silly packumentCache corgi:https://registry.npmjs.org/pacote cache-miss
6000 silly packumentCache corgi:https://registry.npmjs.org/cacache cache-miss
6001 silly packumentCache corgi:https://registry.npmjs.org/node-gyp cache-miss
6002 http fetch GET 200 https://registry.npmjs.org/@angular-devkit/build-angular/-/build-angular-18.2.21.tgz 79793ms (cache miss)
6003 http fetch GET 200 https://registry.npmjs.org/cacache 512ms (cache miss)
6004 silly packumentCache corgi:https://registry.npmjs.org/cacache set size:undefined disposed:false
6005 http fetch GET 200 https://registry.npmjs.org/node-gyp 561ms (cache miss)
6006 silly packumentCache corgi:https://registry.npmjs.org/node-gyp set size:undefined disposed:false
6007 http fetch GET 200 https://registry.npmjs.org/pacote 782ms (cache miss)
6008 silly packumentCache corgi:https://registry.npmjs.org/pacote set size:undefined disposed:false
6009 silly packumentCache corgi:https://registry.npmjs.org/sockjs cache-miss
6010 http fetch GET 200 https://registry.npmjs.org/@angular/build/-/build-18.2.21.tgz 80800ms (cache miss)
6011 http fetch GET 200 https://registry.npmjs.org/sockjs 374ms (cache miss)
6012 silly packumentCache corgi:https://registry.npmjs.org/sockjs set size:undefined disposed:false
6013 silly packumentCache corgi:https://registry.npmjs.org/@angular%2fcli cache-miss
6014 silly packumentCache corgi:https://registry.npmjs.org/@angular-devkit%2farchitect cache-miss
6015 silly packumentCache corgi:https://registry.npmjs.org/@angular-devkit%2fschematics cache-miss
6016 silly packumentCache corgi:https://registry.npmjs.org/@schematics%2fangular cache-miss
6017 http fetch GET 200 https://registry.npmjs.org/@angular/compiler/-/compiler-18.2.14.tgz 104891ms (cache miss)
6018 http fetch GET 200 https://registry.npmjs.org/@angular-devkit%2farchitect 11252ms (cache miss)
6019 silly packumentCache corgi:https://registry.npmjs.org/@angular-devkit%2farchitect set size:undefined disposed:false
6020 http fetch GET 200 https://registry.npmjs.org/@schematics%2fangular 11589ms (cache miss)
6021 silly packumentCache corgi:https://registry.npmjs.org/@schematics%2fangular set size:undefined disposed:false
6022 http fetch GET 200 https://registry.npmjs.org/@angular-devkit%2fschematics 11864ms (cache miss)
6023 silly packumentCache corgi:https://registry.npmjs.org/@angular-devkit%2fschematics set size:undefined disposed:false
6024 http fetch GET 200 https://registry.npmjs.org/@angular%2fcli 12325ms (cache miss)
6025 silly packumentCache corgi:https://registry.npmjs.org/@angular%2fcli set size:undefined disposed:false
6026 silly packumentCache corgi:https://registry.npmjs.org/@inquirer%2feditor cache-miss
6027 http fetch GET 200 https://registry.npmjs.org/@inquirer%2feditor 554ms (cache miss)
6028 silly packumentCache corgi:https://registry.npmjs.org/@inquirer%2feditor set size:undefined disposed:false
6029 silly packumentCache corgi:https://registry.npmjs.org/make-fetch-happen cache-miss
6030 http fetch GET 200 https://registry.npmjs.org/less/-/less-4.2.0.tgz 108532ms (cache miss)
6031 http fetch GET 200 https://registry.npmjs.org/make-fetch-happen 1367ms (cache miss)
6032 silly packumentCache corgi:https://registry.npmjs.org/make-fetch-happen set size:undefined disposed:false
6033 silly packumentCache corgi:https://registry.npmjs.org/@npmcli%2frun-script cache-miss
6034 http fetch GET 200 https://registry.npmjs.org/@schematics/angular/-/angular-18.2.21.tgz 110710ms (cache miss)
6035 http fetch GET 200 https://registry.npmjs.org/@npmcli%2frun-script 906ms (cache miss)
6036 silly packumentCache corgi:https://registry.npmjs.org/@npmcli%2frun-script set size:undefined disposed:false
6037 http fetch GET 200 https://registry.npmjs.org/regenerate-unicode-properties/-/regenerate-unicode-properties-10.2.2.tgz 112174ms (cache miss)
6038 silly packumentCache corgi:https://registry.npmjs.org/@inquirer%2fprompts cache-miss
6039 http fetch GET 200 https://registry.npmjs.org/@inquirer%2fprompts 641ms (cache miss)
6040 silly packumentCache corgi:https://registry.npmjs.org/@inquirer%2fprompts set size:undefined disposed:false
6041 silly packumentCache corgi:https://registry.npmjs.org/npm-registry-fetch cache-miss
6042 silly packumentCache corgi:https://registry.npmjs.org/@sigstore%2fsign cache-miss
6043 silly packumentCache corgi:https://registry.npmjs.org/tuf-js cache-miss
6044 http fetch GET 200 https://registry.npmjs.org/typescript/-/typescript-5.5.4.tgz 135700ms (cache miss)
6045 http fetch GET 200 https://registry.npmjs.org/@sigstore%2fsign 813ms (cache miss)
6046 silly packumentCache corgi:https://registry.npmjs.org/@sigstore%2fsign set size:undefined disposed:false
6047 http fetch GET 200 https://registry.npmjs.org/tuf-js 850ms (cache miss)
6048 silly packumentCache corgi:https://registry.npmjs.org/tuf-js set size:undefined disposed:false
6049 http fetch GET 200 https://registry.npmjs.org/npm-registry-fetch 995ms (cache miss)
6050 silly packumentCache corgi:https://registry.npmjs.org/npm-registry-fetch set size:undefined disposed:false
6051 http fetch GET 200 https://registry.npmjs.org/ajv/-/ajv-8.17.1.tgz 136588ms (cache miss)
6052 silly packumentCache corgi:https://registry.npmjs.org/@listr2%2fprompt-adapter-inquirer cache-miss
6053 http fetch GET 200 https://registry.npmjs.org/@listr2%2fprompt-adapter-inquirer 631ms (cache miss)
6054 silly packumentCache corgi:https://registry.npmjs.org/@listr2%2fprompt-adapter-inquirer set size:undefined disposed:false
6055 http fetch GET 200 https://registry.npmjs.org/@jsonjoy.com/json-pack/-/json-pack-1.21.0.tgz 141855ms (cache miss)
6056 silly packumentCache corgi:https://registry.npmjs.org/sigstore cache-miss
6057 http fetch GET 200 https://registry.npmjs.org/sigstore 289ms (cache miss)
6058 silly packumentCache corgi:https://registry.npmjs.org/sigstore set size:undefined disposed:false
6059 silly packumentCache corgi:https://registry.npmjs.org/@sigstore%2ftuf cache-miss
6060 http fetch GET 200 https://registry.npmjs.org/@jsonjoy.com/json-pack/-/json-pack-17.67.0.tgz 141848ms (cache miss)
6061 http fetch GET 200 https://registry.npmjs.org/@angular/compiler-cli/-/compiler-cli-18.2.14.tgz 141998ms (cache miss)
6062 http fetch GET 200 https://registry.npmjs.org/@sigstore%2ftuf 260ms (cache miss)
6063 silly packumentCache corgi:https://registry.npmjs.org/@sigstore%2ftuf set size:undefined disposed:false
6064 http fetch GET 200 https://registry.npmjs.org/webpack/-/webpack-5.94.0.tgz 149993ms (cache miss)
6065 http fetch GET 200 https://registry.npmjs.org/@angular/core/-/core-18.2.14.tgz 151738ms (cache miss)
6066 http fetch GET 200 https://registry.npmjs.org/caniuse-lite/-/caniuse-lite-1.0.30001790.tgz 152162ms (cache miss)
6067 http fetch GET 200 https://registry.npmjs.org/rxjs/-/rxjs-7.8.2.tgz 191659ms (cache miss)
6068 http fetch GET 200 https://registry.npmjs.org/rxjs/-/rxjs-7.8.1.tgz 191580ms (cache miss)
6069 http fetch GET 200 https://registry.npmjs.org/rxjs/-/rxjs-7.8.1.tgz 191642ms (cache miss)
6070 http fetch GET 200 https://registry.npmjs.org/rxjs/-/rxjs-7.8.1.tgz 191612ms (cache miss)
6071 http fetch GET 200 https://registry.npmjs.org/rxjs/-/rxjs-7.8.1.tgz 191468ms (cache miss)
6072 http fetch GET 200 https://registry.npmjs.org/rxjs/-/rxjs-7.8.1.tgz 191649ms (cache miss)
6073 http fetch GET 200 https://registry.npmjs.org/@angular/common/-/common-18.2.14.tgz 195724ms (cache miss)
6074 info run lmdb@3.0.13 install node_modules/lmdb node-gyp-build-optional-packages
6075 info run msgpackr-extract@3.0.3 install node_modules/msgpackr-extract node-gyp-build-optional-packages
6076 info run msgpackr-extract@3.0.3 install { code: 0, signal: null }
6077 info run lmdb@3.0.13 install { code: 0, signal: null }
6078 info run esbuild@0.23.0 postinstall node_modules/esbuild node install.js
6079 info run esbuild@0.21.5 postinstall node_modules/vite/node_modules/esbuild node install.js
6080 info run esbuild@0.23.0 postinstall { code: 0, signal: null }
6081 info run esbuild@0.21.5 postinstall { code: 0, signal: null }
6082 silly ADD node_modules/punycode
6083 silly ADD node_modules/uri-js
6084 silly ADD node_modules/fast-json-stable-stringify
6085 silly ADD node_modules/is-plain-obj
6086 silly ADD node_modules/binary-extensions
6087 silly ADD node_modules/is-binary-path
6088 silly ADD node_modules/anymatch
6089 silly ADD node_modules/anymatch/node_modules/picomatch
6090 silly ADD node_modules/mimic-fn
6091 silly ADD node_modules/environment
6092 silly ADD node_modules/process-nextick-args
6093 silly ADD node_modules/isarray
6094 silly ADD node_modules/core-util-is
6095 silly ADD node_modules/isobject
6096 silly ADD node_modules/emojis-list
6097 silly ADD node_modules/big.js
6098 silly ADD node_modules/@types/mime
6099 silly ADD node_modules/eastasianwidth
6100 silly ADD node_modules/yargs-parser
6101 silly ADD node_modules/y18n
6102 silly ADD node_modules/require-directory
6103 silly ADD node_modules/get-caller-file
6104 silly ADD node_modules/cliui
6105 silly ADD node_modules/cliui/node_modules/is-fullwidth-code-point
6106 silly ADD node_modules/cliui/node_modules/emoji-regex
6107 silly ADD node_modules/cliui/node_modules/wrap-ansi
6108 silly ADD node_modules/cliui/node_modules/string-width
6109 silly ADD node_modules/isexe
6110 silly ADD node_modules/websocket-extensions
6111 silly ADD node_modules/http-parser-js
6112 silly ADD node_modules/typed-assert
6113 silly ADD node_modules/shallow-clone
6114 silly ADD node_modules/kind-of
6115 silly ADD node_modules/wildcard
6116 silly ADD node_modules/flat
6117 silly ADD node_modules/clone-deep
6118 silly ADD node_modules/clone-deep/node_modules/is-plain-object
6119 silly ADD node_modules/minimalistic-assert
6120 silly ADD node_modules/media-typer
6121 silly ADD node_modules/wbuf
6122 silly ADD node_modules/obuf
6123 silly ADD node_modules/hpack.js
6124 silly ADD node_modules/hpack.js/node_modules/string_decoder
6125 silly ADD node_modules/hpack.js/node_modules/safe-buffer
6126 silly ADD node_modules/hpack.js/node_modules/readable-stream
6127 silly ADD node_modules/detect-node
6128 silly ADD node_modules/spdy-transport
6129 silly ADD node_modules/select-hose
6130 silly ADD node_modules/http-deceiver
6131 silly ADD node_modules/handle-thing
6132 silly ADD node_modules/uuid
6133 silly ADD node_modules/dunder-proto
6134 silly ADD node_modules/math-intrinsics
6135 silly ADD node_modules/has-symbols
6136 silly ADD node_modules/gopd
6137 silly ADD node_modules/get-proto
6138 silly ADD node_modules/es-object-atoms
6139 silly ADD node_modules/es-define-property
6140 silly ADD node_modules/call-bind-apply-helpers
6141 silly ADD node_modules/get-intrinsic
6142 silly ADD node_modules/call-bound
6143 silly ADD node_modules/side-channel-weakmap
6144 silly ADD node_modules/side-channel-map
6145 silly ADD node_modules/side-channel-list
6146 silly ADD node_modules/object-inspect
6147 silly ADD node_modules/es-errors
6148 silly ADD node_modules/batch
6149 silly ADD node_modules/node-forge
6150 silly ADD node_modules/@types/node-forge
6151 silly ADD node_modules/side-channel
6152 silly ADD node_modules/forwarded
6153 silly ADD node_modules/is-network-error
6154 silly ADD node_modules/@types/retry
6155 silly ADD node_modules/@leichtgewicht/ip-codec
6156 silly ADD node_modules/thunky
6157 silly ADD node_modules/dns-packet
6158 silly ADD node_modules/shell-quote
6159 silly ADD node_modules/toidentifier
6160 silly ADD node_modules/unpipe
6161 silly ADD node_modules/raw-body
6162 silly ADD node_modules/destroy
6163 silly ADD node_modules/utils-merge
6164 silly ADD node_modules/type-is
6165 silly ADD node_modules/statuses
6166 silly ADD node_modules/setprototypeof
6167 silly ADD node_modules/serve-static
6168 silly ADD node_modules/send
6169 silly ADD node_modules/send/node_modules/debug
6170 silly ADD node_modules/send/node_modules/debug/node_modules/ms
6171 silly ADD node_modules/qs
6172 silly ADD node_modules/proxy-addr
6173 silly ADD node_modules/proxy-addr/node_modules/ipaddr.js
6174 silly ADD node_modules/path-to-regexp
6175 silly ADD node_modules/parseurl
6176 silly ADD node_modules/methods
6177 silly ADD node_modules/merge-descriptors
6178 silly ADD node_modules/http-errors
6179 silly ADD node_modules/fresh
6180 silly ADD node_modules/finalhandler
6181 silly ADD node_modules/finalhandler/node_modules/ms
6182 silly ADD node_modules/finalhandler/node_modules/debug
6183 silly ADD node_modules/etag
6184 silly ADD node_modules/escape-html
6185 silly ADD node_modules/encodeurl
6186 silly ADD node_modules/depd
6187 silly ADD node_modules/cookie-signature
6188 silly ADD node_modules/cookie
6189 silly ADD node_modules/content-type
6190 silly ADD node_modules/content-disposition
6191 silly ADD node_modules/body-parser
6192 silly ADD node_modules/body-parser/node_modules/ms
6193 silly ADD node_modules/body-parser/node_modules/debug
6194 silly ADD node_modules/array-flatten
6195 silly ADD node_modules/accepts
6196 silly ADD node_modules/accepts/node_modules/negotiator
6197 silly ADD node_modules/vary
6198 silly ADD node_modules/on-headers
6199 silly ADD node_modules/compressible
6200 silly ADD node_modules/bytes
6201 silly ADD node_modules/multicast-dns
6202 silly ADD node_modules/@types/http-errors
6203 silly ADD node_modules/@types/send
6204 silly ADD node_modules/@types/range-parser
6205 silly ADD node_modules/@types/connect
6206 silly ADD node_modules/@types/qs
6207 silly ADD node_modules/@types/body-parser
6208 silly ADD node_modules/ws
6209 silly ADD node_modules/spdy
6210 silly ADD node_modules/sockjs
6211 silly ADD node_modules/serve-index
6212 silly ADD node_modules/serve-index/node_modules/statuses
6213 silly ADD node_modules/serve-index/node_modules/depd
6214 silly ADD node_modules/serve-index/node_modules/ms
6215 silly ADD node_modules/serve-index/node_modules/http-errors
6216 silly ADD node_modules/serve-index/node_modules/debug
6217 silly ADD node_modules/selfsigned
6218 silly ADD node_modules/p-retry
6219 silly ADD node_modules/p-retry/node_modules/retry
6220 silly ADD node_modules/launch-editor
6221 silly ADD node_modules/ipaddr.js
6222 silly ADD node_modules/express
6223 silly ADD node_modules/express/node_modules/ms
6224 silly ADD node_modules/express/node_modules/debug
6225 silly ADD node_modules/connect-history-api-fallback
6226 silly ADD node_modules/compression
6227 silly ADD node_modules/compression/node_modules/ms
6228 silly ADD node_modules/compression/node_modules/debug
6229 silly ADD node_modules/bonjour-service
6230 silly ADD node_modules/ansi-html-community
6231 silly ADD node_modules/@types/ws
6232 silly ADD node_modules/@types/sockjs
6233 silly ADD node_modules/@types/serve-static
6234 silly ADD node_modules/@types/serve-static/node_modules/@types/send
6235 silly ADD node_modules/@types/serve-index
6236 silly ADD node_modules/@types/express-serve-static-core
6237 silly ADD node_modules/@types/express
6238 silly ADD node_modules/@types/connect-history-api-fallback
6239 silly ADD node_modules/@types/bonjour
6240 silly ADD node_modules/ee-first
6241 silly ADD node_modules/hyperdyperid
6242 silly ADD node_modules/@jsonjoy.com/json-pointer
6243 silly ADD node_modules/@jsonjoy.com/codegen
6244 silly ADD node_modules/@jsonjoy.com/base64
6245 silly ADD node_modules/@jsonjoy.com/buffers
6246 silly ADD node_modules/tree-dump
6247 silly ADD node_modules/thingies
6248 silly ADD node_modules/glob-to-regex.js
6249 silly ADD node_modules/@jsonjoy.com/util
6250 silly ADD node_modules/@jsonjoy.com/util/node_modules/@jsonjoy.com/buffers
6251 silly ADD node_modules/@jsonjoy.com/json-pack
6252 silly ADD node_modules/@jsonjoy.com/json-pack/node_modules/@jsonjoy.com/buffers
6253 silly ADD node_modules/@jsonjoy.com/fs-snapshot
6254 silly ADD node_modules/@jsonjoy.com/fs-snapshot/node_modules/@jsonjoy.com/json-pointer
6255 silly ADD node_modules/@jsonjoy.com/fs-snapshot/node_modules/@jsonjoy.com/codegen
6256 silly ADD node_modules/@jsonjoy.com/fs-snapshot/node_modules/@jsonjoy.com/base64
6257 silly ADD node_modules/@jsonjoy.com/fs-snapshot/node_modules/@jsonjoy.com/util
6258 silly ADD node_modules/@jsonjoy.com/fs-snapshot/node_modules/@jsonjoy.com/json-pack
6259 silly ADD node_modules/@jsonjoy.com/fs-print
6260 silly ADD node_modules/@jsonjoy.com/fs-node-utils
6261 silly ADD node_modules/@jsonjoy.com/fs-node-to-fsa
6262 silly ADD node_modules/@jsonjoy.com/fs-node-builtins
6263 silly ADD node_modules/@jsonjoy.com/fs-node
6264 silly ADD node_modules/@jsonjoy.com/fs-fsa
6265 silly ADD node_modules/@jsonjoy.com/fs-core
6266 silly ADD node_modules/range-parser
6267 silly ADD node_modules/on-finished
6268 silly ADD node_modules/memfs
6269 silly ADD node_modules/merge-stream
6270 silly ADD node_modules/jest-worker
6271 silly ADD node_modules/jest-worker/node_modules/supports-color
6272 silly ADD node_modules/mime-db
6273 silly ADD node_modules/estraverse
6274 silly ADD node_modules/esrecurse
6275 silly ADD node_modules/esrecurse/node_modules/estraverse
6276 silly ADD node_modules/@xtuc/ieee754
6277 silly ADD node_modules/@webassemblyjs/utf8
6278 silly ADD node_modules/@webassemblyjs/leb128
6279 silly ADD node_modules/@webassemblyjs/ieee754
6280 silly ADD node_modules/@webassemblyjs/wast-printer
6281 silly ADD node_modules/@webassemblyjs/wasm-opt
6282 silly ADD node_modules/@webassemblyjs/wasm-gen
6283 silly ADD node_modules/@webassemblyjs/helper-wasm-section
6284 silly ADD node_modules/@webassemblyjs/helper-buffer
6285 silly ADD node_modules/@xtuc/long
6286 silly ADD node_modules/@webassemblyjs/helper-api-error
6287 silly ADD node_modules/@webassemblyjs/floating-point-hex-parser
6288 silly ADD node_modules/@webassemblyjs/helper-wasm-bytecode
6289 silly ADD node_modules/@webassemblyjs/helper-numbers
6290 silly ADD node_modules/terser-webpack-plugin
6291 silly ADD node_modules/mime-types
6292 silly ADD node_modules/loader-runner
6293 silly ADD node_modules/events
6294 silly ADD node_modules/eslint-scope
6295 silly ADD node_modules/es-module-lexer
6296 silly ADD node_modules/enhanced-resolve
6297 silly ADD node_modules/chrome-trace-event
6298 silly ADD node_modules/acorn-import-attributes
6299 silly ADD node_modules/@webassemblyjs/wasm-parser
6300 silly ADD node_modules/@webassemblyjs/wasm-edit
6301 silly ADD node_modules/@webassemblyjs/ast
6302 silly ADD node_modules/clone
6303 silly ADD node_modules/defaults
6304 silly ADD node_modules/glob-to-regexp
6305 silly ADD node_modules/spdx-exceptions
6306 silly ADD node_modules/spdx-license-ids
6307 silly ADD node_modules/spdx-expression-parse
6308 silly ADD node_modules/spdx-correct
6309 silly ADD node_modules/querystringify
6310 silly ADD node_modules/escalade
6311 silly ADD node_modules/imurmurhash
6312 silly ADD node_modules/unique-slug
6313 silly ADD node_modules/unicode-property-aliases-ecmascript
6314 silly ADD node_modules/unicode-canonical-property-names-ecmascript
6315 silly ADD node_modules/@tufjs/canonical-json
6316 silly ADD node_modules/@tufjs/models
6317 silly ADD node_modules/is-number
6318 silly ADD node_modules/os-tmpdir
6319 silly ADD node_modules/commander
6320 silly ADD node_modules/acorn
6321 silly ADD node_modules/@jridgewell/source-map
6322 silly ADD node_modules/mkdirp
6323 silly ADD node_modules/chownr
6324 silly ADD node_modules/has-flag
6325 silly ADD node_modules/ansi-regex
6326 silly ADD node_modules/get-east-asian-width
6327 silly ADD node_modules/emoji-regex
6328 silly ADD node_modules/buffer-from
6329 silly ADD node_modules/smart-buffer
6330 silly ADD node_modules/ip-address
6331 silly ADD node_modules/socks
6332 silly ADD node_modules/websocket-driver
6333 silly ADD node_modules/url-parse
6334 silly ADD node_modules/faye-websocket
6335 silly ADD node_modules/eventsource
6336 silly ADD node_modules/is-fullwidth-code-point
6337 silly ADD node_modules/tuf-js
6338 silly ADD node_modules/@sigstore/verify
6339 silly ADD node_modules/@sigstore/tuf
6340 silly ADD node_modules/@sigstore/sign
6341 silly ADD node_modules/@sigstore/protobuf-specs
6342 silly ADD node_modules/@sigstore/core
6343 silly ADD node_modules/@sigstore/bundle
6344 silly ADD node_modules/shebang-regex
6345 silly ADD node_modules/safe-buffer
6346 silly ADD node_modules/randombytes
6347 silly ADD node_modules/ajv-keywords
6348 silly ADD node_modules/@types/json-schema
6349 silly ADD node_modules/neo-async
6350 silly ADD node_modules/immutable
6351 silly ADD node_modules/queue-microtask
6352 silly ADD
6353 silly ADD node_modules/@types/estree
6354 silly ADD node_modules/@rollup/rollup-win32-x64-msvc
6355 silly ADD
6356 silly ADD
6357 silly ADD
6358 silly ADD
6359 silly ADD
6360 silly ADD
6361 silly ADD
6362 silly ADD
6363 silly ADD
6364 silly ADD
6365 silly ADD
6366 silly ADD
6367 silly ADD
6368 silly ADD
6369 silly ADD
6370 silly ADD node_modules/mimic-function
6371 silly ADD node_modules/onetime
6372 silly ADD node_modules/regex-parser
6373 silly ADD node_modules/adjust-sourcemap-loader
6374 silly ADD node_modules/adjust-sourcemap-loader/node_modules/loader-utils
6375 silly ADD node_modules/function-bind
6376 silly ADD node_modules/hasown
6377 silly ADD node_modules/supports-preserve-symlinks-flag
6378 silly ADD node_modules/path-parse
6379 silly ADD node_modules/is-core-module
6380 silly ADD node_modules/unicode-match-property-value-ecmascript
6381 silly ADD node_modules/unicode-match-property-ecmascript
6382 silly ADD node_modules/regjsparser
6383 silly ADD node_modules/regjsgen
6384 silly ADD node_modules/regenerate-unicode-properties
6385 silly ADD node_modules/regenerate
6386 silly ADD node_modules/string_decoder
6387 silly ADD node_modules/retry
6388 silly ADD node_modules/err-code
6389 silly ADD node_modules/util-deprecate
6390 silly ADD node_modules/cssesc
6391 silly ADD node_modules/postcss-selector-parser
6392 silly ADD node_modules/is-arrayish
6393 silly ADD node_modules/lines-and-columns
6394 silly ADD node_modules/error-ex
6395 silly ADD node_modules/callsites
6396 silly ADD node_modules/argparse
6397 silly ADD node_modules/resolve-from
6398 silly ADD node_modules/parent-module
6399 silly ADD node_modules/parse-json
6400 silly ADD node_modules/parse-json/node_modules/json-parse-even-better-errors
6401 silly ADD node_modules/js-yaml
6402 silly ADD node_modules/import-fresh
6403 silly ADD node_modules/jiti
6404 silly ADD node_modules/cosmiconfig
6405 silly ADD node_modules/source-map-js
6406 silly ADD node_modules/nanoid
6407 silly ADD node_modules/yocto-queue
6408 silly ADD node_modules/p-limit
6409 silly ADD node_modules/p-locate
6410 silly ADD node_modules/path-exists
6411 silly ADD node_modules/locate-path
6412 silly ADD node_modules/find-up
6413 silly ADD
6414 silly ADD
6415 silly ADD node_modules/node-addon-api
6416 silly ADD node_modules/parse5-sax-parser
6417 silly ADD node_modules/parse5
6418 silly ADD node_modules/parse5/node_modules/entities
6419 silly ADD node_modules/indent-string
6420 silly ADD node_modules/clean-stack
6421 silly ADD node_modules/aggregate-error
6422 silly ADD node_modules/jsonparse
6423 silly ADD node_modules/@npmcli/redact
6424 silly ADD node_modules/ignore-walk
6425 silly ADD node_modules/validate-npm-package-license
6426 silly ADD node_modules/abbrev
6427 silly ADD node_modules/minizlib
6428 silly ADD node_modules/minizlib/node_modules/yallist
6429 silly ADD node_modules/minizlib/node_modules/minipass
6430 silly ADD node_modules/minipass-sized
6431 silly ADD node_modules/minipass-sized/node_modules/yallist
6432 silly ADD node_modules/minipass-sized/node_modules/minipass
6433 silly ADD node_modules/encoding
6434 silly ADD node_modules/encoding/node_modules/iconv-lite
6435 silly ADD node_modules/socks-proxy-agent
6436 silly ADD node_modules/http-proxy-agent
6437 silly ADD node_modules/negotiator
6438 silly ADD node_modules/minipass-fetch
6439 silly ADD node_modules/is-lambda
6440 silly ADD node_modules/http-cache-semantics
6441 silly ADD node_modules/@npmcli/agent
6442 silly ADD node_modules/@npmcli/agent/node_modules/lru-cache
6443 silly ADD node_modules/nopt
6444 silly ADD node_modules/make-fetch-happen
6445 silly ADD node_modules/exponential-backoff
6446 silly ADD node_modules/env-paths
6447 silly ADD node_modules/balanced-match
6448 silly ADD node_modules/brace-expansion
6449 silly ADD node_modules/wrap-ansi-cjs
6450 silly ADD node_modules/wrap-ansi-cjs/node_modules/is-fullwidth-code-point
6451 silly ADD node_modules/wrap-ansi-cjs/node_modules/emoji-regex
6452 silly ADD node_modules/wrap-ansi-cjs/node_modules/string-width
6453 silly ADD node_modules/strip-ansi-cjs
6454 silly ADD node_modules/string-width-cjs
6455 silly ADD node_modules/string-width-cjs/node_modules/is-fullwidth-code-point
6456 silly ADD node_modules/string-width-cjs/node_modules/emoji-regex
6457 silly ADD node_modules/@pkgjs/parseargs
6458 silly ADD node_modules/@isaacs/cliui
6459 silly ADD node_modules/@isaacs/cliui/node_modules/ansi-styles
6460 silly ADD node_modules/@isaacs/cliui/node_modules/ansi-regex
6461 silly ADD node_modules/@isaacs/cliui/node_modules/emoji-regex
6462 silly ADD node_modules/@isaacs/cliui/node_modules/wrap-ansi
6463 silly ADD node_modules/@isaacs/cliui/node_modules/strip-ansi
6464 silly ADD node_modules/@isaacs/cliui/node_modules/string-width
6465 silly ADD node_modules/shebang-command
6466 silly ADD node_modules/path-key
6467 silly ADD node_modules/cross-spawn
6468 silly ADD node_modules/cross-spawn/node_modules/isexe
6469 silly ADD node_modules/cross-spawn/node_modules/which
6470 silly ADD node_modules/path-scurry
6471 silly ADD node_modules/path-scurry/node_modules/lru-cache
6472 silly ADD node_modules/package-json-from-dist
6473 silly ADD node_modules/minimatch
6474 silly ADD node_modules/jackspeak
6475 silly ADD node_modules/foreground-child
6476 silly ADD node_modules/unique-filename
6477 silly ADD node_modules/p-map
6478 silly ADD node_modules/minipass-pipeline
6479 silly ADD node_modules/minipass-pipeline/node_modules/yallist
6480 silly ADD node_modules/minipass-pipeline/node_modules/minipass
6481 silly ADD node_modules/minipass-flush
6482 silly ADD node_modules/minipass-flush/node_modules/yallist
6483 silly ADD node_modules/minipass-flush/node_modules/minipass
6484 silly ADD node_modules/minipass-collect
6485 silly ADD node_modules/@npmcli/fs
6486 silly ADD node_modules/node-gyp
6487 silly ADD node_modules/@npmcli/node-gyp
6488 silly ADD node_modules/normalize-package-data
6489 silly ADD node_modules/json-parse-even-better-errors
6490 silly ADD node_modules/glob
6491 silly ADD node_modules/npm-bundled
6492 silly ADD node_modules/which
6493 silly ADD node_modules/promise-inflight
6494 silly ADD node_modules/tar
6495 silly ADD node_modules/tar/node_modules/yallist
6496 silly ADD node_modules/tar/node_modules/minipass
6497 silly ADD node_modules/tar/node_modules/fs-minipass
6498 silly ADD node_modules/tar/node_modules/fs-minipass/node_modules/minipass
6499 silly ADD node_modules/ssri
6500 silly ADD node_modules/sigstore
6501 silly ADD node_modules/promise-retry
6502 silly ADD node_modules/npm-registry-fetch
6503 silly ADD node_modules/npm-packlist
6504 silly ADD node_modules/minipass
6505 silly ADD node_modules/fs-minipass
6506 silly ADD node_modules/cacache
6507 silly ADD node_modules/cacache/node_modules/lru-cache
6508 silly ADD node_modules/@npmcli/run-script
6509 silly ADD node_modules/@npmcli/promise-spawn
6510 silly ADD node_modules/@npmcli/package-json
6511 silly ADD node_modules/@npmcli/installed-package-contents
6512 silly ADD node_modules/@npmcli/git
6513 silly ADD node_modules/@npmcli/git/node_modules/lru-cache
6514 silly ADD node_modules/ieee754
6515 silly ADD node_modules/base64-js
6516 silly ADD node_modules/readable-stream
6517 silly ADD node_modules/inherits
6518 silly ADD node_modules/buffer
6519 silly ADD node_modules/wcwidth
6520 silly ADD node_modules/log-symbols
6521 silly ADD node_modules/is-unicode-supported
6522 silly ADD node_modules/is-interactive
6523 silly ADD node_modules/cli-spinners
6524 silly ADD node_modules/bl
6525 silly ADD node_modules/is-docker
6526 silly ADD node_modules/run-applescript
6527 silly ADD node_modules/default-browser-id
6528 silly ADD node_modules/bundle-name
6529 silly ADD node_modules/is-wsl
6530 silly ADD node_modules/is-inside-container
6531 silly ADD node_modules/define-lazy-prop
6532 silly ADD node_modules/default-browser
6533 silly ADD node_modules/npm-normalize-package-bin
6534 silly ADD node_modules/npm-install-checks
6535 silly ADD node_modules/validate-npm-package-name
6536 silly ADD node_modules/proc-log
6537 silly ADD node_modules/hosted-git-info
6538 silly ADD node_modules/hosted-git-info/node_modules/lru-cache
6539 silly ADD node_modules/detect-libc
6540 silly ADD node_modules/sax
6541 silly ADD node_modules/@msgpackr-extract/msgpackr-extract-win32-x64
6542 silly ADD
6543 silly ADD
6544 silly ADD
6545 silly ADD
6546 silly ADD
6547 silly ADD node_modules/msgpackr-extract
6548 silly ADD node_modules/tapable
6549 silly ADD node_modules/to-regex-range
6550 silly ADD node_modules/fill-range
6551 silly ADD node_modules/braces
6552 silly ADD node_modules/pify
6553 silly ADD node_modules/yallist
6554 silly ADD node_modules/restore-cursor
6555 silly ADD node_modules/cli-cursor
6556 silly ADD node_modules/weak-lru-cache
6557 silly ADD node_modules/ordered-binary
6558 silly ADD node_modules/node-gyp-build-optional-packages
6559 silly ADD node_modules/node-addon-api
6560 silly ADD node_modules/msgpackr
6561 silly ADD node_modules/@lmdb/lmdb-win32-x64
6562 silly ADD
6563 silly ADD
6564 silly ADD
6565 silly ADD
6566 silly ADD
6567 silly ADD node_modules/string-width
6568 silly ADD node_modules/string-width/node_modules/ansi-regex
6569 silly ADD node_modules/string-width/node_modules/strip-ansi
6570 silly ADD node_modules/slice-ansi
6571 silly ADD node_modules/slice-ansi/node_modules/ansi-styles
6572 silly ADD node_modules/rfdc
6573 silly ADD node_modules/log-update
6574 silly ADD node_modules/log-update/node_modules/ansi-regex
6575 silly ADD node_modules/log-update/node_modules/is-fullwidth-code-point
6576 silly ADD node_modules/log-update/node_modules/ansi-styles
6577 silly ADD node_modules/log-update/node_modules/wrap-ansi
6578 silly ADD node_modules/log-update/node_modules/strip-ansi
6579 silly ADD node_modules/log-update/node_modules/slice-ansi
6580 silly ADD node_modules/log-update/node_modules/ansi-escapes
6581 silly ADD node_modules/colorette
6582 silly ADD node_modules/cli-truncate
6583 silly ADD node_modules/webpack-sources
6584 silly ADD node_modules/prr
6585 silly ADD node_modules/is-what
6586 silly ADD node_modules/parse-node-version
6587 silly ADD node_modules/needle
6588 silly ADD node_modules/needle/node_modules/iconv-lite
6589 silly ADD node_modules/mime
6590 silly ADD node_modules/make-dir
6591 silly ADD node_modules/make-dir/node_modules/semver
6592 silly ADD node_modules/image-size
6593 silly ADD node_modules/graceful-fs
6594 silly ADD node_modules/errno
6595 silly ADD node_modules/copy-anything
6596 silly ADD node_modules/istanbul-lib-coverage
6597 silly ADD node_modules/@istanbuljs/schema
6598 silly ADD node_modules/is-extglob
6599 silly ADD node_modules/safer-buffer
6600 silly ADD node_modules/agent-base
6601 silly ADD node_modules/requires-port
6602 silly ADD node_modules/follow-redirects
6603 silly ADD node_modules/eventemitter3
6604 silly ADD node_modules/is-plain-object
6605 silly ADD node_modules/http-proxy
6606 silly ADD node_modules/@types/http-proxy
6607 silly ADD node_modules/unicorn-magic
6608 silly ADD node_modules/slash
6609 silly ADD node_modules/path-type
6610 silly ADD node_modules/ignore
6611 silly ADD node_modules/@sindresorhus/merge-streams
6612 silly ADD node_modules/is-glob
6613 silly ADD node_modules/pkg-dir
6614 silly ADD node_modules/common-path-prefix
6615 silly ADD node_modules/reusify
6616 silly ADD node_modules/run-parallel
6617 silly ADD node_modules/fastq
6618 silly ADD node_modules/@nodelib/fs.scandir
6619 silly ADD node_modules/micromatch
6620 silly ADD node_modules/micromatch/node_modules/picomatch
6621 silly ADD node_modules/merge2
6622 silly ADD node_modules/@nodelib/fs.walk
6623 silly ADD node_modules/@nodelib/fs.stat
6624 silly ADD node_modules/tmp
6625 silly ADD node_modules/iconv-lite
6626 silly ADD node_modules/chardet
6627 silly ADD node_modules/@esbuild/win32-x64
6628 silly ADD
6629 silly ADD
6630 silly ADD
6631 silly ADD
6632 silly ADD
6633 silly ADD
6634 silly ADD
6635 silly ADD
6636 silly ADD
6637 silly ADD
6638 silly ADD
6639 silly ADD
6640 silly ADD
6641 silly ADD
6642 silly ADD
6643 silly ADD
6644 silly ADD
6645 silly ADD
6646 silly ADD
6647 silly ADD
6648 silly ADD
6649 silly ADD
6650 silly ADD
6651 silly ADD node_modules/entities
6652 silly ADD node_modules/domelementtype
6653 silly ADD node_modules/ms
6654 silly ADD node_modules/nth-check
6655 silly ADD node_modules/domutils
6656 silly ADD node_modules/css-what
6657 silly ADD node_modules/boolbase
6658 silly ADD node_modules/postcss-modules-values
6659 silly ADD node_modules/postcss-modules-scope
6660 silly ADD node_modules/postcss-modules-local-by-default
6661 silly ADD node_modules/postcss-modules-extract-imports
6662 silly ADD node_modules/icss-utils
6663 silly ADD node_modules/color-name
6664 silly ADD node_modules/color-convert
6665 silly ADD node_modules/supports-color
6666 silly ADD node_modules/ansi-styles
6667 silly ADD node_modules/postcss-media-query-parser
6668 silly ADD node_modules/htmlparser2
6669 silly ADD node_modules/domhandler
6670 silly ADD node_modules/dom-serializer
6671 silly ADD node_modules/css-select
6672 silly ADD node_modules/chalk
6673 silly ADD node_modules/serialize-javascript
6674 silly ADD node_modules/normalize-path
6675 silly ADD node_modules/globby
6676 silly ADD node_modules/globby/node_modules/glob-parent
6677 silly ADD node_modules/globby/node_modules/fast-glob
6678 silly ADD node_modules/glob-parent
6679 silly ADD node_modules/readdirp
6680 silly ADD node_modules/update-browserslist-db
6681 silly ADD node_modules/node-releases
6682 silly ADD node_modules/electron-to-chromium
6683 silly ADD node_modules/baseline-browser-mapping
6684 silly ADD node_modules/lodash.debounce
6685 silly ADD node_modules/@babel/helper-define-polyfill-provider
6686 silly ADD node_modules/@babel/helper-define-polyfill-provider/node_modules/resolve
6687 silly ADD node_modules/schema-utils
6688 silly ADD node_modules/schema-utils/node_modules/ajv-formats
6689 silly ADD node_modules/find-cache-dir
6690 silly ADD node_modules/postcss-value-parser
6691 silly ADD node_modules/normalize-range
6692 silly ADD node_modules/fraction.js
6693 silly ADD node_modules/caniuse-lite
6694 silly ADD node_modules/type-fest
6695 silly ADD node_modules/require-from-string
6696 silly ADD node_modules/json-schema-traverse
6697 silly ADD node_modules/fast-uri
6698 silly ADD node_modules/fast-deep-equal
6699 silly ADD node_modules/undici-types
6700 silly ADD node_modules/@jridgewell/resolve-uri
6701 silly ADD node_modules/external-editor
6702 silly ADD node_modules/@inquirer/select
6703 silly ADD node_modules/@inquirer/search
6704 silly ADD node_modules/@inquirer/rawlist
6705 silly ADD node_modules/@inquirer/password
6706 silly ADD node_modules/@inquirer/number
6707 silly ADD node_modules/@inquirer/input
6708 silly ADD node_modules/@inquirer/expand
6709 silly ADD node_modules/@inquirer/editor
6710 silly ADD node_modules/@inquirer/checkbox
6711 silly ADD node_modules/yoctocolors-cjs
6712 silly ADD node_modules/wrap-ansi
6713 silly ADD node_modules/wrap-ansi/node_modules/is-fullwidth-code-point
6714 silly ADD node_modules/wrap-ansi/node_modules/emoji-regex
6715 silly ADD node_modules/wrap-ansi/node_modules/string-width
6716 silly ADD node_modules/strip-ansi
6717 silly ADD node_modules/signal-exit
6718 silly ADD node_modules/mute-stream
6719 silly ADD node_modules/cli-width
6720 silly ADD node_modules/ansi-escapes
6721 silly ADD node_modules/@types/wrap-ansi
6722 silly ADD node_modules/@types/mute-stream
6723 silly ADD node_modules/@inquirer/figures
6724 silly ADD node_modules/@inquirer/type
6725 silly ADD node_modules/@inquirer/core
6726 silly ADD node_modules/@inquirer/core/node_modules/@inquirer/type
6727 silly ADD node_modules/@babel/helper-string-parser
6728 silly ADD node_modules/regenerator-runtime
6729 silly ADD node_modules/esutils
6730 silly ADD node_modules/@babel/helper-globals
6731 silly ADD node_modules/@babel/helper-replace-supers
6732 silly ADD node_modules/@babel/helper-optimise-call-expression
6733 silly ADD node_modules/@babel/helper-member-expression-to-functions
6734 silly ADD node_modules/@babel/helper-create-class-features-plugin
6735 silly ADD node_modules/@babel/helper-create-class-features-plugin/node_modules/semver
6736 silly ADD node_modules/@babel/helper-create-class-features-plugin/node_modules/@babel/helper-annotate-as-pure
6737 silly ADD node_modules/regexpu-core
6738 silly ADD node_modules/@babel/helper-create-regexp-features-plugin
6739 silly ADD node_modules/@babel/helper-create-regexp-features-plugin/node_modules/semver
6740 silly ADD node_modules/@babel/helper-create-regexp-features-plugin/node_modules/@babel/helper-annotate-as-pure
6741 silly ADD node_modules/@babel/helper-skip-transparent-expression-wrappers
6742 silly ADD node_modules/core-js-compat
6743 silly ADD node_modules/@babel/preset-modules
6744 silly ADD node_modules/@babel/plugin-transform-unicode-sets-regex
6745 silly ADD node_modules/@babel/plugin-transform-unicode-regex
6746 silly ADD node_modules/@babel/plugin-transform-unicode-property-regex
6747 silly ADD node_modules/@babel/plugin-transform-unicode-escapes
6748 silly ADD node_modules/@babel/plugin-transform-typeof-symbol
6749 silly ADD node_modules/@babel/plugin-transform-template-literals
6750 silly ADD node_modules/@babel/plugin-transform-sticky-regex
6751 silly ADD node_modules/@babel/plugin-transform-spread
6752 silly ADD node_modules/@babel/plugin-transform-shorthand-properties
6753 silly ADD node_modules/@babel/plugin-transform-reserved-words
6754 silly ADD node_modules/@babel/plugin-transform-regexp-modifiers
6755 silly ADD node_modules/@babel/plugin-transform-regenerator
6756 silly ADD node_modules/@babel/plugin-transform-property-literals
6757 silly ADD node_modules/@babel/plugin-transform-private-property-in-object
6758 silly ADD node_modules/@babel/plugin-transform-private-property-in-object/node_modules/@babel/helper-annotate-as-pure
6759 silly ADD node_modules/@babel/plugin-transform-private-methods
6760 silly ADD node_modules/@babel/plugin-transform-parameters
6761 silly ADD node_modules/@babel/plugin-transform-optional-chaining
6762 silly ADD node_modules/@babel/plugin-transform-optional-catch-binding
6763 silly ADD node_modules/@babel/plugin-transform-object-super
6764 silly ADD node_modules/@babel/plugin-transform-object-rest-spread
6765 silly ADD node_modules/@babel/plugin-transform-numeric-separator
6766 silly ADD node_modules/@babel/plugin-transform-nullish-coalescing-operator
6767 silly ADD node_modules/@babel/plugin-transform-new-target
6768 silly ADD node_modules/@babel/plugin-transform-named-capturing-groups-regex
6769 silly ADD node_modules/@babel/plugin-transform-modules-umd
6770 silly ADD node_modules/@babel/plugin-transform-modules-systemjs
6771 silly ADD node_modules/@babel/plugin-transform-modules-commonjs
6772 silly ADD node_modules/@babel/plugin-transform-modules-amd
6773 silly ADD node_modules/@babel/plugin-transform-member-expression-literals
6774 silly ADD node_modules/@babel/plugin-transform-logical-assignment-operators
6775 silly ADD node_modules/@babel/plugin-transform-literals
6776 silly ADD node_modules/@babel/plugin-transform-json-strings
6777 silly ADD node_modules/@babel/plugin-transform-function-name
6778 silly ADD node_modules/@babel/plugin-transform-for-of
6779 silly ADD node_modules/@babel/plugin-transform-export-namespace-from
6780 silly ADD node_modules/@babel/plugin-transform-exponentiation-operator
6781 silly ADD node_modules/@babel/plugin-transform-dynamic-import
6782 silly ADD node_modules/@babel/plugin-transform-duplicate-named-capturing-groups-regex
6783 silly ADD node_modules/@babel/plugin-transform-duplicate-keys
6784 silly ADD node_modules/@babel/plugin-transform-dotall-regex
6785 silly ADD node_modules/@babel/plugin-transform-destructuring
6786 silly ADD node_modules/@babel/plugin-transform-computed-properties
6787 silly ADD node_modules/@babel/plugin-transform-classes
6788 silly ADD node_modules/@babel/plugin-transform-classes/node_modules/@babel/helper-annotate-as-pure
6789 silly ADD node_modules/@babel/plugin-transform-class-static-block
6790 silly ADD node_modules/@babel/plugin-transform-class-properties
6791 silly ADD node_modules/@babel/plugin-transform-block-scoping
6792 silly ADD node_modules/@babel/plugin-transform-block-scoped-functions
6793 silly ADD node_modules/@babel/plugin-transform-arrow-functions
6794 silly ADD node_modules/@babel/plugin-syntax-unicode-sets-regex
6795 silly ADD node_modules/@babel/plugin-syntax-import-assertions
6796 silly ADD node_modules/@babel/plugin-proposal-private-property-in-object
6797 silly ADD node_modules/@babel/plugin-bugfix-v8-static-class-fields-redefine-readonly
6798 silly ADD node_modules/@babel/plugin-bugfix-v8-spread-parameters-in-optional-chaining
6799 silly ADD node_modules/@babel/plugin-bugfix-safari-id-destructuring-collision-in-function-expression
6800 silly ADD node_modules/@babel/plugin-bugfix-safari-class-field-initializer-scope
6801 silly ADD node_modules/@babel/plugin-bugfix-firefox-class-in-computed-class-key
6802 silly ADD node_modules/babel-plugin-polyfill-regenerator
6803 silly ADD node_modules/babel-plugin-polyfill-corejs3
6804 silly ADD node_modules/babel-plugin-polyfill-corejs2
6805 silly ADD node_modules/babel-plugin-polyfill-corejs2/node_modules/semver
6806 silly ADD node_modules/@babel/helper-wrap-function
6807 silly ADD node_modules/@babel/helper-remap-async-to-generator
6808 silly ADD node_modules/@babel/helper-remap-async-to-generator/node_modules/@babel/helper-annotate-as-pure
6809 silly ADD node_modules/@babel/helper-plugin-utils
6810 silly ADD node_modules/@babel/helper-module-imports
6811 silly ADD node_modules/lru-cache
6812 silly ADD node_modules/@babel/helper-validator-option
6813 silly ADD node_modules/@babel/compat-data
6814 silly ADD node_modules/jsesc
6815 silly ADD node_modules/picocolors
6816 silly ADD node_modules/js-tokens
6817 silly ADD node_modules/@babel/helper-validator-identifier
6818 silly ADD node_modules/json5
6819 silly ADD node_modules/gensync
6820 silly ADD node_modules/debug
6821 silly ADD node_modules/@babel/types
6822 silly ADD node_modules/@babel/traverse
6823 silly ADD node_modules/@babel/traverse/node_modules/@babel/generator
6824 silly ADD node_modules/@babel/template
6825 silly ADD node_modules/@babel/parser
6826 silly ADD node_modules/@babel/helpers
6827 silly ADD node_modules/@babel/helper-module-transforms
6828 silly ADD node_modules/@babel/helper-compilation-targets
6829 silly ADD node_modules/@babel/helper-compilation-targets/node_modules/semver
6830 silly ADD node_modules/@babel/code-frame
6831 silly ADD node_modules/reflect-metadata
6832 silly ADD node_modules/convert-source-map
6833 silly ADD node_modules/chokidar
6834 silly ADD node_modules/@jridgewell/sourcemap-codec
6835 silly ADD node_modules/yargs
6836 silly ADD node_modules/yargs/node_modules/is-fullwidth-code-point
6837 silly ADD node_modules/yargs/node_modules/emoji-regex
6838 silly ADD node_modules/yargs/node_modules/string-width
6839 silly ADD node_modules/symbol-observable
6840 silly ADD node_modules/resolve
6841 silly ADD node_modules/pacote
6842 silly ADD node_modules/npm-pick-manifest
6843 silly ADD node_modules/npm-package-arg
6844 silly ADD node_modules/ini
6845 silly ADD node_modules/@yarnpkg/lockfile
6846 silly ADD node_modules/@schematics/angular
6847 silly ADD node_modules/@listr2/prompt-adapter-inquirer
6848 silly ADD node_modules/@inquirer/prompts
6849 silly ADD node_modules/@angular-devkit/schematics
6850 silly ADD node_modules/@angular-devkit/schematics/node_modules/rxjs
6851 silly ADD node_modules/rollup
6852 silly ADD node_modules/lmdb
6853 silly ADD node_modules/listr2
6854 silly ADD node_modules/listr2/node_modules/ansi-regex
6855 silly ADD node_modules/listr2/node_modules/strip-ansi
6856 silly ADD node_modules/listr2/node_modules/ansi-styles
6857 silly ADD node_modules/listr2/node_modules/wrap-ansi
6858 silly ADD node_modules/listr2/node_modules/eventemitter3
6859 silly ADD node_modules/vite
6860 silly ADD node_modules/vite/node_modules/@esbuild/win32-x64
6861 silly ADD
6862 silly ADD
6863 silly ADD
6864 silly ADD
6865 silly ADD
6866 silly ADD
6867 silly ADD
6868 silly ADD
6869 silly ADD
6870 silly ADD
6871 silly ADD
6872 silly ADD
6873 silly ADD
6874 silly ADD
6875 silly ADD
6876 silly ADD
6877 silly ADD
6878 silly ADD
6879 silly ADD
6880 silly ADD
6881 silly ADD
6882 silly ADD
6883 silly ADD node_modules/vite/node_modules/postcss
6884 silly ADD node_modules/vite/node_modules/esbuild
6885 silly ADD node_modules/@vitejs/plugin-basic-ssl
6886 silly ADD node_modules/@inquirer/confirm
6887 silly ADD node_modules/@babel/plugin-syntax-import-attributes
6888 silly ADD node_modules/source-map
6889 silly ADD node_modules/ajv-formats
6890 silly ADD node_modules/ajv
6891 silly ADD node_modules/@jridgewell/trace-mapping
6892 silly ADD node_modules/@jridgewell/gen-mapping
6893 silly ADD node_modules/webpack-subresource-integrity
6894 silly ADD node_modules/webpack-merge
6895 silly ADD node_modules/webpack-dev-middleware
6896 silly ADD node_modules/watchpack
6897 silly ADD node_modules/tree-kill
6898 silly ADD node_modules/terser
6899 silly ADD node_modules/source-map-support
6900 silly ADD node_modules/source-map-support/node_modules/source-map
6901 silly ADD node_modules/source-map-loader
6902 silly ADD node_modules/source-map-loader/node_modules/iconv-lite
6903 silly ADD node_modules/semver
6904 silly ADD node_modules/sass-loader
6905 silly ADD node_modules/sass
6906 silly ADD node_modules/sass/node_modules/picomatch
6907 silly ADD node_modules/sass/node_modules/readdirp
6908 silly ADD node_modules/sass/node_modules/glob-parent
6909 silly ADD node_modules/sass/node_modules/chokidar
6910 silly ADD node_modules/resolve-url-loader
6911 silly ADD node_modules/resolve-url-loader/node_modules/source-map
6912 silly ADD node_modules/resolve-url-loader/node_modules/loader-utils
6913 silly ADD node_modules/postcss-loader
6914 silly ADD node_modules/piscina
6915 silly ADD node_modules/picomatch
6916 silly ADD node_modules/parse5-html-rewriting-stream
6917 silly ADD node_modules/ora
6918 silly ADD node_modules/ora/node_modules/signal-exit
6919 silly ADD node_modules/ora/node_modules/onetime
6920 silly ADD node_modules/ora/node_modules/restore-cursor
6921 silly ADD node_modules/ora/node_modules/cli-cursor
6922 silly ADD node_modules/open
6923 silly ADD node_modules/mrmime
6924 silly ADD node_modules/mini-css-extract-plugin
6925 silly ADD node_modules/magic-string
6926 silly ADD node_modules/loader-utils
6927 silly ADD node_modules/license-webpack-plugin
6928 silly ADD node_modules/less-loader
6929 silly ADD node_modules/less
6930 silly ADD node_modules/less/node_modules/source-map
6931 silly ADD node_modules/karma-source-map-support
6932 silly ADD node_modules/jsonc-parser
6933 silly ADD node_modules/istanbul-lib-instrument
6934 silly ADD node_modules/https-proxy-agent
6935 silly ADD node_modules/http-proxy-middleware
6936 silly ADD node_modules/fast-glob
6937 silly ADD node_modules/fast-glob/node_modules/glob-parent
6938 silly ADD node_modules/esbuild-wasm
6939 silly ADD node_modules/esbuild
6940 silly ADD node_modules/css-loader
6941 silly ADD node_modules/critters
6942 silly ADD node_modules/copy-webpack-plugin
6943 silly ADD node_modules/browserslist
6944 silly ADD node_modules/babel-loader
6945 silly ADD node_modules/postcss
6946 silly ADD node_modules/autoprefixer
6947 silly ADD node_modules/ansi-colors
6948 silly ADD node_modules/@ngtools/webpack
6949 silly ADD node_modules/@discoveryjs/json-ext
6950 silly ADD node_modules/@babel/runtime
6951 silly ADD node_modules/@babel/preset-env
6952 silly ADD node_modules/@babel/preset-env/node_modules/semver
6953 silly ADD node_modules/@babel/preset-env/node_modules/@babel/plugin-syntax-import-attributes
6954 silly ADD node_modules/@babel/plugin-transform-runtime
6955 silly ADD node_modules/@babel/plugin-transform-runtime/node_modules/semver
6956 silly ADD node_modules/@babel/plugin-transform-async-to-generator
6957 silly ADD node_modules/@babel/plugin-transform-async-generator-functions
6958 silly ADD node_modules/@babel/helper-split-export-declaration
6959 silly ADD node_modules/@babel/helper-annotate-as-pure
6960 silly ADD node_modules/@babel/generator
6961 silly ADD node_modules/@babel/core
6962 silly ADD node_modules/@babel/core/node_modules/semver
6963 silly ADD node_modules/@babel/core/node_modules/convert-source-map
6964 silly ADD node_modules/@angular/build
6965 silly ADD node_modules/@angular/build/node_modules/convert-source-map
6966 silly ADD node_modules/@angular/build/node_modules/@babel/helper-annotate-as-pure
6967 silly ADD node_modules/@angular/build/node_modules/@babel/core
6968 silly ADD node_modules/@angular/build/node_modules/@babel/core/node_modules/semver
6969 silly ADD node_modules/@angular-devkit/core
6970 silly ADD node_modules/@angular-devkit/core/node_modules/rxjs
6971 silly ADD node_modules/webpack-dev-server
6972 silly ADD node_modules/webpack-dev-server/node_modules/picomatch
6973 silly ADD node_modules/webpack-dev-server/node_modules/readdirp
6974 silly ADD node_modules/webpack-dev-server/node_modules/glob-parent
6975 silly ADD node_modules/webpack-dev-server/node_modules/http-proxy-middleware
6976 silly ADD node_modules/webpack-dev-server/node_modules/chokidar
6977 silly ADD node_modules/webpack
6978 silly ADD node_modules/webpack/node_modules/json-schema-traverse
6979 silly ADD node_modules/webpack/node_modules/ajv-keywords
6980 silly ADD node_modules/webpack/node_modules/ajv
6981 silly ADD node_modules/webpack/node_modules/schema-utils
6982 silly ADD node_modules/webpack/node_modules/json-parse-even-better-errors
6983 silly ADD node_modules/@angular-devkit/build-webpack
6984 silly ADD node_modules/@angular-devkit/build-webpack/node_modules/rxjs
6985 silly ADD node_modules/@angular-devkit/architect
6986 silly ADD node_modules/@angular-devkit/architect/node_modules/rxjs
6987 silly ADD node_modules/@ampproject/remapping
6988 silly ADD node_modules/tslib
6989 silly ADD node_modules/sockjs-client
6990 silly ADD node_modules/sockjs-client/node_modules/debug
6991 silly ADD node_modules/@types/sockjs-client
6992 silly ADD node_modules/@types/node
6993 silly ADD node_modules/@stomp/stompjs
6994 silly ADD node_modules/@angular/router
6995 silly ADD node_modules/@angular/platform-browser-dynamic
6996 silly ADD node_modules/@angular/platform-browser
6997 silly ADD node_modules/@angular/forms
6998 silly ADD node_modules/@angular/common
6999 silly ADD node_modules/@angular/cli
7000 silly ADD node_modules/zone.js
7001 silly ADD node_modules/rxjs
7002 silly ADD node_modules/@angular/core
7003 silly ADD node_modules/@angular/animations
7004 silly ADD node_modules/@angular/compiler
7005 silly ADD node_modules/@angular/compiler-cli
7006 silly ADD node_modules/@angular/compiler-cli/node_modules/@babel/core
7007 silly ADD node_modules/@angular/compiler-cli/node_modules/@babel/core/node_modules/semver
7008 silly ADD node_modules/@angular/compiler-cli/node_modules/@babel/core/node_modules/convert-source-map
7009 silly ADD node_modules/typescript
7010 silly ADD node_modules/@angular-devkit/build-angular
7011 silly ADD node_modules/@angular-devkit/build-angular/node_modules/tslib
7012 silly ADD node_modules/@angular-devkit/build-angular/node_modules/rxjs
7013 verbose cwd C:\Users\mehak_an9t1b4\OneDrive\Desktop\NT\frontend
7014 verbose os Windows_NT 10.0.26200
7015 verbose node v22.17.0
7016 verbose npm  v10.9.0
7017 notice
7017 notice New major version of npm available! 10.9.0 -> 11.13.0
7017 notice Changelog: https://github.com/npm/cli/releases/tag/v11.13.0
7017 notice To update run: npm install -g npm@11.13.0
7017 notice  { force: true, [Symbol(proc-log.meta)]: true }
7018 verbose exit 0
7019 info ok
7020 error A complete log of this run can be found in: C:\Users\mehak_an9t1b4\OneDrive\Desktop\NT\frontend\.npm-cache\_logs\2026-04-23T07_16_49_578Z-debug-0.log
